RL.EST,AF,2023,None
RL.EST,AF,2022,-1.65844225883484
RL.EST,AF,2021,-1.87635684013367
RL.EST,AF,2020,-1.83137428760529
RL.EST,AF,2019,-1.74131882190704
RL.EST,AF,2018,-1.68858671188354
RL.EST,AF,2017,-1.58373689651489
RL.EST,AF,2016,-1.52071392536163
RL.EST,AF,2015,-1.51520264148712
RL.EST,AF,2014,-1.43704450130463
RL.EST,AF,2013,-1.60911154747009
RL.EST,AF,2012,-1.6518931388855
RL.EST,AF,2011,-1.9225001335144
RL.EST,AF,2010,-1.87005805969238
RL.EST,AF,2009,-1.87611877918243
RL.EST,AF,2008,-1.90330755710602
RL.EST,AF,2007,-1.85256004333496
RL.EST,AF,2006,-1.87900483608246
RL.EST,AF,2005,-1.66296553611755
RL.EST,AF,2004,-1.6939252614975
RL.EST,AF,2003,-1.5582937002182
RL.EST,AF,2002,-1.67347323894501
RL.EST,AF,2001,None
RL.EST,AF,2000,-1.78066074848175
RL.EST,AF,1999,None
RL.EST,AF,1998,-1.73488676548004
RL.EST,AF,1997,None
RL.EST,AF,1996,-1.78807544708252
RL.EST,AF,1995,None
RL.EST,AO,2023,None
RL.EST,AO,2022,-1.02190458774567
RL.EST,AO,2021,-0.984480023384094
RL.EST,AO,2020,-0.95099937915802
RL.EST,AO,2019,-1.02519094944
RL.EST,AO,2018,-1.00093221664429
RL.EST,AO,2017,-1.03973150253296
RL.EST,AO,2016,-1.00386559963226
RL.EST,AO,2015,-1.030846118927
RL.EST,AO,2014,-1.07478952407837
RL.EST,AO,2013,-1.29079580307007
RL.EST,AO,2012,-1.30477690696716
RL.EST,AO,2011,-1.27705323696136
RL.EST,AO,2010,-1.27295327186584
RL.EST,AO,2009,-1.23628926277161
RL.EST,AO,2008,-1.37856388092041
RL.EST,AO,2007,-1.3751335144043
RL.EST,AO,2006,-1.31127274036407
RL.EST,AO,2005,-1.46479499340057
RL.EST,AO,2004,-1.52091634273529
RL.EST,AO,2003,-1.48285591602325
RL.EST,AO,2002,-1.63334381580353
RL.EST,AO,2001,None
RL.EST,AO,2000,-1.60150170326233
RL.EST,AO,1999,None
RL.EST,AO,1998,-1.52733862400055
RL.EST,AO,1997,None
RL.EST,AO,1996,-1.63046932220459
RL.EST,AO,1995,None
RL.EST,BI,2023,None
RL.EST,BI,2022,-1.27713978290558
RL.EST,BI,2021,-1.31259334087372
RL.EST,BI,2020,-1.33961689472198
RL.EST,BI,2019,-1.45360052585602
RL.EST,BI,2018,-1.5139068365097
RL.EST,BI,2017,-1.41499578952789
RL.EST,BI,2016,-1.48484182357788
RL.EST,BI,2015,-1.18596768379211
RL.EST,BI,2014,-0.970426797866821
RL.EST,BI,2013,-1.07643830776215
RL.EST,BI,2012,-1.08392977714539
RL.EST,BI,2011,-1.15380430221558
RL.EST,BI,2010,-1.20540106296539
RL.EST,BI,2009,-1.15993535518646
RL.EST,BI,2008,-1.03810000419617
RL.EST,BI,2007,-1.0786669254303
RL.EST,BI,2006,-0.983238279819489
RL.EST,BI,2005,-1.12846672534943
RL.EST,BI,2004,-1.47995054721832
RL.EST,BI,2003,-1.48403012752533
RL.EST,BI,2002,-1.39800202846527
RL.EST,BI,2001,None
RL.EST,BI,2000,-1.56851708889008
RL.EST,BI,1999,None
RL.EST,BI,1998,-1.37878561019897
RL.EST,BI,1997,None
RL.EST,BI,1996,-1.41612029075623
RL.EST,BI,1995,None
RL.EST,BJ,2023,None
RL.EST,BJ,2022,-0.602389514446259
RL.EST,BJ,2021,-0.629469573497772
RL.EST,BJ,2020,-0.764496326446533
RL.EST,BJ,2019,-0.677024126052856
RL.EST,BJ,2018,-0.691577911376953
RL.EST,BJ,2017,-0.644662261009216
RL.EST,BJ,2016,-0.625831365585327
RL.EST,BJ,2015,-0.554906368255615
RL.EST,BJ,2014,-0.485179126262665
RL.EST,BJ,2013,-0.567833364009857
RL.EST,BJ,2012,-0.574936270713806
RL.EST,BJ,2011,-0.658945083618164
RL.EST,BJ,2010,-0.673685908317566
RL.EST,BJ,2009,-0.65431421995163
RL.EST,BJ,2008,-0.530703067779541
RL.EST,BJ,2007,-0.51314514875412
RL.EST,BJ,2006,-0.53156977891922
RL.EST,BJ,2005,-0.534019768238068
RL.EST,BJ,2004,-0.47660157084465
RL.EST,BJ,2003,-0.425706028938293
RL.EST,BJ,2002,-0.260578572750092
RL.EST,BJ,2001,None
RL.EST,BJ,2000,-0.181523725390434
RL.EST,BJ,1999,None
RL.EST,BJ,1998,0.0505506321787834
RL.EST,BJ,1997,None
RL.EST,BJ,1996,0.0523155070841312
RL.EST,BJ,1995,None
RL.EST,BF,2023,None
RL.EST,BF,2022,-0.607678949832916
RL.EST,BF,2021,-0.464600652456284
RL.EST,BF,2020,-0.468150287866592
RL.EST,BF,2019,-0.465154021978378
RL.EST,BF,2018,-0.458880722522736
RL.EST,BF,2017,-0.414195448160172
RL.EST,BF,2016,-0.454765856266022
RL.EST,BF,2015,-0.541016101837158
RL.EST,BF,2014,-0.545646905899048
RL.EST,BF,2013,-0.52661395072937
RL.EST,BF,2012,-0.425855100154877
RL.EST,BF,2011,-0.350398898124695
RL.EST,BF,2010,-0.194905057549477
RL.EST,BF,2009,-0.20417246222496
RL.EST,BF,2008,-0.344681531190872
RL.EST,BF,2007,-0.395825952291489
RL.EST,BF,2006,-0.433823466300964
RL.EST,BF,2005,-0.500521123409271
RL.EST,BF,2004,-0.535743415355682
RL.EST,BF,2003,-0.624177575111389
RL.EST,BF,2002,-0.799848556518555
RL.EST,BF,2001,None
RL.EST,BF,2000,-0.732384085655212
RL.EST,BF,1999,None
RL.EST,BF,1998,-0.912859261035919
RL.EST,BF,1997,None
RL.EST,BF,1996,-0.933221638202667
RL.EST,BF,1995,None
RL.EST,BD,2023,None
RL.EST,BD,2022,-0.601339340209961
RL.EST,BD,2021,-0.625113248825073
RL.EST,BD,2020,-0.567928969860077
RL.EST,BD,2019,-0.644387662410736
RL.EST,BD,2018,-0.649730861186981
RL.EST,BD,2017,-0.681922018527985
RL.EST,BD,2016,-0.670857012271881
RL.EST,BD,2015,-0.77043616771698
RL.EST,BD,2014,-0.782509088516235
RL.EST,BD,2013,-0.87175977230072
RL.EST,BD,2012,-0.936167359352112
RL.EST,BD,2011,-0.733335554599762
RL.EST,BD,2010,-0.801013290882111
RL.EST,BD,2009,-0.784571468830109
RL.EST,BD,2008,-0.752373576164246
RL.EST,BD,2007,-0.827155947685242
RL.EST,BD,2006,-0.907564043998718
RL.EST,BD,2005,-0.978551864624023
RL.EST,BD,2004,-1.12248206138611
RL.EST,BD,2003,-1.15194392204285
RL.EST,BD,2002,-0.991601228713989
RL.EST,BD,2001,None
RL.EST,BD,2000,-0.991129994392395
RL.EST,BD,1999,None
RL.EST,BD,1998,-0.935864508152008
RL.EST,BD,1997,None
RL.EST,BD,1996,-0.93402373790741
RL.EST,BD,1995,None
RL.EST,BO,2023,None
RL.EST,BO,2022,-1.30090224742889
RL.EST,BO,2021,-1.17688238620758
RL.EST,BO,2020,-1.2192155122757
RL.EST,BO,2019,-1.18922472000122
RL.EST,BO,2018,-1.21184551715851
RL.EST,BO,2017,-1.2447555065155
RL.EST,BO,2016,-1.23817598819733
RL.EST,BO,2015,-1.16192066669464
RL.EST,BO,2014,-1.05817568302155
RL.EST,BO,2013,-1.05081140995026
RL.EST,BO,2012,-1.01876401901245
RL.EST,BO,2011,-0.984035789966583
RL.EST,BO,2010,-1.02979016304016
RL.EST,BO,2009,-1.11391890048981
RL.EST,BO,2008,-0.978549301624298
RL.EST,BO,2007,-0.832326352596283
RL.EST,BO,2006,-0.85372930765152
RL.EST,BO,2005,-0.765424847602844
RL.EST,BO,2004,-0.626744568347931
RL.EST,BO,2003,-0.46946907043457
RL.EST,BO,2002,-0.378112554550171
RL.EST,BO,2001,None
RL.EST,BO,2000,-0.368222206830978
RL.EST,BO,1999,None
RL.EST,BO,1998,-0.227260559797287
RL.EST,BO,1997,None
RL.EST,BO,1996,-0.261528313159943
RL.EST,BO,1995,None
RL.EST,BT,2023,None
RL.EST,BT,2022,0.672034561634064
RL.EST,BT,2021,0.604691028594971
RL.EST,BT,2020,0.579251527786255
RL.EST,BT,2019,0.584862649440765
RL.EST,BT,2018,0.548555254936218
RL.EST,BT,2017,0.630079209804535
RL.EST,BT,2016,0.509927451610565
RL.EST,BT,2015,0.534968972206116
RL.EST,BT,2014,0.417663902044296
RL.EST,BT,2013,0.317648261785507
RL.EST,BT,2012,0.260953724384308
RL.EST,BT,2011,0.205665543675423
RL.EST,BT,2010,0.161859259009361
RL.EST,BT,2009,0.219097927212715
RL.EST,BT,2008,0.421698182821274
RL.EST,BT,2007,0.367832779884338
RL.EST,BT,2006,0.212459489703178
RL.EST,BT,2005,0.332806766033173
RL.EST,BT,2004,0.223591417074203
RL.EST,BT,2003,0.136125683784485
RL.EST,BT,2002,0.0694017261266708
RL.EST,BT,2001,None
RL.EST,BT,2000,0.130426153540611
RL.EST,BT,1999,None
RL.EST,BT,1998,0.0383083745837212
RL.EST,BT,1997,None
RL.EST,BT,1996,-0.0315036252140999
RL.EST,BT,1995,None
RL.EST,CF,2023,None
RL.EST,CF,2022,-1.70115745067596
RL.EST,CF,2021,-1.68893265724182
RL.EST,CF,2020,-1.75173819065094
RL.EST,CF,2019,-1.76445817947388
RL.EST,CF,2018,-1.71663010120392
RL.EST,CF,2017,-1.76183152198792
RL.EST,CF,2016,-1.85057771205902
RL.EST,CF,2015,-1.71096646785736
RL.EST,CF,2014,-1.70606768131256
RL.EST,CF,2013,-1.80894291400909
RL.EST,CF,2012,-1.43880379199982
RL.EST,CF,2011,-1.30544543266296
RL.EST,CF,2010,-1.31199896335602
RL.EST,CF,2009,-1.32386815547943
RL.EST,CF,2008,-1.43187046051025
RL.EST,CF,2007,-1.57391834259033
RL.EST,CF,2006,-1.54490375518799
RL.EST,CF,2005,-1.45132994651794
RL.EST,CF,2004,-1.56201231479645
RL.EST,CF,2003,-1.4330381155014
RL.EST,CF,2002,-0.955280721187592
RL.EST,CF,2001,None
RL.EST,CF,2000,-1.37595665454865
RL.EST,CF,1999,None
RL.EST,CF,1998,-1.1665472984314
RL.EST,CF,1997,None
RL.EST,CF,1996,-1.15238130092621
RL.EST,CF,1995,None
RL.EST,CI,2023,None
RL.EST,CI,2022,-0.479640156030655
RL.EST,CI,2021,-0.661812484264374
RL.EST,CI,2020,-0.655076622962952
RL.EST,CI,2019,-0.610560476779938
RL.EST,CI,2018,-0.602161288261414
RL.EST,CI,2017,-0.650523126125336
RL.EST,CI,2016,-0.662258982658386
RL.EST,CI,2015,-0.651138126850128
RL.EST,CI,2014,-0.592921733856201
RL.EST,CI,2013,-0.914480268955231
RL.EST,CI,2012,-1.09417271614075
RL.EST,CI,2011,-1.2826817035675
RL.EST,CI,2010,-1.23600256443024
RL.EST,CI,2009,-1.25304388999939
RL.EST,CI,2008,-1.43818151950836
RL.EST,CI,2007,-1.47171807289124
RL.EST,CI,2006,-1.46290397644043
RL.EST,CI,2005,-1.53936767578125
RL.EST,CI,2004,-1.42453122138977
RL.EST,CI,2003,-1.3585205078125
RL.EST,CI,2002,-1.32922720909119
RL.EST,CI,2001,None
RL.EST,CI,2000,-1.24766981601715
RL.EST,CI,1999,None
RL.EST,CI,1998,-0.922914206981659
RL.EST,CI,1997,None
RL.EST,CI,1996,-0.785435140132904
RL.EST,CI,1995,None
RL.EST,CM,2023,None
RL.EST,CM,2022,-1.04537618160248
RL.EST,CM,2021,-1.11760187149048
RL.EST,CM,2020,-1.16896617412567
RL.EST,CM,2019,-1.14352250099182
RL.EST,CM,2018,-1.10289537906647
RL.EST,CM,2017,-1.05267119407654
RL.EST,CM,2016,-1.0586097240448
RL.EST,CM,2015,-0.99801105260849
RL.EST,CM,2014,-0.897591710090637
RL.EST,CM,2013,-1.05803561210632
RL.EST,CM,2012,-1.04293036460876
RL.EST,CM,2011,-1.08089852333069
RL.EST,CM,2010,-1.0792441368103
RL.EST,CM,2009,-1.13095426559448
RL.EST,CM,2008,-1.10583662986755
RL.EST,CM,2007,-1.18581652641296
RL.EST,CM,2006,-1.16298460960388
RL.EST,CM,2005,-1.19044029712677
RL.EST,CM,2004,-1.17322254180908
RL.EST,CM,2003,-1.16329956054688
RL.EST,CM,2002,-1.26537561416626
RL.EST,CM,2001,None
RL.EST,CM,2000,-1.19274723529816
RL.EST,CM,1999,None
RL.EST,CM,1998,-1.13863706588745
RL.EST,CM,1997,None
RL.EST,CM,1996,-1.44189488887787
RL.EST,CM,1995,None
RL.EST,CD,2023,None
RL.EST,CD,2022,-1.67243385314941
RL.EST,CD,2021,-1.72392868995667
RL.EST,CD,2020,-1.82221555709839
RL.EST,CD,2019,-1.81420874595642
RL.EST,CD,2018,-1.80321037769318
RL.EST,CD,2017,-1.71502315998077
RL.EST,CD,2016,-1.64749825000763
RL.EST,CD,2015,-1.60007810592651
RL.EST,CD,2014,-1.4627605676651
RL.EST,CD,2013,-1.58483183383942
RL.EST,CD,2012,-1.66291427612305
RL.EST,CD,2011,-1.62553715705872
RL.EST,CD,2010,-1.62714993953705
RL.EST,CD,2009,-1.64403963088989
RL.EST,CD,2008,-1.57367646694183
RL.EST,CD,2007,-1.6147369146347
RL.EST,CD,2006,-1.62169671058655
RL.EST,CD,2005,-1.54452848434448
RL.EST,CD,2004,-1.7184351682663
RL.EST,CD,2003,-1.85025274753571
RL.EST,CD,2002,-1.76772034168243
RL.EST,CD,2001,None
RL.EST,CD,2000,-1.82056438922882
RL.EST,CD,1999,None
RL.EST,CD,1998,-1.91839897632599
RL.EST,CD,1997,None
RL.EST,CD,1996,-1.87656342983246
RL.EST,CD,1995,None
RL.EST,CG,2023,None
RL.EST,CG,2022,-1.08952295780182
RL.EST,CG,2021,-1.09848213195801
RL.EST,CG,2020,-1.12040197849274
RL.EST,CG,2019,-1.11040508747101
RL.EST,CG,2018,-1.13426172733307
RL.EST,CG,2017,-1.16136419773102
RL.EST,CG,2016,-1.14962911605835
RL.EST,CG,2015,-1.13644921779633
RL.EST,CG,2014,-1.1192764043808
RL.EST,CG,2013,-1.12112390995026
RL.EST,CG,2012,-1.14205086231232
RL.EST,CG,2011,-1.20752120018005
RL.EST,CG,2010,-1.21804785728455
RL.EST,CG,2009,-1.22013962268829
RL.EST,CG,2008,-1.19344258308411
RL.EST,CG,2007,-1.22322463989258
RL.EST,CG,2006,-1.26634573936462
RL.EST,CG,2005,-1.47120356559753
RL.EST,CG,2004,-1.19025015830994
RL.EST,CG,2003,-1.26797068119049
RL.EST,CG,2002,-1.29098534584045
RL.EST,CG,2001,None
RL.EST,CG,2000,-1.34849834442139
RL.EST,CG,1999,None
RL.EST,CG,1998,-1.6188086271286
RL.EST,CG,1997,None
RL.EST,CG,1996,-1.04381000995636
RL.EST,CG,1995,None
RL.EST,KM,2023,None
RL.EST,KM,2022,-1.31371796131134
RL.EST,KM,2021,-1.25677871704102
RL.EST,KM,2020,-1.27588224411011
RL.EST,KM,2019,-1.15697526931763
RL.EST,KM,2018,-1.14288461208344
RL.EST,KM,2017,-1.10746312141418
RL.EST,KM,2016,-1.0473313331604
RL.EST,KM,2015,-0.852633535861969
RL.EST,KM,2014,-0.898310542106628
RL.EST,KM,2013,-0.95495730638504
RL.EST,KM,2012,-1.07892954349518
RL.EST,KM,2011,-1.04647481441498
RL.EST,KM,2010,-1.07623052597046
RL.EST,KM,2009,-1.15797221660614
RL.EST,KM,2008,-1.06991398334503
RL.EST,KM,2007,-1.0396374464035
RL.EST,KM,2006,-0.9770747423172
RL.EST,KM,2005,-1.0441906452179
RL.EST,KM,2004,-1.01692187786102
RL.EST,KM,2003,-0.751481771469116
RL.EST,KM,2002,-0.744692981243134
RL.EST,KM,2001,None
RL.EST,KM,2000,-1.16842758655548
RL.EST,KM,1999,None
RL.EST,KM,1998,-0.881385922431946
RL.EST,KM,1997,None
RL.EST,KM,1996,-0.878604292869568
RL.EST,KM,1995,None
RL.EST,CV,2023,None
RL.EST,CV,2022,0.365232169628143
RL.EST,CV,2021,0.331181913614273
RL.EST,CV,2020,0.433581084012985
RL.EST,CV,2019,0.452138632535934
RL.EST,CV,2018,0.393016159534454
RL.EST,CV,2017,0.356126040220261
RL.EST,CV,2016,0.285072565078735
RL.EST,CV,2015,0.568533480167389
RL.EST,CV,2014,0.662211179733276
RL.EST,CV,2013,0.551252126693726
RL.EST,CV,2012,0.514070093631744
RL.EST,CV,2011,0.506770431995392
RL.EST,CV,2010,0.463277846574783
RL.EST,CV,2009,0.532929718494415
RL.EST,CV,2008,0.571345150470734
RL.EST,CV,2007,0.610765516757965
RL.EST,CV,2006,0.640256404876709
RL.EST,CV,2005,0.374146014451981
RL.EST,CV,2004,0.341849148273468
RL.EST,CV,2003,0.256376087665558
RL.EST,CV,2002,0.267433613538742
RL.EST,CV,2001,None
RL.EST,CV,2000,0.638421952724457
RL.EST,CV,1999,None
RL.EST,CV,1998,0.672074854373932
RL.EST,CV,1997,None
RL.EST,CV,1996,1.04418814182281
RL.EST,CV,1995,None
RL.EST,DJ,2023,None
RL.EST,DJ,2022,-1.10204446315765
RL.EST,DJ,2021,-1.02881515026093
RL.EST,DJ,2020,-1.04289186000824
RL.EST,DJ,2019,-0.946248352527618
RL.EST,DJ,2018,-0.950232684612274
RL.EST,DJ,2017,-0.934071719646454
RL.EST,DJ,2016,-1.00065386295319
RL.EST,DJ,2015,-0.944647133350372
RL.EST,DJ,2014,-0.87566202878952
RL.EST,DJ,2013,-0.774326741695404
RL.EST,DJ,2012,-0.803623497486115
RL.EST,DJ,2011,-0.821726500988007
RL.EST,DJ,2010,-0.75210177898407
RL.EST,DJ,2009,-0.697536051273346
RL.EST,DJ,2008,-0.656676888465881
RL.EST,DJ,2007,-0.771052896976471
RL.EST,DJ,2006,-0.886092662811279
RL.EST,DJ,2005,-0.95474761724472
RL.EST,DJ,2004,-0.772796213626862
RL.EST,DJ,2003,-0.879082381725311
RL.EST,DJ,2002,-0.939510047435761
RL.EST,DJ,2001,None
RL.EST,DJ,2000,-0.882966220378876
RL.EST,DJ,1999,None
RL.EST,DJ,1998,-0.909501016139984
RL.EST,DJ,1997,None
RL.EST,DJ,1996,-0.971613764762878
RL.EST,DJ,1995,None
RL.EST,EG,2023,None
RL.EST,EG,2022,-0.263772666454315
RL.EST,EG,2021,-0.259292423725128
RL.EST,EG,2020,-0.319997310638428
RL.EST,EG,2019,-0.333438783884048
RL.EST,EG,2018,-0.30214911699295
RL.EST,EG,2017,-0.449750900268555
RL.EST,EG,2016,-0.478956431150436
RL.EST,EG,2015,-0.602962195873261
RL.EST,EG,2014,-0.698362648487091
RL.EST,EG,2013,-0.735893428325653
RL.EST,EG,2012,-0.536399841308594
RL.EST,EG,2011,-0.483893096446991
RL.EST,EG,2010,-0.174863860011101
RL.EST,EG,2009,-0.0833449959754944
RL.EST,EG,2008,-0.129783600568771
RL.EST,EG,2007,-0.246213480830193
RL.EST,EG,2006,-0.278967440128326
RL.EST,EG,2005,-0.00122323480900377
RL.EST,EG,2004,0.0133178951218724
RL.EST,EG,2003,-0.00235446891747415
RL.EST,EG,2002,-0.0114680724218488
RL.EST,EG,2001,None
RL.EST,EG,2000,-0.0515826977789402
RL.EST,EG,1999,None
RL.EST,EG,1998,-0.126968279480934
RL.EST,EG,1997,None
RL.EST,EG,1996,0.00126244104467332
RL.EST,EG,1995,None
RL.EST,ER,2023,None
RL.EST,ER,2022,-1.7713862657547
RL.EST,ER,2021,-1.58194589614868
RL.EST,ER,2020,-1.49210953712463
RL.EST,ER,2019,-1.63171458244324
RL.EST,ER,2018,-1.62014710903168
RL.EST,ER,2017,-1.59884250164032
RL.EST,ER,2016,-1.6624892950058
RL.EST,ER,2015,-1.52557373046875
RL.EST,ER,2014,-1.56700253486633
RL.EST,ER,2013,-1.4312607049942
RL.EST,ER,2012,-1.42542839050293
RL.EST,ER,2011,-1.36176204681396
RL.EST,ER,2010,-1.35303711891174
RL.EST,ER,2009,-1.31468594074249
RL.EST,ER,2008,-1.30845546722412
RL.EST,ER,2007,-1.27526688575745
RL.EST,ER,2006,-1.18005156517029
RL.EST,ER,2005,-0.975512564182281
RL.EST,ER,2004,-0.933583378791809
RL.EST,ER,2003,-0.817993104457855
RL.EST,ER,2002,-0.73466682434082
RL.EST,ER,2001,None
RL.EST,ER,2000,-0.795131266117096
RL.EST,ER,1999,None
RL.EST,ER,1998,-0.63481616973877
RL.EST,ER,1997,None
RL.EST,ER,1996,-0.655131697654724
RL.EST,ER,1995,None
RL.EST,ET,2023,None
RL.EST,ET,2022,-0.623456954956055
RL.EST,ET,2021,-0.62435907125473
RL.EST,ET,2020,-0.405230104923248
RL.EST,ET,2019,-0.48414608836174
RL.EST,ET,2018,-0.445004612207413
RL.EST,ET,2017,-0.471185684204102
RL.EST,ET,2016,-0.508126080036163
RL.EST,ET,2015,-0.527424871921539
RL.EST,ET,2014,-0.468450874090195
RL.EST,ET,2013,-0.649538218975067
RL.EST,ET,2012,-0.67731785774231
RL.EST,ET,2011,-0.741804361343384
RL.EST,ET,2010,-0.807519137859344
RL.EST,ET,2009,-0.832281887531281
RL.EST,ET,2008,-0.706700682640076
RL.EST,ET,2007,-0.659463107585907
RL.EST,ET,2006,-0.667515754699707
RL.EST,ET,2005,-0.938896775245667
RL.EST,ET,2004,-0.893445909023285
RL.EST,ET,2003,-0.834280729293823
RL.EST,ET,2002,-0.959304392337799
RL.EST,ET,2001,None
RL.EST,ET,2000,-0.983719408512115
RL.EST,ET,1999,None
RL.EST,ET,1998,-0.908676981925964
RL.EST,ET,1997,None
RL.EST,ET,1996,-0.965788543224335
RL.EST,ET,1995,None
RL.EST,FM,2023,None
RL.EST,FM,2022,0.686108767986298
RL.EST,FM,2021,0.519451081752777
RL.EST,FM,2020,0.188530936837196
RL.EST,FM,2019,0.0816363021731377
RL.EST,FM,2018,0.0350411422550678
RL.EST,FM,2017,0.0554009824991226
RL.EST,FM,2016,-0.00406748708337545
RL.EST,FM,2015,-0.283465951681137
RL.EST,FM,2014,-0.244236752390862
RL.EST,FM,2013,0.12053008377552
RL.EST,FM,2012,0.0326781161129475
RL.EST,FM,2011,-0.04986921697855
RL.EST,FM,2010,0.142505496740341
RL.EST,FM,2009,0.328725516796112
RL.EST,FM,2008,0.506980240345001
RL.EST,FM,2007,1.15891671180725
RL.EST,FM,2006,1.18363726139069
RL.EST,FM,2005,1.13356924057007
RL.EST,FM,2004,1.01255440711975
RL.EST,FM,2003,0.833284139633179
RL.EST,FM,2002,0.83394581079483
RL.EST,FM,2001,None
RL.EST,FM,2000,0.839712262153625
RL.EST,FM,1999,None
RL.EST,FM,1998,0.876508176326752
RL.EST,FM,1997,None
RL.EST,FM,1996,0.809140563011169
RL.EST,FM,1995,None
RL.EST,GH,2023,None
RL.EST,GH,2022,-0.0763198062777519
RL.EST,GH,2021,-0.106361292302608
RL.EST,GH,2020,-0.0796142518520355
RL.EST,GH,2019,0.0154986614361405
RL.EST,GH,2018,0.05157820135355
RL.EST,GH,2017,0.108088381588459
RL.EST,GH,2016,0.034714687615633
RL.EST,GH,2015,0.123623751103878
RL.EST,GH,2014,0.0636722594499588
RL.EST,GH,2013,0.154275760054588
RL.EST,GH,2012,0.0166694633662701
RL.EST,GH,2011,-0.00314407632686198
RL.EST,GH,2010,-0.0332933515310287
RL.EST,GH,2009,-0.0423569194972515
RL.EST,GH,2008,-0.0623820126056671
RL.EST,GH,2007,0.0392334312200546
RL.EST,GH,2006,0.0564966350793839
RL.EST,GH,2005,-0.134525462985039
RL.EST,GH,2004,-0.126287415623665
RL.EST,GH,2003,0.00786068569868803
RL.EST,GH,2002,0.0232138149440289
RL.EST,GH,2001,None
RL.EST,GH,2000,0.0787327066063881
RL.EST,GH,1999,None
RL.EST,GH,1998,-0.439805567264557
RL.EST,GH,1997,None
RL.EST,GH,1996,-0.233578249812126
RL.EST,GH,1995,None
RL.EST,GN,2023,None
RL.EST,GN,2022,-1.10235893726349
RL.EST,GN,2021,-1.16071748733521
RL.EST,GN,2020,-1.30276215076447
RL.EST,GN,2019,-1.23839044570923
RL.EST,GN,2018,-1.23089265823364
RL.EST,GN,2017,-1.25483393669128
RL.EST,GN,2016,-1.24308574199677
RL.EST,GN,2015,-1.18703675270081
RL.EST,GN,2014,-1.36753964424133
RL.EST,GN,2013,-1.38307952880859
RL.EST,GN,2012,-1.39905977249146
RL.EST,GN,2011,-1.44817268848419
RL.EST,GN,2010,-1.48563277721405
RL.EST,GN,2009,-1.55229949951172
RL.EST,GN,2008,-1.54027628898621
RL.EST,GN,2007,-1.45206928253174
RL.EST,GN,2006,-1.42099547386169
RL.EST,GN,2005,-1.42345333099365
RL.EST,GN,2004,-1.30232226848602
RL.EST,GN,2003,-1.15406620502472
RL.EST,GN,2002,-1.0802047252655
RL.EST,GN,2001,None
RL.EST,GN,2000,-1.38917946815491
RL.EST,GN,1999,None
RL.EST,GN,1998,-1.39176893234253
RL.EST,GN,1997,None
RL.EST,GN,1996,-1.44708013534546
RL.EST,GN,1995,None
RL.EST,GM,2023,None
RL.EST,GM,2022,-0.449605196714401
RL.EST,GM,2021,-0.406059205532074
RL.EST,GM,2020,-0.394651919603348
RL.EST,GM,2019,-0.407074153423309
RL.EST,GM,2018,-0.455911904573441
RL.EST,GM,2017,-0.455021232366562
RL.EST,GM,2016,-0.798895180225372
RL.EST,GM,2015,-0.745699286460876
RL.EST,GM,2014,-0.696619987487793
RL.EST,GM,2013,-0.649486780166626
RL.EST,GM,2012,-0.599867880344391
RL.EST,GM,2011,-0.558868944644928
RL.EST,GM,2010,-0.570687115192413
RL.EST,GM,2009,-0.519139885902405
RL.EST,GM,2008,-0.425357460975647
RL.EST,GM,2007,-0.330507665872574
RL.EST,GM,2006,-0.371125340461731
RL.EST,GM,2005,-0.456847786903381
RL.EST,GM,2004,-0.389444947242737
RL.EST,GM,2003,0.163011163473129
RL.EST,GM,2002,-0.180294081568718
RL.EST,GM,2001,None
RL.EST,GM,2000,-0.145569503307343
RL.EST,GM,1999,None
RL.EST,GM,1998,-0.00262043625116348
RL.EST,GM,1997,None
RL.EST,GM,1996,0.0169812999665737
RL.EST,GM,1995,None
RL.EST,GW,2023,None
RL.EST,GW,2022,-1.45421802997589
RL.EST,GW,2021,-1.46193087100983
RL.EST,GW,2020,-1.39957392215729
RL.EST,GW,2019,-1.30305433273315
RL.EST,GW,2018,-1.26575613021851
RL.EST,GW,2017,-1.47186529636383
RL.EST,GW,2016,-1.53704512119293
RL.EST,GW,2015,-1.31209647655487
RL.EST,GW,2014,-1.33850431442261
RL.EST,GW,2013,-1.61172413825989
RL.EST,GW,2012,-1.54239308834076
RL.EST,GW,2011,-1.32349252700806
RL.EST,GW,2010,-1.33695018291473
RL.EST,GW,2009,-1.34702742099762
RL.EST,GW,2008,-1.40603303909302
RL.EST,GW,2007,-1.32537257671356
RL.EST,GW,2006,-1.25610196590424
RL.EST,GW,2005,-1.25956666469574
RL.EST,GW,2004,-1.19844830036163
RL.EST,GW,2003,-1.22637474536896
RL.EST,GW,2002,-1.10760140419006
RL.EST,GW,2001,None
RL.EST,GW,2000,-1.31946122646332
RL.EST,GW,1999,None
RL.EST,GW,1998,-1.88013207912445
RL.EST,GW,1997,None
RL.EST,GW,1996,-1.67290616035461
RL.EST,GW,1995,None
RL.EST,HN,2023,None
RL.EST,HN,2022,-1.01709938049316
RL.EST,HN,2021,-1.08720982074738
RL.EST,HN,2020,-1.01011025905609
RL.EST,HN,2019,-1.04142189025879
RL.EST,HN,2018,-1.05718719959259
RL.EST,HN,2017,-1.06272661685944
RL.EST,HN,2016,-1.13657522201538
RL.EST,HN,2015,-0.94206964969635
RL.EST,HN,2014,-0.942938148975372
RL.EST,HN,2013,-1.17282497882843
RL.EST,HN,2012,-1.1464250087738
RL.EST,HN,2011,-0.905360877513886
RL.EST,HN,2010,-0.875314056873322
RL.EST,HN,2009,-0.895501971244812
RL.EST,HN,2008,-0.971363067626953
RL.EST,HN,2007,-0.928942918777466
RL.EST,HN,2006,-0.98868316411972
RL.EST,HN,2005,-0.771100759506226
RL.EST,HN,2004,-0.850290715694427
RL.EST,HN,2003,-0.936451733112335
RL.EST,HN,2002,-0.879591941833496
RL.EST,HN,2001,None
RL.EST,HN,2000,-0.998041212558746
RL.EST,HN,1999,None
RL.EST,HN,1998,-0.885578393936157
RL.EST,HN,1997,None
RL.EST,HN,1996,-0.9293492436409
RL.EST,HN,1995,None
RL.EST,HT,2023,None
RL.EST,HT,2022,-1.37736070156097
RL.EST,HT,2021,-1.2622035741806
RL.EST,HT,2020,-1.03267776966095
RL.EST,HT,2019,-0.975454747676849
RL.EST,HT,2018,-1.06164228916168
RL.EST,HT,2017,-1.09687674045563
RL.EST,HT,2016,-1.01366877555847
RL.EST,HT,2015,-1.19614708423615
RL.EST,HT,2014,-1.18039405345917
RL.EST,HT,2013,-1.30045402050018
RL.EST,HT,2012,-1.33210027217865
RL.EST,HT,2011,-1.418013215065
RL.EST,HT,2010,-1.38317584991455
RL.EST,HT,2009,-1.33430373668671
RL.EST,HT,2008,-1.285773396492
RL.EST,HT,2007,-1.34994995594025
RL.EST,HT,2006,-1.41297435760498
RL.EST,HT,2005,-1.66308867931366
RL.EST,HT,2004,-1.72932910919189
RL.EST,HT,2003,-1.73716354370117
RL.EST,HT,2002,-1.7139093875885
RL.EST,HT,2001,None
RL.EST,HT,2000,-1.45503640174866
RL.EST,HT,1999,None
RL.EST,HT,1998,-1.42518937587738
RL.EST,HT,1997,None
RL.EST,HT,1996,-1.3873907327652
RL.EST,HT,1995,None
RL.EST,IN,2023,None
RL.EST,IN,2022,0.11470004171133
RL.EST,IN,2021,-0.108277000486851
RL.EST,IN,2020,-0.057718563824892
RL.EST,IN,2019,-0.06662368029356
RL.EST,IN,2018,-0.000957082957029343
RL.EST,IN,2017,-0.0294485334306955
RL.EST,IN,2016,-0.0554894171655178
RL.EST,IN,2015,-0.0699370950460434
RL.EST,IN,2014,-0.0686448365449905
RL.EST,IN,2013,-0.0456913113594055
RL.EST,IN,2012,-0.0628807470202446
RL.EST,IN,2011,-0.0862971395254135
RL.EST,IN,2010,-0.0358108207583427
RL.EST,IN,2009,0.0179808251559734
RL.EST,IN,2008,0.0958504602313042
RL.EST,IN,2007,0.0968981608748436
RL.EST,IN,2006,0.178989619016647
RL.EST,IN,2005,0.13313016295433
RL.EST,IN,2004,0.0533560588955879
RL.EST,IN,2003,0.120161645114422
RL.EST,IN,2002,-0.0173958707600832
RL.EST,IN,2001,None
RL.EST,IN,2000,0.348079591989517
RL.EST,IN,1999,None
RL.EST,IN,1998,0.335014313459396
RL.EST,IN,1997,None
RL.EST,IN,1996,0.313456207513809
RL.EST,IN,1995,None
RL.EST,JO,2023,None
RL.EST,JO,2022,0.217172458767891
RL.EST,JO,2021,0.182648703455925
RL.EST,JO,2020,0.188733160495758
RL.EST,JO,2019,0.132585108280182
RL.EST,JO,2018,0.231556087732315
RL.EST,JO,2017,0.236002966761589
RL.EST,JO,2016,0.246177837252617
RL.EST,JO,2015,0.41520169377327
RL.EST,JO,2014,0.467406094074249
RL.EST,JO,2013,0.375538468360901
RL.EST,JO,2012,0.350899755954742
RL.EST,JO,2011,0.20058399438858
RL.EST,JO,2010,0.146154016256332
RL.EST,JO,2009,0.216567948460579
RL.EST,JO,2008,0.397879958152771
RL.EST,JO,2007,0.36315992474556
RL.EST,JO,2006,0.303705811500549
RL.EST,JO,2005,0.299183219671249
RL.EST,JO,2004,0.297468900680542
RL.EST,JO,2003,0.324614763259888
RL.EST,JO,2002,0.0616088919341564
RL.EST,JO,2001,None
RL.EST,JO,2000,0.358365744352341
RL.EST,JO,1999,None
RL.EST,JO,1998,0.300132542848587
RL.EST,JO,1997,None
RL.EST,JO,1996,0.276932895183563
RL.EST,JO,1995,None
RL.EST,KE,2023,None
RL.EST,KE,2022,-0.321951180696487
RL.EST,KE,2021,-0.421999156475067
RL.EST,KE,2020,-0.577875256538391
RL.EST,KE,2019,-0.464465975761414
RL.EST,KE,2018,-0.427653700113297
RL.EST,KE,2017,-0.430152922868729
RL.EST,KE,2016,-0.455839782953262
RL.EST,KE,2015,-0.506872713565826
RL.EST,KE,2014,-0.411822497844696
RL.EST,KE,2013,-0.714889407157898
RL.EST,KE,2012,-0.831432938575745
RL.EST,KE,2011,-0.912996649742126
RL.EST,KE,2010,-0.953961968421936
RL.EST,KE,2009,-1.02264547348022
RL.EST,KE,2008,-0.999996304512024
RL.EST,KE,2007,-0.971304595470428
RL.EST,KE,2006,-0.882364630699158
RL.EST,KE,2005,-0.880881011486053
RL.EST,KE,2004,-0.864229917526245
RL.EST,KE,2003,-0.923378527164459
RL.EST,KE,2002,-0.966853559017181
RL.EST,KE,2001,None
RL.EST,KE,2000,-0.921858787536621
RL.EST,KE,1999,None
RL.EST,KE,1998,-1.0281069278717
RL.EST,KE,1997,None
RL.EST,KE,1996,-1.02158069610596
RL.EST,KE,1995,None
RL.EST,KG,2023,None
RL.EST,KG,2022,-1.14780843257904
RL.EST,KG,2021,-1.09884703159332
RL.EST,KG,2020,-0.959660351276398
RL.EST,KG,2019,-0.913639008998871
RL.EST,KG,2018,-0.928147077560425
RL.EST,KG,2017,-0.947567045688629
RL.EST,KG,2016,-1.04268062114716
RL.EST,KG,2015,-1.01296901702881
RL.EST,KG,2014,-0.935829699039459
RL.EST,KG,2013,-1.11489605903625
RL.EST,KG,2012,-1.1348477602005
RL.EST,KG,2011,-1.19611263275146
RL.EST,KG,2010,-1.26945745944977
RL.EST,KG,2009,-1.32975375652313
RL.EST,KG,2008,-1.38291394710541
RL.EST,KG,2007,-1.32194709777832
RL.EST,KG,2006,-1.31729280948639
RL.EST,KG,2005,-1.1232408285141
RL.EST,KG,2004,-0.793166995048523
RL.EST,KG,2003,-0.760160028934479
RL.EST,KG,2002,-0.853914260864258
RL.EST,KG,2001,None
RL.EST,KG,2000,-0.906720697879791
RL.EST,KG,1999,None
RL.EST,KG,1998,-0.79578822851181
RL.EST,KG,1997,None
RL.EST,KG,1996,-0.725473284721375
RL.EST,KG,1995,None
RL.EST,KH,2023,None
RL.EST,KH,2022,-0.866584658622742
RL.EST,KH,2021,-0.919126272201538
RL.EST,KH,2020,-0.963570415973663
RL.EST,KH,2019,-0.9548699259758
RL.EST,KH,2018,-1.13457536697388
RL.EST,KH,2017,-1.07539474964142
RL.EST,KH,2016,-1.08097875118256
RL.EST,KH,2015,-0.996449172496796
RL.EST,KH,2014,-0.954109787940979
RL.EST,KH,2013,-1.00744593143463
RL.EST,KH,2012,-0.981346189975739
RL.EST,KH,2011,-1.05048811435699
RL.EST,KH,2010,-1.12309193611145
RL.EST,KH,2009,-1.12396168708801
RL.EST,KH,2008,-1.1556795835495
RL.EST,KH,2007,-1.14518678188324
RL.EST,KH,2006,-1.23822462558746
RL.EST,KH,2005,-1.24178218841553
RL.EST,KH,2004,-1.21447193622589
RL.EST,KH,2003,-1.15510833263397
RL.EST,KH,2002,-1.16286170482635
RL.EST,KH,2001,None
RL.EST,KH,2000,-1.08395493030548
RL.EST,KH,1999,None
RL.EST,KH,1998,-1.17863512039185
RL.EST,KH,1997,None
RL.EST,KH,1996,-1.19436883926392
RL.EST,KH,1995,None
RL.EST,KI,2023,None
RL.EST,KI,2022,0.622418999671936
RL.EST,KI,2021,0.88403844833374
RL.EST,KI,2020,1.00946378707886
RL.EST,KI,2019,0.817287027835846
RL.EST,KI,2018,0.576801478862762
RL.EST,KI,2017,0.600542306900024
RL.EST,KI,2016,0.298903852701187
RL.EST,KI,2015,-0.154481679201126
RL.EST,KI,2014,-0.10500081628561
RL.EST,KI,2013,0.229458466172218
RL.EST,KI,2012,0.182903423905373
RL.EST,KI,2011,0.121154494583607
RL.EST,KI,2010,0.0618624016642571
RL.EST,KI,2009,0.142270758748055
RL.EST,KI,2008,0.399890422821045
RL.EST,KI,2007,0.810023128986359
RL.EST,KI,2006,0.885014533996582
RL.EST,KI,2005,0.750548362731934
RL.EST,KI,2004,0.604025423526764
RL.EST,KI,2003,0.833284139633179
RL.EST,KI,2002,0.83394581079483
RL.EST,KI,2001,None
RL.EST,KI,2000,0.839712262153625
RL.EST,KI,1999,None
RL.EST,KI,1998,0.876508176326752
RL.EST,KI,1997,None
RL.EST,KI,1996,0.809140563011169
RL.EST,KI,1995,None
RL.EST,LA,2023,None
RL.EST,LA,2022,-0.805023312568665
RL.EST,LA,2021,-0.663793444633484
RL.EST,LA,2020,-0.880950748920441
RL.EST,LA,2019,-0.968699157238007
RL.EST,LA,2018,-0.863172948360443
RL.EST,LA,2017,-0.904718279838562
RL.EST,LA,2016,-0.811310946941376
RL.EST,LA,2015,-0.819004893302917
RL.EST,LA,2014,-0.756003856658936
RL.EST,LA,2013,-0.803554475307465
RL.EST,LA,2012,-0.856835246086121
RL.EST,LA,2011,-1.00235879421234
RL.EST,LA,2010,-0.974354088306427
RL.EST,LA,2009,-1.04979801177979
RL.EST,LA,2008,-0.874180316925049
RL.EST,LA,2007,-0.956503331661224
RL.EST,LA,2006,-1.01482832431793
RL.EST,LA,2005,-1.1734801530838
RL.EST,LA,2004,-1.25965797901154
RL.EST,LA,2003,-1.38021075725555
RL.EST,LA,2002,-1.25275146961212
RL.EST,LA,2001,None
RL.EST,LA,2000,-1.0572007894516
RL.EST,LA,1999,None
RL.EST,LA,1998,-0.992841362953186
RL.EST,LA,1997,None
RL.EST,LA,1996,-1.0479496717453
RL.EST,LA,1995,None
RL.EST,LB,2023,None
RL.EST,LB,2022,-1.10264194011688
RL.EST,LB,2021,-1.09135901927948
RL.EST,LB,2020,-0.905710816383362
RL.EST,LB,2019,-0.852389216423035
RL.EST,LB,2018,-0.782223165035248
RL.EST,LB,2017,-0.808564722537994
RL.EST,LB,2016,-0.809735655784607
RL.EST,LB,2015,-0.806876540184021
RL.EST,LB,2014,-0.720965027809143
RL.EST,LB,2013,-0.73164564371109
RL.EST,LB,2012,-0.70023500919342
RL.EST,LB,2011,-0.634227335453033
RL.EST,LB,2010,-0.644749224185944
RL.EST,LB,2009,-0.614996731281281
RL.EST,LB,2008,-0.606169164180756
RL.EST,LB,2007,-0.656928777694702
RL.EST,LB,2006,-0.601163983345032
RL.EST,LB,2005,-0.232234254479408
RL.EST,LB,2004,-0.201959788799286
RL.EST,LB,2003,-0.346831738948822
RL.EST,LB,2002,-0.278718441724777
RL.EST,LB,2001,None
RL.EST,LB,2000,-0.165970459580421
RL.EST,LB,1999,None
RL.EST,LB,1998,-0.413895130157471
RL.EST,LB,1997,None
RL.EST,LB,1996,-0.282953977584839
RL.EST,LB,1995,None
RL.EST,LR,2023,None
RL.EST,LR,2022,-0.91524463891983
RL.EST,LR,2021,-0.942568838596344
RL.EST,LR,2020,-1.03541815280914
RL.EST,LR,2019,-1.00529754161835
RL.EST,LR,2018,-1.00145649909973
RL.EST,LR,2017,-0.970614910125732
RL.EST,LR,2016,-0.96655684709549
RL.EST,LR,2015,-0.876527190208435
RL.EST,LR,2014,-0.803596198558807
RL.EST,LR,2013,-0.881992995738983
RL.EST,LR,2012,-0.888212502002716
RL.EST,LR,2011,-0.93740850687027
RL.EST,LR,2010,-0.973339378833771
RL.EST,LR,2009,-1.0251601934433
RL.EST,LR,2008,-1.10597169399261
RL.EST,LR,2007,-0.906182289123535
RL.EST,LR,2006,-0.88390976190567
RL.EST,LR,2005,-1.31993782520294
RL.EST,LR,2004,-1.56316363811493
RL.EST,LR,2003,-1.53364610671997
RL.EST,LR,2002,-1.63125288486481
RL.EST,LR,2001,None
RL.EST,LR,2000,-1.88086950778961
RL.EST,LR,1999,None
RL.EST,LR,1998,-1.80205094814301
RL.EST,LR,1997,None
RL.EST,LR,1996,-1.92797827720642
RL.EST,LR,1995,None
RL.EST,LK,2023,None
RL.EST,LK,2022,-0.0569253154098988
RL.EST,LK,2021,0.0178692117333412
RL.EST,LK,2020,-0.00758194550871849
RL.EST,LK,2019,0.0395575873553753
RL.EST,LK,2018,-0.000408620457164943
RL.EST,LK,2017,0.0267022158950567
RL.EST,LK,2016,0.107241459190845
RL.EST,LK,2015,0.0317260250449181
RL.EST,LK,2014,-0.149271368980408
RL.EST,LK,2013,-0.265588670969009
RL.EST,LK,2012,-0.114084355533123
RL.EST,LK,2011,-0.117064774036407
RL.EST,LK,2010,-0.118414133787155
RL.EST,LK,2009,-0.101635470986366
RL.EST,LK,2008,-0.000771665305364877
RL.EST,LK,2007,0.131876915693283
RL.EST,LK,2006,0.177752673625946
RL.EST,LK,2005,0.158469423651695
RL.EST,LK,2004,0.21113657951355
RL.EST,LK,2003,0.244941875338554
RL.EST,LK,2002,0.338851630687714
RL.EST,LK,2001,None
RL.EST,LK,2000,0.159529581665993
RL.EST,LK,1999,None
RL.EST,LK,1998,0.0642771571874619
RL.EST,LK,1997,None
RL.EST,LK,1996,0.161260232329369
RL.EST,LK,1995,None
RL.EST,LS,2023,None
RL.EST,LS,2022,-0.487372189760208
RL.EST,LS,2021,-0.429848790168762
RL.EST,LS,2020,-0.48708176612854
RL.EST,LS,2019,-0.424627780914307
RL.EST,LS,2018,-0.366134911775589
RL.EST,LS,2017,-0.29960623383522
RL.EST,LS,2016,-0.186165526509285
RL.EST,LS,2015,-0.194529786705971
RL.EST,LS,2014,-0.209582656621933
RL.EST,LS,2013,-0.20331783592701
RL.EST,LS,2012,-0.269323468208313
RL.EST,LS,2011,-0.270240843296051
RL.EST,LS,2010,-0.290129393339157
RL.EST,LS,2009,-0.221786111593246
RL.EST,LS,2008,-0.246367320418358
RL.EST,LS,2007,-0.312398791313171
RL.EST,LS,2006,-0.236582726240158
RL.EST,LS,2005,-0.189165323972702
RL.EST,LS,2004,-0.125887230038643
RL.EST,LS,2003,0.0846633911132813
RL.EST,LS,2002,0.0824185758829117
RL.EST,LS,2001,None
RL.EST,LS,2000,0.0981105268001556
RL.EST,LS,1999,None
RL.EST,LS,1998,0.167446434497833
RL.EST,LS,1997,None
RL.EST,LS,1996,0.0983566418290138
RL.EST,LS,1995,None
RL.EST,MA,2023,None
RL.EST,MA,2022,-0.197303429245949
RL.EST,MA,2021,-0.24555903673172
RL.EST,MA,2020,-0.188088923692703
RL.EST,MA,2019,-0.236701235175133
RL.EST,MA,2018,-0.248697802424431
RL.EST,MA,2017,-0.278771549463272
RL.EST,MA,2016,-0.273145228624344
RL.EST,MA,2015,-0.181169167160988
RL.EST,MA,2014,-0.130764111876488
RL.EST,MA,2013,-0.344564139842987
RL.EST,MA,2012,-0.292328745126724
RL.EST,MA,2011,-0.275484472513199
RL.EST,MA,2010,-0.21353417634964
RL.EST,MA,2009,-0.262815058231354
RL.EST,MA,2008,-0.385672748088837
RL.EST,MA,2007,-0.329650670289993
RL.EST,MA,2006,-0.318183392286301
RL.EST,MA,2005,-0.269636899232864
RL.EST,MA,2004,-0.0490320511162281
RL.EST,MA,2003,-0.112911000847816
RL.EST,MA,2002,-0.0490107983350754
RL.EST,MA,2001,None
RL.EST,MA,2000,0.098202221095562
RL.EST,MA,1999,None
RL.EST,MA,1998,0.129340261220932
RL.EST,MA,1997,None
RL.EST,MA,1996,0.221231311559677
RL.EST,MA,1995,None
RL.EST,MG,2023,None
RL.EST,MG,2022,-0.942355334758759
RL.EST,MG,2021,-0.885180354118347
RL.EST,MG,2020,-0.879376113414764
RL.EST,MG,2019,-1.01327264308929
RL.EST,MG,2018,-0.836624085903168
RL.EST,MG,2017,-0.878510773181915
RL.EST,MG,2016,-0.83280223608017
RL.EST,MG,2015,-0.704786956310272
RL.EST,MG,2014,-0.736539125442505
RL.EST,MG,2013,-0.920528054237366
RL.EST,MG,2012,-0.927833795547485
RL.EST,MG,2011,-0.894967436790466
RL.EST,MG,2010,-0.878425717353821
RL.EST,MG,2009,-0.73262745141983
RL.EST,MG,2008,-0.455655753612518
RL.EST,MG,2007,-0.38940167427063
RL.EST,MG,2006,-0.448409080505371
RL.EST,MG,2005,-0.352792233228683
RL.EST,MG,2004,-0.274371653795242
RL.EST,MG,2003,-0.246573522686958
RL.EST,MG,2002,-0.209681615233421
RL.EST,MG,2001,None
RL.EST,MG,2000,-0.193513154983521
RL.EST,MG,1999,None
RL.EST,MG,1998,-0.37104406952858
RL.EST,MG,1997,None
RL.EST,MG,1996,-0.403521746397018
RL.EST,MG,1995,None
RL.EST,ML,2023,None
RL.EST,ML,2022,-0.999322295188904
RL.EST,ML,2021,-0.919275939464569
RL.EST,ML,2020,-0.950111389160156
RL.EST,ML,2019,-0.864916384220123
RL.EST,ML,2018,-0.815356373786926
RL.EST,ML,2017,-0.793805599212646
RL.EST,ML,2016,-0.79881340265274
RL.EST,ML,2015,-0.751449584960938
RL.EST,ML,2014,-0.635085225105286
RL.EST,ML,2013,-0.747100412845612
RL.EST,ML,2012,-0.664888739585876
RL.EST,ML,2011,-0.500218212604523
RL.EST,ML,2010,-0.447257936000824
RL.EST,ML,2009,-0.36310139298439
RL.EST,ML,2008,-0.319483637809753
RL.EST,ML,2007,-0.182401552796364
RL.EST,ML,2006,-0.28743439912796
RL.EST,ML,2005,-0.140042945742607
RL.EST,ML,2004,-0.194137424230576
RL.EST,ML,2003,0.0300825759768486
RL.EST,ML,2002,-0.264004319906235
RL.EST,ML,2001,None
RL.EST,ML,2000,-0.241970613598824
RL.EST,ML,1999,None
RL.EST,ML,1998,-0.227835923433304
RL.EST,ML,1997,None
RL.EST,ML,1996,-0.29691082239151
RL.EST,ML,1995,None
RL.EST,MM,2023,None
RL.EST,MM,2022,-1.52855384349823
RL.EST,MM,2021,-1.46798777580261
RL.EST,MM,2020,-1.1947249174118
RL.EST,MM,2019,-1.07851421833038
RL.EST,MM,2018,-1.04310393333435
RL.EST,MM,2017,-0.95970630645752
RL.EST,MM,2016,-0.900859355926514
RL.EST,MM,2015,-1.2588711977005
RL.EST,MM,2014,-1.19420993328094
RL.EST,MM,2013,-1.24345028400421
RL.EST,MM,2012,-1.35677540302277
RL.EST,MM,2011,-1.43966603279114
RL.EST,MM,2010,-1.5512946844101
RL.EST,MM,2009,-1.53503668308258
RL.EST,MM,2008,-1.54207372665405
RL.EST,MM,2007,-1.54923272132874
RL.EST,MM,2006,-1.53548514842987
RL.EST,MM,2005,-1.73587083816528
RL.EST,MM,2004,-1.7362893819809
RL.EST,MM,2003,-1.7036999464035
RL.EST,MM,2002,-1.71623635292053
RL.EST,MM,2001,None
RL.EST,MM,2000,-1.42889153957367
RL.EST,MM,1999,None
RL.EST,MM,1998,-1.53433048725128
RL.EST,MM,1997,None
RL.EST,MM,1996,-1.58061397075653
RL.EST,MM,1995,None
RL.EST,MZ,2023,None
RL.EST,MZ,2022,-1.02147579193115
RL.EST,MZ,2021,-1.04104149341583
RL.EST,MZ,2020,-1.0616340637207
RL.EST,MZ,2019,-1.05603158473969
RL.EST,MZ,2018,-1.06734263896942
RL.EST,MZ,2017,-1.00833284854889
RL.EST,MZ,2016,-1.07471215724945
RL.EST,MZ,2015,-0.868800401687622
RL.EST,MZ,2014,-0.80894935131073
RL.EST,MZ,2013,-0.819912970066071
RL.EST,MZ,2012,-0.598753094673157
RL.EST,MZ,2011,-0.579845726490021
RL.EST,MZ,2010,-0.487646609544754
RL.EST,MZ,2009,-0.600408315658569
RL.EST,MZ,2008,-0.616658091545105
RL.EST,MZ,2007,-0.609173476696014
RL.EST,MZ,2006,-0.619978487491608
RL.EST,MZ,2005,-0.633744418621063
RL.EST,MZ,2004,-0.680054008960724
RL.EST,MZ,2003,-0.701580405235291
RL.EST,MZ,2002,-0.732186138629913
RL.EST,MZ,2001,None
RL.EST,MZ,2000,-0.802073955535889
RL.EST,MZ,1999,None
RL.EST,MZ,1998,-0.832234144210815
RL.EST,MZ,1997,None
RL.EST,MZ,1996,-0.805689930915833
RL.EST,MZ,1995,None
RL.EST,MR,2023,None
RL.EST,MR,2022,-0.658643126487732
RL.EST,MR,2021,-0.686039745807648
RL.EST,MR,2020,-0.605059206485748
RL.EST,MR,2019,-0.608239710330963
RL.EST,MR,2018,-0.707490384578705
RL.EST,MR,2017,-0.619425773620605
RL.EST,MR,2016,-0.745787799358368
RL.EST,MR,2015,-0.891843855381012
RL.EST,MR,2014,-0.873080670833588
RL.EST,MR,2013,-1.00883817672729
RL.EST,MR,2012,-0.939481437206268
RL.EST,MR,2011,-0.929718732833862
RL.EST,MR,2010,-0.897638857364655
RL.EST,MR,2009,-0.814965605735779
RL.EST,MR,2008,-1.16015195846558
RL.EST,MR,2007,-0.702090203762054
RL.EST,MR,2006,-0.790643990039825
RL.EST,MR,2005,-0.725180208683014
RL.EST,MR,2004,-0.757936656475067
RL.EST,MR,2003,-0.616726696491241
RL.EST,MR,2002,-0.486519575119019
RL.EST,MR,2001,None
RL.EST,MR,2000,-0.405623823404312
RL.EST,MR,1999,None
RL.EST,MR,1998,-0.457131624221802
RL.EST,MR,1997,None
RL.EST,MR,1996,-0.503623306751251
RL.EST,MR,1995,None
RL.EST,MW,2023,None
RL.EST,MW,2022,-0.218995496630669
RL.EST,MW,2021,-0.249046683311462
RL.EST,MW,2020,-0.278625726699829
RL.EST,MW,2019,-0.343976616859436
RL.EST,MW,2018,-0.405376076698303
RL.EST,MW,2017,-0.394216030836105
RL.EST,MW,2016,-0.39462348818779
RL.EST,MW,2015,-0.329065322875977
RL.EST,MW,2014,-0.288721323013306
RL.EST,MW,2013,-0.16249717772007
RL.EST,MW,2012,-0.240807324647903
RL.EST,MW,2011,-0.165708616375923
RL.EST,MW,2010,-0.137619033455849
RL.EST,MW,2009,-0.117453590035439
RL.EST,MW,2008,-0.117958433926105
RL.EST,MW,2007,-0.166308999061584
RL.EST,MW,2006,-0.222235888242722
RL.EST,MW,2005,-0.123802177608013
RL.EST,MW,2004,-0.130423247814178
RL.EST,MW,2003,-0.180311486124992
RL.EST,MW,2002,-0.390916764736176
RL.EST,MW,2001,None
RL.EST,MW,2000,-0.527763843536377
RL.EST,MW,1999,None
RL.EST,MW,1998,-0.424727380275726
RL.EST,MW,1997,None
RL.EST,MW,1996,-0.376664608716965
RL.EST,MW,1995,None
RL.EST,NE,2023,None
RL.EST,NE,2022,-0.484884023666382
RL.EST,NE,2021,-0.428103357553482
RL.EST,NE,2020,-0.576169431209564
RL.EST,NE,2019,-0.558125436306
RL.EST,NE,2018,-0.605169057846069
RL.EST,NE,2017,-0.706250250339508
RL.EST,NE,2016,-0.685213208198547
RL.EST,NE,2015,-0.593085110187531
RL.EST,NE,2014,-0.650558888912201
RL.EST,NE,2013,-0.666100203990936
RL.EST,NE,2012,-0.663967430591583
RL.EST,NE,2011,-0.407697647809982
RL.EST,NE,2010,-0.499165296554565
RL.EST,NE,2009,-0.491859823465347
RL.EST,NE,2008,-0.680911064147949
RL.EST,NE,2007,-0.61301189661026
RL.EST,NE,2006,-0.601572275161743
RL.EST,NE,2005,-0.721390843391418
RL.EST,NE,2004,-0.649457633495331
RL.EST,NE,2003,-0.522455036640167
RL.EST,NE,2002,-0.646826028823853
RL.EST,NE,2001,None
RL.EST,NE,2000,-0.765444338321686
RL.EST,NE,1999,None
RL.EST,NE,1998,-0.683503091335297
RL.EST,NE,1997,None
RL.EST,NE,1996,-0.655014395713806
RL.EST,NE,1995,None
RL.EST,NG,2023,None
RL.EST,NG,2022,-0.913734316825867
RL.EST,NG,2021,-0.870013236999512
RL.EST,NG,2020,-0.842660069465637
RL.EST,NG,2019,-0.938902914524078
RL.EST,NG,2018,-0.917747616767883
RL.EST,NG,2017,-0.889033138751984
RL.EST,NG,2016,-1.03762006759644
RL.EST,NG,2015,-0.982365071773529
RL.EST,NG,2014,-1.05556893348694
RL.EST,NG,2013,-1.12007391452789
RL.EST,NG,2012,-1.13882875442505
RL.EST,NG,2011,-1.1788387298584
RL.EST,NG,2010,-1.1588362455368
RL.EST,NG,2009,-1.15610778331757
RL.EST,NG,2008,-1.03830480575562
RL.EST,NG,2007,-1.06105268001556
RL.EST,NG,2006,-1.07539594173431
RL.EST,NG,2005,-1.35421597957611
RL.EST,NG,2004,-1.4396630525589
RL.EST,NG,2003,-1.51251006126404
RL.EST,NG,2002,-1.4958997964859
RL.EST,NG,2001,None
RL.EST,NG,2000,-1.16092002391815
RL.EST,NG,1999,None
RL.EST,NG,1998,-1.18912124633789
RL.EST,NG,1997,None
RL.EST,NG,1996,-1.28972291946411
RL.EST,NG,1995,None
RL.EST,NI,2023,None
RL.EST,NI,2022,-1.30988025665283
RL.EST,NI,2021,-1.36525428295135
RL.EST,NI,2020,-1.19912230968475
RL.EST,NI,2019,-1.20152318477631
RL.EST,NI,2018,-1.07868373394012
RL.EST,NI,2017,-0.662410616874695
RL.EST,NI,2016,-0.657136380672455
RL.EST,NI,2015,-0.755197107791901
RL.EST,NI,2014,-0.714282214641571
RL.EST,NI,2013,-0.674381673336029
RL.EST,NI,2012,-0.733911514282227
RL.EST,NI,2011,-0.725575923919678
RL.EST,NI,2010,-0.837366938591003
RL.EST,NI,2009,-0.786913633346558
RL.EST,NI,2008,-0.808183550834656
RL.EST,NI,2007,-0.788387358188629
RL.EST,NI,2006,-0.752042233943939
RL.EST,NI,2005,-0.614661514759064
RL.EST,NI,2004,-0.788531184196472
RL.EST,NI,2003,-0.560249149799347
RL.EST,NI,2002,-0.677636325359344
RL.EST,NI,2001,None
RL.EST,NI,2000,-0.862790763378143
RL.EST,NI,1999,None
RL.EST,NI,1998,-0.605091035366058
RL.EST,NI,1997,None
RL.EST,NI,1996,-0.515926837921143
RL.EST,NI,1995,None
RL.EST,NP,2023,None
RL.EST,NP,2022,-0.448678463697433
RL.EST,NP,2021,-0.4888616502285
RL.EST,NP,2020,-0.512035429477692
RL.EST,NP,2019,-0.553631186485291
RL.EST,NP,2018,-0.491404861211777
RL.EST,NP,2017,-0.694215536117554
RL.EST,NP,2016,-0.810879766941071
RL.EST,NP,2015,-0.692901909351349
RL.EST,NP,2014,-0.649084508419037
RL.EST,NP,2013,-0.718928396701813
RL.EST,NP,2012,-0.737359285354614
RL.EST,NP,2011,-0.89161092042923
RL.EST,NP,2010,-0.959066808223724
RL.EST,NP,2009,-0.867817461490631
RL.EST,NP,2008,-0.669306337833405
RL.EST,NP,2007,-0.588803827762604
RL.EST,NP,2006,-0.621390879154205
RL.EST,NP,2005,-0.825216174125671
RL.EST,NP,2004,-0.753035843372345
RL.EST,NP,2003,-0.610630810260773
RL.EST,NP,2002,-0.517511367797852
RL.EST,NP,2001,None
RL.EST,NP,2000,-0.210961654782295
RL.EST,NP,1999,None
RL.EST,NP,1998,0.00922123808413744
RL.EST,NP,1997,None
RL.EST,NP,1996,-0.00617526052519679
RL.EST,NP,1995,None
RL.EST,PK,2023,None
RL.EST,PK,2022,-0.672492206096649
RL.EST,PK,2021,-0.658457338809967
RL.EST,PK,2020,-0.712482035160065
RL.EST,PK,2019,-0.688234627246857
RL.EST,PK,2018,-0.683727979660034
RL.EST,PK,2017,-0.733362674713135
RL.EST,PK,2016,-0.815582871437073
RL.EST,PK,2015,-0.776916742324829
RL.EST,PK,2014,-0.75093001127243
RL.EST,PK,2013,-0.855993092060089
RL.EST,PK,2012,-0.883420169353485
RL.EST,PK,2011,-0.9066281914711
RL.EST,PK,2010,-0.737805545330048
RL.EST,PK,2009,-0.838977217674255
RL.EST,PK,2008,-0.97261369228363
RL.EST,PK,2007,-0.887544631958008
RL.EST,PK,2006,-0.857247531414032
RL.EST,PK,2005,-0.890321433544159
RL.EST,PK,2004,-0.994449377059937
RL.EST,PK,2003,-0.920624613761902
RL.EST,PK,2002,-0.931637406349182
RL.EST,PK,2001,None
RL.EST,PK,2000,-1.00038921833038
RL.EST,PK,1999,None
RL.EST,PK,1998,-0.793338298797607
RL.EST,PK,1997,None
RL.EST,PK,1996,-0.625289618968964
RL.EST,PK,1995,None
RL.EST,PH,2023,None
RL.EST,PH,2022,-0.518337488174438
RL.EST,PH,2021,-0.666893661022186
RL.EST,PH,2020,-0.650772929191589
RL.EST,PH,2019,-0.573691070079803
RL.EST,PH,2018,-0.564711272716522
RL.EST,PH,2017,-0.499839574098587
RL.EST,PH,2016,-0.430538147687912
RL.EST,PH,2015,-0.417118787765503
RL.EST,PH,2014,-0.369280576705933
RL.EST,PH,2013,-0.468730181455612
RL.EST,PH,2012,-0.522410273551941
RL.EST,PH,2011,-0.506389260292053
RL.EST,PH,2010,-0.553793609142303
RL.EST,PH,2009,-0.574997305870056
RL.EST,PH,2008,-0.550221860408783
RL.EST,PH,2007,-0.46309170126915
RL.EST,PH,2006,-0.406893372535706
RL.EST,PH,2005,-0.333545029163361
RL.EST,PH,2004,-0.628952264785767
RL.EST,PH,2003,-0.550385236740112
RL.EST,PH,2002,-0.386543154716492
RL.EST,PH,2001,None
RL.EST,PH,2000,-0.38852921128273
RL.EST,PH,1999,None
RL.EST,PH,1998,0.0272596124559641
RL.EST,PH,1997,None
RL.EST,PH,1996,0.0745114460587502
RL.EST,PH,1995,None
RL.EST,PG,2023,None
RL.EST,PG,2022,-0.616135001182556
RL.EST,PG,2021,-0.751807808876038
RL.EST,PG,2020,-0.71127724647522
RL.EST,PG,2019,-0.800446093082428
RL.EST,PG,2018,-0.764962136745453
RL.EST,PG,2017,-0.820549845695496
RL.EST,PG,2016,-0.780686795711517
RL.EST,PG,2015,-0.869617104530334
RL.EST,PG,2014,-0.774425446987152
RL.EST,PG,2013,-0.942069947719574
RL.EST,PG,2012,-0.832595944404602
RL.EST,PG,2011,-0.810600578784943
RL.EST,PG,2010,-0.932511210441589
RL.EST,PG,2009,-0.912058353424072
RL.EST,PG,2008,-0.916235208511353
RL.EST,PG,2007,-0.861481845378876
RL.EST,PG,2006,-0.834696292877197
RL.EST,PG,2005,-1.01297163963318
RL.EST,PG,2004,-0.762719392776489
RL.EST,PG,2003,-0.945253908634186
RL.EST,PG,2002,-0.747169494628906
RL.EST,PG,2001,None
RL.EST,PG,2000,-0.758837521076202
RL.EST,PG,1999,None
RL.EST,PG,1998,-0.518381953239441
RL.EST,PG,1997,None
RL.EST,PG,1996,-0.616937637329102
RL.EST,PG,1995,None
RL.EST,KP,2023,None
RL.EST,KP,2022,-1.66108667850494
RL.EST,KP,2021,-1.6346629858017
RL.EST,KP,2020,-1.60865199565887
RL.EST,KP,2019,-1.66125178337097
RL.EST,KP,2018,-1.64309453964233
RL.EST,KP,2017,-1.72375965118408
RL.EST,KP,2016,-1.67480325698853
RL.EST,KP,2015,-1.65658473968506
RL.EST,KP,2014,-1.61946833133698
RL.EST,KP,2013,-1.38206601142883
RL.EST,KP,2012,-1.35402989387512
RL.EST,KP,2011,-1.38583624362946
RL.EST,KP,2010,-1.38278949260712
RL.EST,KP,2009,-1.34402370452881
RL.EST,KP,2008,-1.23535180091858
RL.EST,KP,2007,-1.26028740406036
RL.EST,KP,2006,-1.39341068267822
RL.EST,KP,2005,-1.14158737659454
RL.EST,KP,2004,-1.27538299560547
RL.EST,KP,2003,-1.16723418235779
RL.EST,KP,2002,-1.31521606445313
RL.EST,KP,2001,None
RL.EST,KP,2000,-1.06633913516998
RL.EST,KP,1999,None
RL.EST,KP,1998,-1.15319609642029
RL.EST,KP,1997,None
RL.EST,KP,1996,-1.15406012535095
RL.EST,KP,1995,None
RL.EST,PS,2023,None
RL.EST,PS,2022,-0.552935242652893
RL.EST,PS,2021,-0.511383533477783
RL.EST,PS,2020,-0.474753051996231
RL.EST,PS,2019,-0.504966557025909
RL.EST,PS,2018,-0.5036341547966
RL.EST,PS,2017,-0.43559205532074
RL.EST,PS,2016,-0.361717164516449
RL.EST,PS,2015,-0.526341378688812
RL.EST,PS,2014,-0.383387714624405
RL.EST,PS,2013,-0.400905102491379
RL.EST,PS,2012,-0.445701062679291
RL.EST,PS,2011,-0.43671789765358
RL.EST,PS,2010,-0.209301576018333
RL.EST,PS,2009,-0.31480073928833
RL.EST,PS,2008,-0.758877277374268
RL.EST,PS,2007,-0.625909268856049
RL.EST,PS,2006,-0.391614824533463
RL.EST,PS,2005,-0.343224316835403
RL.EST,PS,2004,-0.26943427324295
RL.EST,PS,2003,-0.107248865067959
RL.EST,PS,2002,-0.348653823137283
RL.EST,PS,2001,None
RL.EST,PS,2000,-0.0965756773948669
RL.EST,PS,1999,None
RL.EST,PS,1998,-0.0518919378519058
RL.EST,PS,1997,None
RL.EST,PS,1996,-0.0396595969796181
RL.EST,PS,1995,None
RL.EST,RW,2023,None
RL.EST,RW,2022,0.146466091275215
RL.EST,RW,2021,0.171731099486351
RL.EST,RW,2020,0.0777673870325089
RL.EST,RW,2019,0.0632066130638123
RL.EST,RW,2018,0.109598584473133
RL.EST,RW,2017,0.116847567260265
RL.EST,RW,2016,0.0969751626253128
RL.EST,RW,2015,0.0388019680976868
RL.EST,RW,2014,0.0702374652028084
RL.EST,RW,2013,-0.146716296672821
RL.EST,RW,2012,-0.250502079725266
RL.EST,RW,2011,-0.304123908281326
RL.EST,RW,2010,-0.33083176612854
RL.EST,RW,2009,-0.504221856594086
RL.EST,RW,2008,-0.472401887178421
RL.EST,RW,2007,-0.579642593860626
RL.EST,RW,2006,-0.675532937049866
RL.EST,RW,2005,-0.862899541854858
RL.EST,RW,2004,-0.851733505725861
RL.EST,RW,2003,-0.95822137594223
RL.EST,RW,2002,-1.07129120826721
RL.EST,RW,2001,None
RL.EST,RW,2000,-1.37081837654114
RL.EST,RW,1999,None
RL.EST,RW,1998,-1.46095776557922
RL.EST,RW,1997,None
RL.EST,RW,1996,-1.50215232372284
RL.EST,RW,1995,None
RL.EST,SD,2023,None
RL.EST,SD,2022,-1.26452505588531
RL.EST,SD,2021,-1.21970641613007
RL.EST,SD,2020,-1.08891248703003
RL.EST,SD,2019,-1.17616295814514
RL.EST,SD,2018,-1.13887703418732
RL.EST,SD,2017,-1.12548971176147
RL.EST,SD,2016,-1.28213763237
RL.EST,SD,2015,-1.2331770658493
RL.EST,SD,2014,-1.16957986354828
RL.EST,SD,2013,-1.28314566612244
RL.EST,SD,2012,-1.243647813797
RL.EST,SD,2011,-1.30141592025757
RL.EST,SD,2010,-1.33723092079163
RL.EST,SD,2009,-1.27007055282593
RL.EST,SD,2008,-1.44502377510071
RL.EST,SD,2007,-1.42486453056335
RL.EST,SD,2006,-1.37605774402618
RL.EST,SD,2005,-1.64995002746582
RL.EST,SD,2004,-1.53163993358612
RL.EST,SD,2003,-1.55695199966431
RL.EST,SD,2002,-1.32037007808685
RL.EST,SD,2001,None
RL.EST,SD,2000,-1.63161826133728
RL.EST,SD,1999,None
RL.EST,SD,1998,-1.67008805274963
RL.EST,SD,1997,None
RL.EST,SD,1996,-1.70883572101593
RL.EST,SD,1995,None
RL.EST,SN,2023,None
RL.EST,SN,2022,-0.26250022649765
RL.EST,SN,2021,-0.401197373867035
RL.EST,SN,2020,-0.319043964147568
RL.EST,SN,2019,-0.215916842222214
RL.EST,SN,2018,-0.223899483680725
RL.EST,SN,2017,-0.169250667095184
RL.EST,SN,2016,-0.122207462787628
RL.EST,SN,2015,-0.158801630139351
RL.EST,SN,2014,-0.07551059871912
RL.EST,SN,2013,-0.236131489276886
RL.EST,SN,2012,-0.28196707367897
RL.EST,SN,2011,-0.456045746803284
RL.EST,SN,2010,-0.397503405809402
RL.EST,SN,2009,-0.367224395275116
RL.EST,SN,2008,-0.280423700809479
RL.EST,SN,2007,-0.239804193377495
RL.EST,SN,2006,-0.221306219696999
RL.EST,SN,2005,0.00981641840189695
RL.EST,SN,2004,0.0201852153986692
RL.EST,SN,2003,-0.0520304851233959
RL.EST,SN,2002,0.089251734316349
RL.EST,SN,2001,None
RL.EST,SN,2000,0.0799881815910339
RL.EST,SN,1999,None
RL.EST,SN,1998,0.0688348412513733
RL.EST,SN,1997,None
RL.EST,SN,1996,-0.181543231010437
RL.EST,SN,1995,None
RL.EST,SB,2023,None
RL.EST,SB,2022,-0.241932362318039
RL.EST,SB,2021,-0.364999383687973
RL.EST,SB,2020,-0.0377568453550339
RL.EST,SB,2019,-0.109286606311798
RL.EST,SB,2018,-0.201933979988098
RL.EST,SB,2017,-0.190316244959831
RL.EST,SB,2016,-0.301017880439758
RL.EST,SB,2015,-0.489762008190155
RL.EST,SB,2014,-0.490208208560944
RL.EST,SB,2013,-0.512893557548523
RL.EST,SB,2012,-0.528098583221436
RL.EST,SB,2011,-0.518693208694458
RL.EST,SB,2010,-0.64786422252655
RL.EST,SB,2009,-0.675235211849213
RL.EST,SB,2008,-0.633352220058441
RL.EST,SB,2007,-0.781534910202026
RL.EST,SB,2006,-0.60367089509964
RL.EST,SB,2005,-0.814222395420074
RL.EST,SB,2004,-0.789211392402649
RL.EST,SB,2003,0.210127502679825
RL.EST,SB,2002,0.140795692801476
RL.EST,SB,2001,None
RL.EST,SB,2000,0.571376621723175
RL.EST,SB,1999,None
RL.EST,SB,1998,0.73138689994812
RL.EST,SB,1997,None
RL.EST,SB,1996,0.739518105983734
RL.EST,SB,1995,None
RL.EST,SL,2023,None
RL.EST,SL,2022,-0.828648924827576
RL.EST,SL,2021,-0.839913308620453
RL.EST,SL,2020,-0.793761193752289
RL.EST,SL,2019,-0.804334580898285
RL.EST,SL,2018,-0.796907842159271
RL.EST,SL,2017,-0.80730813741684
RL.EST,SL,2016,-0.8023841381073
RL.EST,SL,2015,-0.880601048469543
RL.EST,SL,2014,-0.935593962669373
RL.EST,SL,2013,-0.867795407772064
RL.EST,SL,2012,-0.867620050907135
RL.EST,SL,2011,-0.862535297870636
RL.EST,SL,2010,-0.947139799594879
RL.EST,SL,2009,-0.914634764194489
RL.EST,SL,2008,-0.944533824920654
RL.EST,SL,2007,-0.994199395179749
RL.EST,SL,2006,-0.992507755756378
RL.EST,SL,2005,-1.15101563930511
RL.EST,SL,2004,-1.15032112598419
RL.EST,SL,2003,-1.19470548629761
RL.EST,SL,2002,-1.34433853626251
RL.EST,SL,2001,None
RL.EST,SL,2000,-1.28874289989471
RL.EST,SL,1999,None
RL.EST,SL,1998,-1.31434643268585
RL.EST,SL,1997,None
RL.EST,SL,1996,-1.38199138641357
RL.EST,SL,1995,None
RL.EST,SO,2023,None
RL.EST,SO,2022,-2.28685545921326
RL.EST,SO,2021,-2.28185629844666
RL.EST,SO,2020,-2.31353354454041
RL.EST,SO,2019,-2.38080906867981
RL.EST,SO,2018,-2.29871559143066
RL.EST,SO,2017,-2.26308059692383
RL.EST,SO,2016,-2.31646156311035
RL.EST,SO,2015,-2.31554555892944
RL.EST,SO,2014,-2.35551500320435
RL.EST,SO,2013,-2.40616345405579
RL.EST,SO,2012,-2.41820406913757
RL.EST,SO,2011,-2.3382785320282
RL.EST,SO,2010,-2.40626358985901
RL.EST,SO,2009,-2.45029664039612
RL.EST,SO,2008,-2.59087705612183
RL.EST,SO,2007,-2.41922998428345
RL.EST,SO,2006,-2.35046291351318
RL.EST,SO,2005,-2.21945238113403
RL.EST,SO,2004,-2.28866386413574
RL.EST,SO,2003,-2.04828476905823
RL.EST,SO,2002,-1.93713533878326
RL.EST,SO,2001,None
RL.EST,SO,2000,-2.19043397903442
RL.EST,SO,1999,None
RL.EST,SO,1998,-2.13615322113037
RL.EST,SO,1997,None
RL.EST,SO,1996,-2.14465737342834
RL.EST,SO,1995,None
RL.EST,SS,2023,None
RL.EST,SS,2022,-2.05544900894165
RL.EST,SS,2021,-2.07081079483032
RL.EST,SS,2020,-1.97039973735809
RL.EST,SS,2019,-2.00850081443787
RL.EST,SS,2018,-1.98611116409302
RL.EST,SS,2017,-1.97194159030914
RL.EST,SS,2016,-1.97679388523102
RL.EST,SS,2015,-1.89496612548828
RL.EST,SS,2014,-1.85091555118561
RL.EST,SS,2013,-1.53562760353088
RL.EST,SS,2012,-1.41670286655426
RL.EST,SS,2011,-1.2734762430191
RL.EST,SS,2010,None
RL.EST,SS,2009,None
RL.EST,SS,2008,None
RL.EST,SS,2007,None
RL.EST,SS,2006,None
RL.EST,SS,2005,None
RL.EST,SS,2004,None
RL.EST,SS,2003,None
RL.EST,SS,2002,None
RL.EST,SS,2001,None
RL.EST,SS,2000,None
RL.EST,SS,1999,None
RL.EST,SS,1998,None
RL.EST,SS,1997,None
RL.EST,SS,1996,None
RL.EST,SS,1995,None
RL.EST,ST,2023,None
RL.EST,ST,2022,-0.614071309566498
RL.EST,ST,2021,-0.72774875164032
RL.EST,ST,2020,-0.705098152160645
RL.EST,ST,2019,-0.692302823066711
RL.EST,ST,2018,-0.713534414768219
RL.EST,ST,2017,-0.726939260959625
RL.EST,ST,2016,-0.687102138996124
RL.EST,ST,2015,-0.774814009666443
RL.EST,ST,2014,-0.790833830833435
RL.EST,ST,2013,-0.77031546831131
RL.EST,ST,2012,-0.74639219045639
RL.EST,ST,2011,-0.669470012187958
RL.EST,ST,2010,-0.683138370513916
RL.EST,ST,2009,-0.69857132434845
RL.EST,ST,2008,-0.494799554347992
RL.EST,ST,2007,-0.45739883184433
RL.EST,ST,2006,-0.510794937610626
RL.EST,ST,2005,-0.533665299415588
RL.EST,ST,2004,-0.231533601880074
RL.EST,ST,2003,-0.218190565705299
RL.EST,ST,2002,-0.199828878045082
RL.EST,ST,2001,None
RL.EST,ST,2000,0.207037776708603
RL.EST,ST,1999,None
RL.EST,ST,1998,0.262724310159683
RL.EST,ST,1997,None
RL.EST,ST,1996,0.268791258335114
RL.EST,ST,1995,None
RL.EST,SZ,2023,None
RL.EST,SZ,2022,-0.602303206920624
RL.EST,SZ,2021,-0.575594961643219
RL.EST,SZ,2020,-0.501701951026917
RL.EST,SZ,2019,-0.479818254709244
RL.EST,SZ,2018,-0.276786595582962
RL.EST,SZ,2017,-0.276079922914505
RL.EST,SZ,2016,-0.380347073078156
RL.EST,SZ,2015,-0.319038301706314
RL.EST,SZ,2014,-0.310973823070526
RL.EST,SZ,2013,-0.492828667163849
RL.EST,SZ,2012,-0.53537255525589
RL.EST,SZ,2011,-0.533692061901093
RL.EST,SZ,2010,-0.47066456079483
RL.EST,SZ,2009,-0.480329960584641
RL.EST,SZ,2008,-0.531721472740173
RL.EST,SZ,2007,-0.694624125957489
RL.EST,SZ,2006,-0.598636865615845
RL.EST,SZ,2005,-0.879012823104858
RL.EST,SZ,2004,-0.800742328166962
RL.EST,SZ,2003,-0.61389023065567
RL.EST,SZ,2002,-0.782026052474976
RL.EST,SZ,2001,None
RL.EST,SZ,2000,-0.715451121330261
RL.EST,SZ,1999,None
RL.EST,SZ,1998,-0.662509441375732
RL.EST,SZ,1997,None
RL.EST,SZ,1996,-0.474024802446365
RL.EST,SZ,1995,None
RL.EST,SY,2023,None
RL.EST,SY,2022,-2.06944227218628
RL.EST,SY,2021,-2.08200311660767
RL.EST,SY,2020,-2.08732032775879
RL.EST,SY,2019,-2.08743524551392
RL.EST,SY,2018,-2.05405068397522
RL.EST,SY,2017,-2.09612011909485
RL.EST,SY,2016,-1.99247241020203
RL.EST,SY,2015,-1.43519008159637
RL.EST,SY,2014,-1.35771584510803
RL.EST,SY,2013,-1.40619838237762
RL.EST,SY,2012,-1.1284441947937
RL.EST,SY,2011,-0.778770327568054
RL.EST,SY,2010,-0.593127608299255
RL.EST,SY,2009,-0.579241037368774
RL.EST,SY,2008,-0.721992611885071
RL.EST,SY,2007,-0.834666192531586
RL.EST,SY,2006,-0.930595397949219
RL.EST,SY,2005,-0.594401121139526
RL.EST,SY,2004,-0.476456582546234
RL.EST,SY,2003,-0.483061969280243
RL.EST,SY,2002,-0.560230851173401
RL.EST,SY,2001,None
RL.EST,SY,2000,-0.506055653095245
RL.EST,SY,1999,None
RL.EST,SY,1998,-0.537084102630615
RL.EST,SY,1997,None
RL.EST,SY,1996,-0.546156048774719
RL.EST,SY,1995,None
RL.EST,TD,2023,None
RL.EST,TD,2022,-1.37252998352051
RL.EST,TD,2021,-1.34138870239258
RL.EST,TD,2020,-1.33145833015442
RL.EST,TD,2019,-1.31415891647339
RL.EST,TD,2018,-1.33120822906494
RL.EST,TD,2017,-1.32141256332397
RL.EST,TD,2016,-1.4068295955658
RL.EST,TD,2015,-1.21049761772156
RL.EST,TD,2014,-1.15042281150818
RL.EST,TD,2013,-1.39775705337524
RL.EST,TD,2012,-1.46390414237976
RL.EST,TD,2011,-1.48459410667419
RL.EST,TD,2010,-1.51355981826782
RL.EST,TD,2009,-1.52672183513641
RL.EST,TD,2008,-1.62577319145203
RL.EST,TD,2007,-1.54328119754791
RL.EST,TD,2006,-1.55299854278564
RL.EST,TD,2005,-1.50373816490173
RL.EST,TD,2004,-1.33303308486938
RL.EST,TD,2003,-1.51830554008484
RL.EST,TD,2002,-1.10900986194611
RL.EST,TD,2001,None
RL.EST,TD,2000,-1.13099467754364
RL.EST,TD,1999,None
RL.EST,TD,1998,-1.19058036804199
RL.EST,TD,1997,None
RL.EST,TD,1996,-1.25611138343811
RL.EST,TD,1995,None
RL.EST,TG,2023,None
RL.EST,TG,2022,-0.55883401632309
RL.EST,TG,2021,-0.586597383022308
RL.EST,TG,2020,-0.674063563346863
RL.EST,TG,2019,-0.591685473918915
RL.EST,TG,2018,-0.619138240814209
RL.EST,TG,2017,-0.732762277126312
RL.EST,TG,2016,-0.652705848217011
RL.EST,TG,2015,-0.819108128547668
RL.EST,TG,2014,-0.858331799507141
RL.EST,TG,2013,-0.984186470508575
RL.EST,TG,2012,-0.948060035705566
RL.EST,TG,2011,-0.893909215927124
RL.EST,TG,2010,-0.935580134391785
RL.EST,TG,2009,-0.896127939224243
RL.EST,TG,2008,-0.833383977413177
RL.EST,TG,2007,-0.930305898189545
RL.EST,TG,2006,-0.948749899864197
RL.EST,TG,2005,-1.06442594528198
RL.EST,TG,2004,-1.10269165039063
RL.EST,TG,2003,-0.955924153327942
RL.EST,TG,2002,-0.830014586448669
RL.EST,TG,2001,None
RL.EST,TG,2000,-0.649043917655945
RL.EST,TG,1999,None
RL.EST,TG,1998,-0.759632170200348
RL.EST,TG,1997,None
RL.EST,TG,1996,-0.731249630451202
RL.EST,TG,1995,None
RL.EST,TJ,2023,None
RL.EST,TJ,2022,-1.25580060482025
RL.EST,TJ,2021,-1.20692694187164
RL.EST,TJ,2020,-1.24842262268066
RL.EST,TJ,2019,-1.25325226783752
RL.EST,TJ,2018,-1.30321049690247
RL.EST,TJ,2017,-1.37690246105194
RL.EST,TJ,2016,-1.16580295562744
RL.EST,TJ,2015,-1.07439470291138
RL.EST,TJ,2014,-1.01177895069122
RL.EST,TJ,2013,-1.26313161849976
RL.EST,TJ,2012,-1.2076199054718
RL.EST,TJ,2011,-1.23239934444427
RL.EST,TJ,2010,-1.21289575099945
RL.EST,TJ,2009,-1.27246570587158
RL.EST,TJ,2008,-1.29554963111877
RL.EST,TJ,2007,-1.29604709148407
RL.EST,TJ,2006,-1.18217408657074
RL.EST,TJ,2005,-1.10024237632751
RL.EST,TJ,2004,-1.18313717842102
RL.EST,TJ,2003,-1.06657803058624
RL.EST,TJ,2002,-1.08354067802429
RL.EST,TJ,2001,None
RL.EST,TJ,2000,-1.3816899061203
RL.EST,TJ,1999,None
RL.EST,TJ,1998,-1.53362345695496
RL.EST,TJ,1997,None
RL.EST,TJ,1996,-1.64815735816956
RL.EST,TJ,1995,None
RL.EST,TL,2023,None
RL.EST,TL,2022,-0.883395969867706
RL.EST,TL,2021,-1.02632677555084
RL.EST,TL,2020,-1.19682133197784
RL.EST,TL,2019,-1.12843763828278
RL.EST,TL,2018,-1.13863778114319
RL.EST,TL,2017,-1.17624771595001
RL.EST,TL,2016,-1.17557942867279
RL.EST,TL,2015,-1.13323724269867
RL.EST,TL,2014,-1.11254811286926
RL.EST,TL,2013,-1.2126704454422
RL.EST,TL,2012,-1.14376664161682
RL.EST,TL,2011,-1.1867653131485
RL.EST,TL,2010,-1.18515872955322
RL.EST,TL,2009,-1.20296549797058
RL.EST,TL,2008,-1.05070447921753
RL.EST,TL,2007,-1.20347332954407
RL.EST,TL,2006,-1.11040985584259
RL.EST,TL,2005,-0.509093940258026
RL.EST,TL,2004,-0.59241133928299
RL.EST,TL,2003,-0.429828256368637
RL.EST,TL,2002,-0.83753502368927
RL.EST,TL,2001,None
RL.EST,TL,2000,0.274133086204529
RL.EST,TL,1999,None
RL.EST,TL,1998,-1.56888091564178
RL.EST,TL,1997,None
RL.EST,TL,1996,-1.56857550144196
RL.EST,TL,1995,None
RL.EST,TN,2023,None
RL.EST,TN,2022,-0.0853122770786285
RL.EST,TN,2021,0.0657181367278099
RL.EST,TN,2020,0.142935648560524
RL.EST,TN,2019,0.0867515727877617
RL.EST,TN,2018,0.0534470789134502
RL.EST,TN,2017,0.0933556407690048
RL.EST,TN,2016,0.0218640528619289
RL.EST,TN,2015,-0.0464252680540085
RL.EST,TN,2014,-0.0686189457774162
RL.EST,TN,2013,-0.178690433502197
RL.EST,TN,2012,-0.163849368691444
RL.EST,TN,2011,-0.192856058478355
RL.EST,TN,2010,0.0388533286750317
RL.EST,TN,2009,0.119992300868034
RL.EST,TN,2008,0.0795686021447182
RL.EST,TN,2007,0.0808289721608162
RL.EST,TN,2006,0.112958908081055
RL.EST,TN,2005,-0.0362686142325401
RL.EST,TN,2004,0.0466941632330418
RL.EST,TN,2003,-0.19057497382164
RL.EST,TN,2002,-0.166766956448555
RL.EST,TN,2001,None
RL.EST,TN,2000,-0.280462771654129
RL.EST,TN,1999,None
RL.EST,TN,1998,-0.31945538520813
RL.EST,TN,1997,None
RL.EST,TN,1996,-0.303403049707413
RL.EST,TN,1995,None
RL.EST,TZ,2023,None
RL.EST,TZ,2022,-0.443158507347107
RL.EST,TZ,2021,-0.556608736515045
RL.EST,TZ,2020,-0.616245627403259
RL.EST,TZ,2019,-0.573558688163757
RL.EST,TZ,2018,-0.572451293468475
RL.EST,TZ,2017,-0.469080984592438
RL.EST,TZ,2016,-0.394902527332306
RL.EST,TZ,2015,-0.395179778337479
RL.EST,TZ,2014,-0.400824993848801
RL.EST,TZ,2013,-0.477214455604553
RL.EST,TZ,2012,-0.537633419036865
RL.EST,TZ,2011,-0.514893710613251
RL.EST,TZ,2010,-0.486346453428268
RL.EST,TZ,2009,-0.480134069919586
RL.EST,TZ,2008,-0.35524570941925
RL.EST,TZ,2007,-0.378879934549332
RL.EST,TZ,2006,-0.444665193557739
RL.EST,TZ,2005,-0.286303788423538
RL.EST,TZ,2004,-0.38966566324234
RL.EST,TZ,2003,-0.308773815631866
RL.EST,TZ,2002,-0.341501384973526
RL.EST,TZ,2001,None
RL.EST,TZ,2000,-0.3370121717453
RL.EST,TZ,1999,None
RL.EST,TZ,1998,-0.166287750005722
RL.EST,TZ,1997,None
RL.EST,TZ,1996,-0.186238184571266
RL.EST,TZ,1995,None
RL.EST,UG,2023,None
RL.EST,UG,2022,-0.383247643709183
RL.EST,UG,2021,-0.367464244365692
RL.EST,UG,2020,-0.347207844257355
RL.EST,UG,2019,-0.344945698976517
RL.EST,UG,2018,-0.321435153484344
RL.EST,UG,2017,-0.319819033145905
RL.EST,UG,2016,-0.270433574914932
RL.EST,UG,2015,-0.414675444364548
RL.EST,UG,2014,-0.394620954990387
RL.EST,UG,2013,-0.346435457468033
RL.EST,UG,2012,-0.356279820203781
RL.EST,UG,2011,-0.359688609838486
RL.EST,UG,2010,-0.396869570016861
RL.EST,UG,2009,-0.411506861448288
RL.EST,UG,2008,-0.344882220029831
RL.EST,UG,2007,-0.357663184404373
RL.EST,UG,2006,-0.325426667928696
RL.EST,UG,2005,-0.542147874832153
RL.EST,UG,2004,-0.693985939025879
RL.EST,UG,2003,-0.540637612342834
RL.EST,UG,2002,-0.697901129722595
RL.EST,UG,2001,None
RL.EST,UG,2000,-0.866051256656647
RL.EST,UG,1999,None
RL.EST,UG,1998,-0.646357476711273
RL.EST,UG,1997,None
RL.EST,UG,1996,-0.580390334129334
RL.EST,UG,1995,None
RL.EST,UZ,2023,None
RL.EST,UZ,2022,-0.854107201099396
RL.EST,UZ,2021,-0.922040820121765
RL.EST,UZ,2020,-1.11273300647736
RL.EST,UZ,2019,-1.08138024806976
RL.EST,UZ,2018,-1.09812998771667
RL.EST,UZ,2017,-1.13491332530975
RL.EST,UZ,2016,-1.12766790390015
RL.EST,UZ,2015,-1.13810276985168
RL.EST,UZ,2014,-1.13419890403748
RL.EST,UZ,2013,-1.23522520065308
RL.EST,UZ,2012,-1.29927587509155
RL.EST,UZ,2011,-1.45240187644958
RL.EST,UZ,2010,-1.41664183139801
RL.EST,UZ,2009,-1.32619547843933
RL.EST,UZ,2008,-1.17363584041595
RL.EST,UZ,2007,-1.22470498085022
RL.EST,UZ,2006,-1.45359468460083
RL.EST,UZ,2005,-1.47870898246765
RL.EST,UZ,2004,-1.33680975437164
RL.EST,UZ,2003,-1.24661719799042
RL.EST,UZ,2002,-1.44006717205048
RL.EST,UZ,2001,None
RL.EST,UZ,2000,-1.200798869133
RL.EST,UZ,1999,None
RL.EST,UZ,1998,-1.2574280500412
RL.EST,UZ,1997,None
RL.EST,UZ,1996,-1.23917865753174
RL.EST,UZ,1995,None
RL.EST,VN,2023,None
RL.EST,VN,2022,-0.158443406224251
RL.EST,VN,2021,-0.171954914927483
RL.EST,VN,2020,-0.188712939620018
RL.EST,VN,2019,-0.0502180941402912
RL.EST,VN,2018,-0.0353447571396828
RL.EST,VN,2017,0.0404918380081654
RL.EST,VN,2016,0.0651851072907448
RL.EST,VN,2015,-0.356080949306488
RL.EST,VN,2014,-0.360538631677628
RL.EST,VN,2013,-0.515489280223846
RL.EST,VN,2012,-0.55492377281189
RL.EST,VN,2011,-0.541880786418915
RL.EST,VN,2010,-0.581304907798767
RL.EST,VN,2009,-0.531529664993286
RL.EST,VN,2008,-0.464453905820847
RL.EST,VN,2007,-0.490206182003021
RL.EST,VN,2006,-0.518898844718933
RL.EST,VN,2005,-0.317553699016571
RL.EST,VN,2004,-0.604071080684662
RL.EST,VN,2003,-0.636823534965515
RL.EST,VN,2002,-0.67900162935257
RL.EST,VN,2001,None
RL.EST,VN,2000,-0.345562547445297
RL.EST,VN,1999,None
RL.EST,VN,1998,-0.402721375226974
RL.EST,VN,1997,None
RL.EST,VN,1996,-0.48242661356926
RL.EST,VN,1995,None
RL.EST,VU,2023,None
RL.EST,VU,2022,0.320615470409393
RL.EST,VU,2021,0.447897672653198
RL.EST,VU,2020,0.297599732875824
RL.EST,VU,2019,0.210106045007706
RL.EST,VU,2018,0.391720503568649
RL.EST,VU,2017,0.544383764266968
RL.EST,VU,2016,0.40265017747879
RL.EST,VU,2015,0.124421708285809
RL.EST,VU,2014,0.230402737855911
RL.EST,VU,2013,0.36694523692131
RL.EST,VU,2012,0.335755437612534
RL.EST,VU,2011,0.29826694726944
RL.EST,VU,2010,0.264050841331482
RL.EST,VU,2009,0.408267706632614
RL.EST,VU,2008,0.509779751300812
RL.EST,VU,2007,0.590501487255096
RL.EST,VU,2006,0.567534446716309
RL.EST,VU,2005,0.517324984073639
RL.EST,VU,2004,0.460913151502609
RL.EST,VU,2003,0.911131322383881
RL.EST,VU,2002,0.89507007598877
RL.EST,VU,2001,None
RL.EST,VU,2000,0.897578895092011
RL.EST,VU,1999,None
RL.EST,VU,1998,0.333779960870743
RL.EST,VU,1997,None
RL.EST,VU,1996,0.323560953140259
RL.EST,VU,1995,None
RL.EST,WS,2023,None
RL.EST,WS,2022,0.945017695426941
RL.EST,WS,2021,0.88403844833374
RL.EST,WS,2020,1.00946378707886
RL.EST,WS,2019,1.16250705718994
RL.EST,WS,2018,0.912800967693329
RL.EST,WS,2017,0.938193321228027
RL.EST,WS,2016,0.869581997394562
RL.EST,WS,2015,0.744271993637085
RL.EST,WS,2014,0.797605693340302
RL.EST,WS,2013,0.753769516944885
RL.EST,WS,2012,0.737992703914642
RL.EST,WS,2011,0.726216852664948
RL.EST,WS,2010,0.679114758968353
RL.EST,WS,2009,0.6683109998703
RL.EST,WS,2008,0.851571798324585
RL.EST,WS,2007,0.951324939727783
RL.EST,WS,2006,0.987025737762451
RL.EST,WS,2005,1.11041069030762
RL.EST,WS,2004,0.989858388900757
RL.EST,WS,2003,1.27146780490875
RL.EST,WS,2002,1.25971353054047
RL.EST,WS,2001,None
RL.EST,WS,2000,0.978470504283905
RL.EST,WS,1999,None
RL.EST,WS,1998,0.959765493869781
RL.EST,WS,1997,None
RL.EST,WS,1996,0.94790905714035
RL.EST,WS,1995,None
RL.EST,YE,2023,None
RL.EST,YE,2022,-1.84966695308685
RL.EST,YE,2021,-1.80289542675018
RL.EST,YE,2020,-1.77609324455261
RL.EST,YE,2019,-1.79067075252533
RL.EST,YE,2018,-1.80685091018677
RL.EST,YE,2017,-1.76530337333679
RL.EST,YE,2016,-1.6733832359314
RL.EST,YE,2015,-1.28828191757202
RL.EST,YE,2014,-1.19583749771118
RL.EST,YE,2013,-1.1865621805191
RL.EST,YE,2012,-1.27767753601074
RL.EST,YE,2011,-1.29189229011536
RL.EST,YE,2010,-1.09233939647675
RL.EST,YE,2009,-1.0932948589325
RL.EST,YE,2008,-0.984243035316467
RL.EST,YE,2007,-0.969070315361023
RL.EST,YE,2006,-1.03928434848785
RL.EST,YE,2005,-1.26733553409576
RL.EST,YE,2004,-1.23347663879395
RL.EST,YE,2003,-1.2604101896286
RL.EST,YE,2002,-1.47391068935394
RL.EST,YE,2001,None
RL.EST,YE,2000,-1.45724165439606
RL.EST,YE,1999,None
RL.EST,YE,1998,-1.39227020740509
RL.EST,YE,1997,None
RL.EST,YE,1996,-1.37976360321045
RL.EST,YE,1995,None
RL.EST,ZM,2023,None
RL.EST,ZM,2022,-0.519154012203217
RL.EST,ZM,2021,-0.607837975025177
RL.EST,ZM,2020,-0.64818286895752
RL.EST,ZM,2019,-0.474514842033386
RL.EST,ZM,2018,-0.358200490474701
RL.EST,ZM,2017,-0.339759320020676
RL.EST,ZM,2016,-0.312088489532471
RL.EST,ZM,2015,-0.242752283811569
RL.EST,ZM,2014,-0.224575787782669
RL.EST,ZM,2013,-0.261999785900116
RL.EST,ZM,2012,-0.360225439071655
RL.EST,ZM,2011,-0.456424236297607
RL.EST,ZM,2010,-0.496428072452545
RL.EST,ZM,2009,-0.479686051607132
RL.EST,ZM,2008,-0.404740959405899
RL.EST,ZM,2007,-0.529506206512451
RL.EST,ZM,2006,-0.549666523933411
RL.EST,ZM,2005,-0.51753842830658
RL.EST,ZM,2004,-0.479586213827133
RL.EST,ZM,2003,-0.381814122200012
RL.EST,ZM,2002,-0.34913581609726
RL.EST,ZM,2001,None
RL.EST,ZM,2000,-0.532826900482178
RL.EST,ZM,1999,None
RL.EST,ZM,1998,-0.468716353178024
RL.EST,ZM,1997,None
RL.EST,ZM,1996,-0.531715393066406
RL.EST,ZM,1995,None
RL.EST,ZW,2023,None
RL.EST,ZW,2022,-1.23628377914429
RL.EST,ZW,2021,-1.27720153331757
RL.EST,ZW,2020,-1.32961118221283
RL.EST,ZW,2019,-1.30351531505585
RL.EST,ZW,2018,-1.2924633026123
RL.EST,ZW,2017,-1.39620387554169
RL.EST,ZW,2016,-1.39066338539124
RL.EST,ZW,2015,-1.33847284317017
RL.EST,ZW,2014,-1.44146907329559
RL.EST,ZW,2013,-1.58726119995117
RL.EST,ZW,2012,-1.63018405437469
RL.EST,ZW,2011,-1.79394936561584
RL.EST,ZW,2010,-1.83763182163239
RL.EST,ZW,2009,-1.87002050876617
RL.EST,ZW,2008,-1.79150533676147
RL.EST,ZW,2007,-1.80864059925079
RL.EST,ZW,2006,-1.75168538093567
RL.EST,ZW,2005,-1.83490836620331
RL.EST,ZW,2004,-1.68889737129211
RL.EST,ZW,2003,-1.60702157020569
RL.EST,ZW,2002,-1.59631824493408
RL.EST,ZW,2001,None
RL.EST,ZW,2000,-1.38190841674805
RL.EST,ZW,1999,None
RL.EST,ZW,1998,-0.774310111999512
RL.EST,ZW,1997,None
RL.EST,ZW,1996,-0.814238488674164
RL.EST,ZW,1995,None
