NY.GDP.PCAP.CN,AF,2023,None
NY.GDP.PCAP.CN,AF,2022,31205.4303786515
NY.GDP.PCAP.CN,AF,2021,31201.7153746352
NY.GDP.PCAP.CN,AF,2020,39386.1475209399
NY.GDP.PCAP.CN,AF,2019,38909.6054279142
NY.GDP.PCAP.CN,AF,2018,36189.8822938527
NY.GDP.PCAP.CN,AF,2017,36064.4516892291
NY.GDP.PCAP.CN,AF,2016,35307.4711991414
NY.GDP.PCAP.CN,AF,2015,36226.0663820364
NY.GDP.PCAP.CN,AF,2014,35959.8341556067
NY.GDP.PCAP.CN,AF,2013,36105.4578250314
NY.GDP.PCAP.CN,AF,2012,33768.0708066068
NY.GDP.PCAP.CN,AF,2011,29072.5396085774
NY.GDP.PCAP.CN,AF,2010,25762.311909837
NY.GDP.PCAP.CN,AF,2009,22336.5072007409
NY.GDP.PCAP.CN,AF,2008,19489.2715872007
NY.GDP.PCAP.CN,AF,2007,18739.6600996915
NY.GDP.PCAP.CN,AF,2006,13679.5649355672
NY.GDP.PCAP.CN,AF,2005,12623.8505036481
NY.GDP.PCAP.CN,AF,2004,10605.2773401344
NY.GDP.PCAP.CN,AF,2003,9775.10674480562
NY.GDP.PCAP.CN,AF,2002,8674.30955603589
NY.GDP.PCAP.CN,AF,2001,6779.27344571223
NY.GDP.PCAP.CN,AF,2000,8547.49801744688
NY.GDP.PCAP.CN,AF,1999,None
NY.GDP.PCAP.CN,AF,1998,None
NY.GDP.PCAP.CN,AF,1997,None
NY.GDP.PCAP.CN,AF,1996,None
NY.GDP.PCAP.CN,AF,1995,None
NY.GDP.PCAP.CN,AO,2023,1687888.09962392
NY.GDP.PCAP.CN,AO,2022,1466296.18876199
NY.GDP.PCAP.CN,AO,2021,1290755.64313631
NY.GDP.PCAP.CN,AO,2020,948316.085867604
NY.GDP.PCAP.CN,AO,2019,937467.244745776
NY.GDP.PCAP.CN,AO,2018,819470.636720194
NY.GDP.PCAP.CN,AO,2017,670745.324812501
NY.GDP.PCAP.CN,AO,2016,567645.658789138
NY.GDP.PCAP.CN,AO,2015,495962.363961161
NY.GDP.PCAP.CN,AO,2014,528003.577956142
NY.GDP.PCAP.CN,AO,2013,504646.918985205
NY.GDP.PCAP.CN,AO,2012,485342.555183972
NY.GDP.PCAP.CN,AO,2011,432865.903453758
NY.GDP.PCAP.CN,AO,2010,329634.9091569
NY.GDP.PCAP.CN,AO,2009,247797.306820776
NY.GDP.PCAP.CN,AO,2008,306264.954575341
NY.GDP.PCAP.CN,AO,2007,239426.621655306
NY.GDP.PCAP.CN,AO,2006,208793.324584349
NY.GDP.PCAP.CN,AO,2005,165665.45639215
NY.GDP.PCAP.CN,AO,2004,104819.02389974
NY.GDP.PCAP.CN,AO,2003,73323.4894817147
NY.GDP.PCAP.CN,AO,2002,37986.9673333832
NY.GDP.PCAP.CN,AO,2001,11634.7305597758
NY.GDP.PCAP.CN,AO,2000,5591.42084493764
NY.GDP.PCAP.CN,AO,1999,1081.92724062935
NY.GDP.PCAP.CN,AO,1998,166.318905405813
NY.GDP.PCAP.CN,AO,1997,117.797579285416
NY.GDP.PCAP.CN,AO,1996,58.0875109067081
NY.GDP.PCAP.CN,AO,1995,1.07928600780909
NY.GDP.PCAP.CN,BI,2023,688595.736741438
NY.GDP.PCAP.CN,BI,2022,618307.092079677
NY.GDP.PCAP.CN,BI,2021,526864.827813854
NY.GDP.PCAP.CN,BI,2020,483671.292202674
NY.GDP.PCAP.CN,BI,2019,468182.0791071
NY.GDP.PCAP.CN,BI,2018,471092.199119639
NY.GDP.PCAP.CN,BI,2017,491687.712163755
NY.GDP.PCAP.CN,BI,2016,449138.230927129
NY.GDP.PCAP.CN,BI,2015,454843.915642816
NY.GDP.PCAP.CN,BI,2014,398764.525251424
NY.GDP.PCAP.CN,BI,2013,375628.560677947
NY.GDP.PCAP.CN,BI,2012,343613.415944233
NY.GDP.PCAP.CN,BI,2011,298182.488866807
NY.GDP.PCAP.CN,BI,2010,274039.141608517
NY.GDP.PCAP.CN,BI,2009,251626.697052346
NY.GDP.PCAP.CN,BI,2008,230866.614585529
NY.GDP.PCAP.CN,BI,2007,184682.594196895
NY.GDP.PCAP.CN,BI,2006,171045.638721421
NY.GDP.PCAP.CN,BI,2005,163522.073864029
NY.GDP.PCAP.CN,BI,2004,141509.234735895
NY.GDP.PCAP.CN,BI,2003,123816.009293898
NY.GDP.PCAP.CN,BI,2002,115542.55151725
NY.GDP.PCAP.CN,BI,2001,112600.837167781
NY.GDP.PCAP.CN,BI,2000,99455.7874958047
NY.GDP.PCAP.CN,BI,1999,73687.1741599759
NY.GDP.PCAP.CN,BI,1998,66309.4374136337
NY.GDP.PCAP.CN,BI,1997,57867.6545807448
NY.GDP.PCAP.CN,BI,1996,44363.8292645131
NY.GDP.PCAP.CN,BI,1995,42115.9841511142
NY.GDP.PCAP.CN,BJ,2023,870345.356340793
NY.GDP.PCAP.CN,BJ,2022,812897.373417418
NY.GDP.PCAP.CN,BJ,2021,754772.117163369
NY.GDP.PCAP.CN,BJ,2020,712546.288697816
NY.GDP.PCAP.CN,BJ,2019,686081.601828217
NY.GDP.PCAP.CN,BJ,2018,663446.475892543
NY.GDP.PCAP.CN,BJ,2017,635978.507299311
NY.GDP.PCAP.CN,BJ,2016,622129.406660785
NY.GDP.PCAP.CN,BJ,2015,615837.156925185
NY.GDP.PCAP.CN,BJ,2014,617939.651303401
NY.GDP.PCAP.CN,BJ,2013,599740.123177152
NY.GDP.PCAP.CN,BJ,2012,568029.428171021
NY.GDP.PCAP.CN,BJ,2011,518097.483339125
NY.GDP.PCAP.CN,BJ,2010,499489.609568788
NY.GDP.PCAP.CN,BJ,2009,499319.16157337
NY.GDP.PCAP.CN,BJ,2008,490130.263744252
NY.GDP.PCAP.CN,BJ,2007,452138.073658604
NY.GDP.PCAP.CN,BJ,2006,437339.209588044
NY.GDP.PCAP.CN,BJ,2005,424919.985093416
NY.GDP.PCAP.CN,BJ,2004,413495.809896291
NY.GDP.PCAP.CN,BJ,2003,405005.45226086
NY.GDP.PCAP.CN,BJ,2002,391517.217335329
NY.GDP.PCAP.CN,BJ,2001,372312.497946143
NY.GDP.PCAP.CN,BJ,2000,357233.178570576
NY.GDP.PCAP.CN,BJ,1999,333403.303690944
NY.GDP.PCAP.CN,BJ,1998,219979.652464095
NY.GDP.PCAP.CN,BJ,1997,207285.550035337
NY.GDP.PCAP.CN,BJ,1996,194690.862978855
NY.GDP.PCAP.CN,BJ,1995,179105.929171385
NY.GDP.PCAP.CN,BF,2023,530215.526655609
NY.GDP.PCAP.CN,BF,2022,517747.975955644
NY.GDP.PCAP.CN,BF,2021,492868.866292503
NY.GDP.PCAP.CN,BF,2020,474025.242087095
NY.GDP.PCAP.CN,BF,2019,448356.426912472
NY.GDP.PCAP.CN,BF,2018,432805.417893432
NY.GDP.PCAP.CN,BF,2017,412954.105640401
NY.GDP.PCAP.CN,BF,2016,394548.716717981
NY.GDP.PCAP.CN,BF,2015,373720.691276144
NY.GDP.PCAP.CN,BF,2014,378895.225957386
NY.GDP.PCAP.CN,BF,2013,376501.550366719
NY.GDP.PCAP.CN,BF,2012,374734.505594689
NY.GDP.PCAP.CN,BF,2011,342886.378874073
NY.GDP.PCAP.CN,BF,2010,310369.792518325
NY.GDP.PCAP.CN,BF,2009,283999.63797495
NY.GDP.PCAP.CN,BF,2008,277363.086719461
NY.GDP.PCAP.CN,BF,2007,247334.130993719
NY.GDP.PCAP.CN,BF,2006,238927.219294002
NY.GDP.PCAP.CN,BF,2005,233546.15539336
NY.GDP.PCAP.CN,BF,2004,213809.878188844
NY.GDP.PCAP.CN,BF,2003,210977.325832727
NY.GDP.PCAP.CN,BF,2002,198924.844895244
NY.GDP.PCAP.CN,BF,2001,190748.19886326
NY.GDP.PCAP.CN,BF,2000,177411.426826543
NY.GDP.PCAP.CN,BF,1999,180879.889780722
NY.GDP.PCAP.CN,BF,1998,147732.150975314
NY.GDP.PCAP.CN,BF,1997,131098.762020465
NY.GDP.PCAP.CN,BF,1996,124576.789499501
NY.GDP.PCAP.CN,BF,1995,114720.610497386
NY.GDP.PCAP.CN,BD,2023,259654.787805559
NY.GDP.PCAP.CN,BD,2022,232011.249119761
NY.GDP.PCAP.CN,BD,2021,208447.268946689
NY.GDP.PCAP.CN,BD,2020,189371.125959021
NY.GDP.PCAP.CN,BD,2019,178316.570082176
NY.GDP.PCAP.CN,BD,2018,161240.486376802
NY.GDP.PCAP.CN,BD,2017,143658.461819997
NY.GDP.PCAP.CN,BD,2016,129913.741106713
NY.GDP.PCAP.CN,BD,2015,96040.1888107457
NY.GDP.PCAP.CN,BD,2014,86154.3478167619
NY.GDP.PCAP.CN,BD,2013,77836.9207275727
NY.GDP.PCAP.CN,BD,2012,69379.941885842
NY.GDP.PCAP.CN,BD,2011,60969.4875551895
NY.GDP.PCAP.CN,BD,2010,53745.7091693325
NY.GDP.PCAP.CN,BD,2009,48059.9230533334
NY.GDP.PCAP.CN,BD,2008,43231.7770631126
NY.GDP.PCAP.CN,BD,2007,38144.5268186905
NY.GDP.PCAP.CN,BD,2006,33817.634389782
NY.GDP.PCAP.CN,BD,2005,30307.731906709
NY.GDP.PCAP.CN,BD,2004,27616.8859041979
NY.GDP.PCAP.CN,BD,2003,25517.3640390541
NY.GDP.PCAP.CN,BD,2002,23429.313230211
NY.GDP.PCAP.CN,BD,2001,22126.2192671822
NY.GDP.PCAP.CN,BD,2000,20783.0703206521
NY.GDP.PCAP.CN,BD,1999,19447.6937619352
NY.GDP.PCAP.CN,BD,1998,18249.2191766608
NY.GDP.PCAP.CN,BD,1997,16880.0808356487
NY.GDP.PCAP.CN,BD,1996,15844.0409037046
NY.GDP.PCAP.CN,BD,1995,12947.913068734
NY.GDP.PCAP.CN,BO,2023,25573.7603137053
NY.GDP.PCAP.CN,BO,2022,24876.8404979994
NY.GDP.PCAP.CN,BO,2021,23114.1089444969
NY.GDP.PCAP.CN,BO,2020,21205.4947561871
NY.GDP.PCAP.CN,BO,2019,23994.1515447281
NY.GDP.PCAP.CN,BO,2018,23984.6580289922
NY.GDP.PCAP.CN,BO,2017,22664.8567583164
NY.GDP.PCAP.CN,BO,2016,20823.3037068671
NY.GDP.PCAP.CN,BO,2015,20561.7332869856
NY.GDP.PCAP.CN,BO,2014,20885.2185314501
NY.GDP.PCAP.CN,BO,2013,19719.7383888395
NY.GDP.PCAP.CN,BO,2012,17706.645479052
NY.GDP.PCAP.CN,BO,2011,15989.5757468609
NY.GDP.PCAP.CN,BO,2010,13486.4449437411
NY.GDP.PCAP.CN,BO,2009,12110.5269289587
NY.GDP.PCAP.CN,BO,2008,12215.2348750728
NY.GDP.PCAP.CN,BO,2007,10607.3082163682
NY.GDP.PCAP.CN,BO,2006,9614.485526734
NY.GDP.PCAP.CN,BO,2005,8213.78164154027
NY.GDP.PCAP.CN,BO,2004,7554.68807964689
NY.GDP.PCAP.CN,BO,2003,6834.69858495472
NY.GDP.PCAP.CN,BO,2002,6368.38379014049
NY.GDP.PCAP.CN,BO,2001,6150.21838345024
NY.GDP.PCAP.CN,BO,2000,6043.3575020343
NY.GDP.PCAP.CN,BO,1999,5706.3488647777
NY.GDP.PCAP.CN,BO,1998,5650.14269461494
NY.GDP.PCAP.CN,BO,1997,5117.45095217655
NY.GDP.PCAP.CN,BO,1996,4698.325511896
NY.GDP.PCAP.CN,BO,1995,4110.8451335215
NY.GDP.PCAP.CN,BT,2023,None
NY.GDP.PCAP.CN,BT,2022,291152.480589938
NY.GDP.PCAP.CN,BT,2021,263238.697031201
NY.GDP.PCAP.CN,BT,2020,235735.89771471
NY.GDP.PCAP.CN,BT,2019,251020.261017201
NY.GDP.PCAP.CN,BT,2018,231825.062984191
NY.GDP.PCAP.CN,BT,2017,223182.938048275
NY.GDP.PCAP.CN,BT,2016,208168.474753955
NY.GDP.PCAP.CN,BT,2015,185991.131130646
NY.GDP.PCAP.CN,BT,2014,170512.269592059
NY.GDP.PCAP.CN,BT,2013,153805.583977807
NY.GDP.PCAP.CN,BT,2012,143735.088089081
NY.GDP.PCAP.CN,BT,2011,126824.658118041
NY.GDP.PCAP.CN,BT,2010,108460.349871583
NY.GDP.PCAP.CN,BT,2009,92369.333704087
NY.GDP.PCAP.CN,BT,2008,83102.4789158766
NY.GDP.PCAP.CN,BT,2007,76178.2520605504
NY.GDP.PCAP.CN,BT,2006,63451.0682351543
NY.GDP.PCAP.CN,BT,2005,57201.7276651043
NY.GDP.PCAP.CN,BT,2004,51267.4723188475
NY.GDP.PCAP.CN,BT,2003,47853.7681189108
NY.GDP.PCAP.CN,BT,2002,43922.202640183
NY.GDP.PCAP.CN,BT,2001,38806.9347881585
NY.GDP.PCAP.CN,BT,2000,35262.0103302583
NY.GDP.PCAP.CN,BT,1999,30110.0099826617
NY.GDP.PCAP.CN,BT,1998,26916.0018164098
NY.GDP.PCAP.CN,BT,1997,23388.9446207016
NY.GDP.PCAP.CN,BT,1996,20001.5635523373
NY.GDP.PCAP.CN,BT,1995,17856.1719010646
NY.GDP.PCAP.CN,CF,2023,269940.641657589
NY.GDP.PCAP.CN,CF,2022,266381.630389895
NY.GDP.PCAP.CN,CF,2021,255714.895218277
NY.GDP.PCAP.CN,CF,2020,250650.00464157
NY.GDP.PCAP.CN,CF,2019,249837.584492729
NY.GDP.PCAP.CN,CF,2018,242137.050078708
NY.GDP.PCAP.CN,CF,2017,240821.76762814
NY.GDP.PCAP.CN,CF,2016,220529.560821316
NY.GDP.PCAP.CN,CF,2015,208035.427309132
NY.GDP.PCAP.CN,CF,2014,194963.504957766
NY.GDP.PCAP.CN,CF,2013,173964.711183593
NY.GDP.PCAP.CN,CF,2012,268484.987134703
NY.GDP.PCAP.CN,CF,2011,242791.770621523
NY.GDP.PCAP.CN,CF,2010,227495.012410766
NY.GDP.PCAP.CN,CF,2009,213006.348942062
NY.GDP.PCAP.CN,CF,2008,199018.049875617
NY.GDP.PCAP.CN,CF,2007,185938.560219254
NY.GDP.PCAP.CN,CF,2006,177841.266854697
NY.GDP.PCAP.CN,CF,2005,167603.664102694
NY.GDP.PCAP.CN,CF,2004,163047.77414512
NY.GDP.PCAP.CN,CF,2003,164502.604200166
NY.GDP.PCAP.CN,CF,2002,175794.333936796
NY.GDP.PCAP.CN,CF,2001,177661.902666295
NY.GDP.PCAP.CN,CF,2000,173203.802780933
NY.GDP.PCAP.CN,CF,1999,168349.329149523
NY.GDP.PCAP.CN,CF,1998,160526.786578244
NY.GDP.PCAP.CN,CF,1997,158258.039966783
NY.GDP.PCAP.CN,CF,1996,153271.078050999
NY.GDP.PCAP.CN,CF,1995,169909.964458209
NY.GDP.PCAP.CN,CI,2023,1655209.50329986
NY.GDP.PCAP.CN,CI,2022,1554344.26254651
NY.GDP.PCAP.CN,CI,2021,1469047.71843359
NY.GDP.PCAP.CN,CI,2020,1353059.60549445
NY.GDP.PCAP.CN,CI,2019,1353052.26099377
NY.GDP.PCAP.CN,CI,2018,1275049.74898396
NY.GDP.PCAP.CN,CI,2017,1227126.02084609
NY.GDP.PCAP.CN,CI,2016,1184734.40280847
NY.GDP.PCAP.CN,CI,2015,1147885.93051896
NY.GDP.PCAP.CN,CI,2014,1048750.16241182
NY.GDP.PCAP.CN,CI,2013,939917.768037659
NY.GDP.PCAP.CN,CI,2012,842061.393470597
NY.GDP.PCAP.CN,CI,2011,801925.97336334
NY.GDP.PCAP.CN,CI,2010,818477.762686267
NY.GDP.PCAP.CN,CI,2009,770719.065148346
NY.GDP.PCAP.CN,CI,2008,750768.596764476
NY.GDP.PCAP.CN,CI,2007,694608.822567705
NY.GDP.PCAP.CN,CI,2006,681015.742348287
NY.GDP.PCAP.CN,CI,2005,668082.381090567
NY.GDP.PCAP.CN,CI,2004,668540.607141488
NY.GDP.PCAP.CN,CI,2003,680256.725779238
NY.GDP.PCAP.CN,CI,2002,708246.859558162
NY.GDP.PCAP.CN,CI,2001,713926.612429422
NY.GDP.PCAP.CN,CI,2000,700817.147539208
NY.GDP.PCAP.CN,CI,1999,710811.7225647
NY.GDP.PCAP.CN,CI,1998,729847.874801611
NY.GDP.PCAP.CN,CI,1997,686892.448889511
NY.GDP.PCAP.CN,CI,1996,624156.089921603
NY.GDP.PCAP.CN,CI,1995,383972.763584927
NY.GDP.PCAP.CN,CM,2023,1015184.78820669
NY.GDP.PCAP.CN,CM,2022,975241.393946151
NY.GDP.PCAP.CN,CM,2021,917336.271520755
NY.GDP.PCAP.CN,CM,2020,885902.001680792
NY.GDP.PCAP.CN,CM,2019,901534.193500893
NY.GDP.PCAP.CN,CM,2018,885415.042070648
NY.GDP.PCAP.CN,CM,2017,859291.988199489
NY.GDP.PCAP.CN,CM,2016,845094.411476562
NY.GDP.PCAP.CN,CM,2015,827504.431997954
NY.GDP.PCAP.CN,CM,2014,805670.740598984
NY.GDP.PCAP.CN,CM,2013,770058.190159873
NY.GDP.PCAP.CN,CM,2012,731996.83858703
NY.GDP.PCAP.CN,CM,2011,705895.844920158
NY.GDP.PCAP.CN,CM,2010,684703.159960069
NY.GDP.PCAP.CN,CM,2009,679978.565705937
NY.GDP.PCAP.CN,CM,2008,658300.109745492
NY.GDP.PCAP.CN,CM,2007,627490.223191426
NY.GDP.PCAP.CN,CM,2006,615400.984816183
NY.GDP.PCAP.CN,CM,2005,595463.439233105
NY.GDP.PCAP.CN,CM,2004,590608.503458807
NY.GDP.PCAP.CN,CM,2003,566281.030548125
NY.GDP.PCAP.CN,CM,2002,541284.003394991
NY.GDP.PCAP.CN,CM,2001,517793.609902323
NY.GDP.PCAP.CN,CM,2000,497261.515576155
NY.GDP.PCAP.CN,CM,1999,484282.673918783
NY.GDP.PCAP.CN,CM,1998,465633.769503428
NY.GDP.PCAP.CN,CM,1997,451717.571674882
NY.GDP.PCAP.CN,CM,1996,418032.509146743
NY.GDP.PCAP.CN,CM,1995,410481.30317893
NY.GDP.PCAP.CN,CD,2023,1586637.73532138
NY.GDP.PCAP.CN,CD,2022,1333839.24147675
NY.GDP.PCAP.CN,CD,2021,1148295.10644021
NY.GDP.PCAP.CN,CD,2020,971222.130509198
NY.GDP.PCAP.CN,CD,2019,948916.68496152
NY.GDP.PCAP.CN,CD,2018,886242.769561666
NY.GDP.PCAP.CN,CD,2017,660582.950154297
NY.GDP.PCAP.CN,CD,2016,460726.295743695
NY.GDP.PCAP.CN,CD,2015,446384.54078996
NY.GDP.PCAP.CN,CD,2014,436953.133866736
NY.GDP.PCAP.CN,CD,2013,409082.096450803
NY.GDP.PCAP.CN,CD,2012,379653.036534758
NY.GDP.PCAP.CN,CD,2011,346073.520686674
NY.GDP.PCAP.CN,CD,2010,294265.808613926
NY.GDP.PCAP.CN,CD,2009,234963.955039092
NY.GDP.PCAP.CN,CD,2008,177793.053572414
NY.GDP.PCAP.CN,CD,2007,143455.986585839
NY.GDP.PCAP.CN,CD,2006,115918.646762689
NY.GDP.PCAP.CN,CD,2005,100265.963471389
NY.GDP.PCAP.CN,CD,2004,75044.2191016876
NY.GDP.PCAP.CN,CD,2003,68099.2939188269
NY.GDP.PCAP.CN,CD,2002,58571.1197563102
NY.GDP.PCAP.CN,CD,2001,44534.137052887
NY.GDP.PCAP.CN,CD,2000,27091.217031105
NY.GDP.PCAP.CN,CD,1999,1097.32975915297
NY.GDP.PCAP.CN,CD,1998,217.666103997418
NY.GDP.PCAP.CN,CD,1997,178.482989611531
NY.GDP.PCAP.CN,CD,1996,65.6501508237696
NY.GDP.PCAP.CN,CD,1995,9.15824317499477
NY.GDP.PCAP.CN,CG,2023,1521776.3800075
NY.GDP.PCAP.CN,CG,2022,1652483.30771818
NY.GDP.PCAP.CN,CG,2021,1408768.55741949
NY.GDP.PCAP.CN,CG,2020,1157666.59942331
NY.GDP.PCAP.CN,CG,2019,1470015.83780806
NY.GDP.PCAP.CN,CG,2018,1508181.78254539
NY.GDP.PCAP.CN,CG,2017,1293547.97565668
NY.GDP.PCAP.CN,CG,2016,1248927.36703617
NY.GDP.PCAP.CN,CG,2015,1451626.23792894
NY.GDP.PCAP.CN,CG,2014,1789291.17135952
NY.GDP.PCAP.CN,CG,2013,1837134.24812337
NY.GDP.PCAP.CN,CG,2012,1916557.48880233
NY.GDP.PCAP.CN,CG,2011,1609343.45153021
NY.GDP.PCAP.CN,CG,2010,1465957.87541991
NY.GDP.PCAP.CN,CG,2009,1074126.60344872
NY.GDP.PCAP.CN,CG,2008,1270499.42757266
NY.GDP.PCAP.CN,CG,2007,1062524.88101975
NY.GDP.PCAP.CN,CG,2006,1105906.58069091
NY.GDP.PCAP.CN,CG,2005,954648.161817058
NY.GDP.PCAP.CN,CG,2004,693139.05795408
NY.GDP.PCAP.CN,CG,2003,593286.385511174
NY.GDP.PCAP.CN,CG,2002,631882.366432334
NY.GDP.PCAP.CN,CG,2001,629451.882409304
NY.GDP.PCAP.CN,CG,2000,731486.297195624
NY.GDP.PCAP.CN,CG,1999,480432.16021433
NY.GDP.PCAP.CN,CG,1998,391567.92636167
NY.GDP.PCAP.CN,CG,1997,471541.757549555
NY.GDP.PCAP.CN,CG,1996,461443.693537765
NY.GDP.PCAP.CN,CG,1995,385149.88646429
NY.GDP.PCAP.CN,KM,2023,722144.753689523
NY.GDP.PCAP.CN,KM,2022,693718.389075186
NY.GDP.PCAP.CN,KM,2021,656158.223033622
NY.GDP.PCAP.CN,KM,2020,654517.804025474
NY.GDP.PCAP.CN,KM,2019,663939.690462284
NY.GDP.PCAP.CN,KM,2018,637932.122739153
NY.GDP.PCAP.CN,KM,2017,616041.981766238
NY.GDP.PCAP.CN,KM,2016,603242.691280996
NY.GDP.PCAP.CN,KM,2015,586601.772626182
NY.GDP.PCAP.CN,KM,2014,595726.07233016
NY.GDP.PCAP.CN,KM,2013,591194.078293606
NY.GDP.PCAP.CN,KM,2012,568230.655624911
NY.GDP.PCAP.CN,KM,2011,539638.336832962
NY.GDP.PCAP.CN,KM,2010,513619.9285392
NY.GDP.PCAP.CN,KM,2009,497020.200998299
NY.GDP.PCAP.CN,KM,2008,486580.774302191
NY.GDP.PCAP.CN,KM,2007,463004.478853102
NY.GDP.PCAP.CN,KM,2006,452584.766926097
NY.GDP.PCAP.CN,KM,2005,436251.756841347
NY.GDP.PCAP.CN,KM,2004,431267.787884106
NY.GDP.PCAP.CN,KM,2003,417190.816129655
NY.GDP.PCAP.CN,KM,2002,396429.996046844
NY.GDP.PCAP.CN,KM,2001,379588.163018653
NY.GDP.PCAP.CN,KM,2000,348453.120400627
NY.GDP.PCAP.CN,KM,1999,335474.115906185
NY.GDP.PCAP.CN,KM,1998,317383.745607694
NY.GDP.PCAP.CN,KM,1997,315890.248756022
NY.GDP.PCAP.CN,KM,1996,307411.873239893
NY.GDP.PCAP.CN,KM,1995,308349.181412271
NY.GDP.PCAP.CN,CV,2023,440658.516207269
NY.GDP.PCAP.CN,CV,2022,407278.83162578
NY.GDP.PCAP.CN,CV,2021,325328.662669558
NY.GDP.PCAP.CN,CV,2020,302622.197240148
NY.GDP.PCAP.CN,CV,2019,384431.639602794
NY.GDP.PCAP.CN,CV,2018,360618.900143907
NY.GDP.PCAP.CN,CV,2017,345683.322890005
NY.GDP.PCAP.CN,CV,2016,330236.490721605
NY.GDP.PCAP.CN,CV,2015,314961.105899313
NY.GDP.PCAP.CN,CV,2014,310489.102249504
NY.GDP.PCAP.CN,CV,2013,312158.206467385
NY.GDP.PCAP.CN,CV,2012,309320.667810529
NY.GDP.PCAP.CN,CV,2011,307599.784653123
NY.GDP.PCAP.CN,CV,2010,291556.813734143
NY.GDP.PCAP.CN,CV,2009,287512.502957501
NY.GDP.PCAP.CN,CV,2008,289279.9822078
NY.GDP.PCAP.CN,CV,2007,263474.551891792
NY.GDP.PCAP.CN,CV,2006,195204.496436045
NY.GDP.PCAP.CN,CV,2005,174879.82598356
NY.GDP.PCAP.CN,CV,2004,168699.906901803
NY.GDP.PCAP.CN,CV,2003,165649.927617588
NY.GDP.PCAP.CN,CV,2002,153747.557957953
NY.GDP.PCAP.CN,CV,2001,148898.089741994
NY.GDP.PCAP.CN,CV,2000,140836.679243471
NY.GDP.PCAP.CN,CV,1999,136371.511497308
NY.GDP.PCAP.CN,CV,1998,116374.528751925
NY.GDP.PCAP.CN,CV,1997,106080.5342572
NY.GDP.PCAP.CN,CV,1996,98476.2825796246
NY.GDP.PCAP.CN,CV,1995,91007.5346028752
NY.GDP.PCAP.CN,DJ,2023,640936.017176219
NY.GDP.PCAP.CN,DJ,2022,582594.087160715
NY.GDP.PCAP.CN,DJ,2021,544279.711946105
NY.GDP.PCAP.CN,DJ,2020,519254.324610423
NY.GDP.PCAP.CN,DJ,2019,511133.355959158
NY.GDP.PCAP.CN,DJ,2018,489770.337344566
NY.GDP.PCAP.CN,DJ,2017,471979.563520865
NY.GDP.PCAP.CN,DJ,2016,452431.245009826
NY.GDP.PCAP.CN,DJ,2015,428185.320578499
NY.GDP.PCAP.CN,DJ,2014,397937.67484559
NY.GDP.PCAP.CN,DJ,2013,373604.721570193
NY.GDP.PCAP.CN,DJ,2012,252090.282165825
NY.GDP.PCAP.CN,DJ,2011,235076.232025457
NY.GDP.PCAP.CN,DJ,2010,218209.549836325
NY.GDP.PCAP.CN,DJ,2009,206911.973436999
NY.GDP.PCAP.CN,DJ,2008,201115.432796533
NY.GDP.PCAP.CN,DJ,2007,174172.095109085
NY.GDP.PCAP.CN,DJ,2006,161338.312786987
NY.GDP.PCAP.CN,DJ,2005,151576.49715175
NY.GDP.PCAP.CN,DJ,2004,144646.756430136
NY.GDP.PCAP.CN,DJ,2003,137089.399822175
NY.GDP.PCAP.CN,DJ,2002,133127.536815907
NY.GDP.PCAP.CN,DJ,2001,132896.05350821
NY.GDP.PCAP.CN,DJ,2000,132022.834563961
NY.GDP.PCAP.CN,DJ,1999,132438.894534253
NY.GDP.PCAP.CN,DJ,1998,131520.462787083
NY.GDP.PCAP.CN,DJ,1997,133779.38441357
NY.GDP.PCAP.CN,DJ,1996,136190.391980752
NY.GDP.PCAP.CN,DJ,1995,140491.313000402
NY.GDP.PCAP.CN,EG,2023,90096.757533438
NY.GDP.PCAP.CN,EG,2022,70659.4533027868
NY.GDP.PCAP.CN,EG,2021,60982.6759997407
NY.GDP.PCAP.CN,EG,2020,57252.0572114115
NY.GDP.PCAP.CN,EG,2019,52983.0563764621
NY.GDP.PCAP.CN,EG,2018,44979.4253975282
NY.GDP.PCAP.CN,EG,2017,35916.3184263632
NY.GDP.PCAP.CN,EG,2016,27152.6415599771
NY.GDP.PCAP.CN,EG,2015,25008.2377579283
NY.GDP.PCAP.CN,EG,2014,22282.1238240845
NY.GDP.PCAP.CN,EG,2013,19923.3458798437
NY.GDP.PCAP.CN,EG,2012,18354.8125667522
NY.GDP.PCAP.CN,EG,2011,15371.0669278294
NY.GDP.PCAP.CN,EG,2010,13828.8439083054
NY.GDP.PCAP.CN,EG,2009,12189.3219948701
NY.GDP.PCAP.CN,EG,2008,10680.4498498136
NY.GDP.PCAP.CN,EG,2007,9058.7603765102
NY.GDP.PCAP.CN,EG,2006,7660.95160751619
NY.GDP.PCAP.CN,EG,2005,6809.96381803625
NY.GDP.PCAP.CN,EG,2004,6260.12392517071
NY.GDP.PCAP.CN,EG,2003,5496.07348662293
NY.GDP.PCAP.CN,EG,2002,5093.16917296786
NY.GDP.PCAP.CN,EG,2001,4923.52808300396
NY.GDP.PCAP.CN,EG,2000,4765.21601357497
NY.GDP.PCAP.CN,EG,1999,4400.07577399672
NY.GDP.PCAP.CN,EG,1998,4198.92986897366
NY.GDP.PCAP.CN,EG,1997,3969.02826485488
NY.GDP.PCAP.CN,EG,1996,3498.80756093229
NY.GDP.PCAP.CN,EG,1995,3179.20882209253
NY.GDP.PCAP.CN,ER,2023,None
NY.GDP.PCAP.CN,ER,2022,None
NY.GDP.PCAP.CN,ER,2021,None
NY.GDP.PCAP.CN,ER,2020,None
NY.GDP.PCAP.CN,ER,2019,None
NY.GDP.PCAP.CN,ER,2018,None
NY.GDP.PCAP.CN,ER,2017,None
NY.GDP.PCAP.CN,ER,2016,None
NY.GDP.PCAP.CN,ER,2015,None
NY.GDP.PCAP.CN,ER,2014,None
NY.GDP.PCAP.CN,ER,2013,None
NY.GDP.PCAP.CN,ER,2012,None
NY.GDP.PCAP.CN,ER,2011,9898.2719005353
NY.GDP.PCAP.CN,ER,2010,7763.95157521602
NY.GDP.PCAP.CN,ER,2009,9256.72206643043
NY.GDP.PCAP.CN,ER,2008,7059.86794105621
NY.GDP.PCAP.CN,ER,2007,6925.04934781598
NY.GDP.PCAP.CN,ER,2006,6465.62937377369
NY.GDP.PCAP.CN,ER,2005,5961.19244335269
NY.GDP.PCAP.CN,ER,2004,5533.95126558915
NY.GDP.PCAP.CN,ER,2003,4551.61532982336
NY.GDP.PCAP.CN,ER,2002,3996.19910152374
NY.GDP.PCAP.CN,ER,2001,3456.19975734455
NY.GDP.PCAP.CN,ER,2000,2841.27039383504
NY.GDP.PCAP.CN,ER,1999,2383.43085886262
NY.GDP.PCAP.CN,ER,1998,2362.92408189764
NY.GDP.PCAP.CN,ER,1997,2156.89654344789
NY.GDP.PCAP.CN,ER,1996,1947.19869898188
NY.GDP.PCAP.CN,ER,1995,1714.84595915113
NY.GDP.PCAP.CN,ET,2023,68936.3050085887
NY.GDP.PCAP.CN,ET,2022,49902.8918189316
NY.GDP.PCAP.CN,ET,2021,36090.0797424235
NY.GDP.PCAP.CN,ET,2020,28797.0028665448
NY.GDP.PCAP.CN,ET,2019,23578.1370012848
NY.GDP.PCAP.CN,ET,2018,19797.823507395
NY.GDP.PCAP.CN,ET,2017,16939.1933950689
NY.GDP.PCAP.CN,ET,2016,14892.6671713398
NY.GDP.PCAP.CN,ET,2015,12666.5115346993
NY.GDP.PCAP.CN,ET,2014,10635.075386805
NY.GDP.PCAP.CN,ET,2013,8929.56424106431
NY.GDP.PCAP.CN,ET,2012,7912.2961382842
NY.GDP.PCAP.CN,ET,2011,5609.78173445842
NY.GDP.PCAP.CN,ET,2010,4324.13764253757
NY.GDP.PCAP.CN,ET,2009,3895.60115582184
NY.GDP.PCAP.CN,ET,2008,2966.0399132948
NY.GDP.PCAP.CN,ET,2007,2113.62006537255
NY.GDP.PCAP.CN,ET,2006,1664.5737946733
NY.GDP.PCAP.CN,ET,2005,1384.92037169514
NY.GDP.PCAP.CN,ET,2004,1159.68896094457
NY.GDP.PCAP.CN,ET,2003,1011.29914349603
NY.GDP.PCAP.CN,ET,2002,943.634114483213
NY.GDP.PCAP.CN,ET,2001,993.188894896258
NY.GDP.PCAP.CN,ET,2000,1001.90906363984
NY.GDP.PCAP.CN,ET,1999,910.964049538475
NY.GDP.PCAP.CN,ET,1998,873.464555593862
NY.GDP.PCAP.CN,ET,1997,934.272796515893
NY.GDP.PCAP.CN,ET,1996,932.741045900571
NY.GDP.PCAP.CN,ET,1995,854.612553547068
NY.GDP.PCAP.CN,FM,2023,3992.22384225509
NY.GDP.PCAP.CN,FM,2022,3766.51133457132
NY.GDP.PCAP.CN,FM,2021,3447.33097029108
NY.GDP.PCAP.CN,FM,2020,3318.28804881095
NY.GDP.PCAP.CN,FM,2019,3537.47115704038
NY.GDP.PCAP.CN,FM,2018,3533.79188489935
NY.GDP.PCAP.CN,FM,2017,3250.9281898035
NY.GDP.PCAP.CN,FM,2016,2956.56129178986
NY.GDP.PCAP.CN,FM,2015,2891.32210264749
NY.GDP.PCAP.CN,FM,2014,2928.44878191958
NY.GDP.PCAP.CN,FM,2013,2920.70086272777
NY.GDP.PCAP.CN,FM,2012,3023.58544607879
NY.GDP.PCAP.CN,FM,2011,2885.44124871393
NY.GDP.PCAP.CN,FM,2010,2760.0113395546
NY.GDP.PCAP.CN,FM,2009,2598.40360440538
NY.GDP.PCAP.CN,FM,2008,2420.7490064763
NY.GDP.PCAP.CN,FM,2007,2344.40346200197
NY.GDP.PCAP.CN,FM,2006,2298.63645841833
NY.GDP.PCAP.CN,FM,2005,2256.01135749054
NY.GDP.PCAP.CN,FM,2004,2155.78169026723
NY.GDP.PCAP.CN,FM,2003,2195.18715620947
NY.GDP.PCAP.CN,FM,2002,2165.48682048718
NY.GDP.PCAP.CN,FM,2001,2152.5252795941
NY.GDP.PCAP.CN,FM,2000,2088.20954444136
NY.GDP.PCAP.CN,FM,1999,1973.66392024314
NY.GDP.PCAP.CN,FM,1998,1964.64373552591
NY.GDP.PCAP.CN,FM,1997,1859.27042372653
NY.GDP.PCAP.CN,FM,1996,1972.60188653699
NY.GDP.PCAP.CN,FM,1995,2008.33242694511
NY.GDP.PCAP.CN,GH,2023,24665.4153033594
NY.GDP.PCAP.CN,GH,2022,18351.6142433341
NY.GDP.PCAP.CN,GH,2021,14061.9041842345
NY.GDP.PCAP.CN,GH,2020,12179.4856813624
NY.GDP.PCAP.CN,GH,2019,11310.8617933532
NY.GDP.PCAP.CN,GH,2018,9996.14474153614
NY.GDP.PCAP.CN,GH,2017,8695.50949230736
NY.GDP.PCAP.CN,GH,2016,7430.20721551105
NY.GDP.PCAP.CN,GH,2015,6356.76033952342
NY.GDP.PCAP.CN,GH,2014,5627.81883390756
NY.GDP.PCAP.CN,GH,2013,4522.2481023754
NY.GDP.PCAP.CN,GH,2012,2804.12646346097
NY.GDP.PCAP.CN,GH,2011,2282.54810235587
NY.GDP.PCAP.CN,GH,2010,1800.29739916204
NY.GDP.PCAP.CN,GH,2009,1466.79255727741
NY.GDP.PCAP.CN,GH,2008,1240.58579581665
NY.GDP.PCAP.CN,GH,2007,976.638083170802
NY.GDP.PCAP.CN,GH,2006,827.411864085533
NY.GDP.PCAP.CN,GH,2005,432.328807579303
NY.GDP.PCAP.CN,GH,2004,364.677672012856
NY.GDP.PCAP.CN,GH,2003,310.169748827845
NY.GDP.PCAP.CN,GH,2002,235.38506910432
NY.GDP.PCAP.CN,GH,2001,188.510088124741
NY.GDP.PCAP.CN,GH,2000,138.071735977042
NY.GDP.PCAP.CN,GH,1999,107.316182358143
NY.GDP.PCAP.CN,GH,1998,92.4192886151363
NY.GDP.PCAP.CN,GH,1997,77.2573302883068
NY.GDP.PCAP.CN,GH,1996,63.5434523966306
NY.GDP.PCAP.CN,GH,1995,44.4506910251201
NY.GDP.PCAP.CN,GN,2023,14792407.6243284
NY.GDP.PCAP.CN,GN,2022,13173022.2608276
NY.GDP.PCAP.CN,GN,2021,11609943.1203557
NY.GDP.PCAP.CN,GN,2020,10269639.8140938
NY.GDP.PCAP.CN,GN,2019,9587046.96914527
NY.GDP.PCAP.CN,GN,2018,8510270.72694694
NY.GDP.PCAP.CN,GN,2017,7665672.85311429
NY.GDP.PCAP.CN,GN,2016,6461151.61547852
NY.GDP.PCAP.CN,GN,2015,5662236.41660699
NY.GDP.PCAP.CN,GN,2014,5432919.2446374
NY.GDP.PCAP.CN,GN,2013,5234045.83268132
NY.GDP.PCAP.CN,GN,2012,4945741.15583242
NY.GDP.PCAP.CN,GN,2011,4291118.11483825
NY.GDP.PCAP.CN,GN,2010,3820901.84347205
NY.GDP.PCAP.CN,GN,2009,3217980.06919845
NY.GDP.PCAP.CN,GN,2008,3276861.47691386
NY.GDP.PCAP.CN,GN,2007,2762093.42330987
NY.GDP.PCAP.CN,GN,2006,2328656.87732601
NY.GDP.PCAP.CN,GN,2005,1707499.84092102
NY.GDP.PCAP.CN,GN,2004,1327363.81078132
NY.GDP.PCAP.CN,GN,2003,1137063.85503657
NY.GDP.PCAP.CN,GN,2002,990850.413521432
NY.GDP.PCAP.CN,GN,2001,952800.365498868
NY.GDP.PCAP.CN,GN,2000,915126.869040024
NY.GDP.PCAP.CN,GN,1999,856518.003529586
NY.GDP.PCAP.CN,GN,1998,809660.717518638
NY.GDP.PCAP.CN,GN,1997,770491.958464866
NY.GDP.PCAP.CN,GN,1996,737188.187460425
NY.GDP.PCAP.CN,GN,1995,714943.888681123
NY.GDP.PCAP.CN,GM,2023,51554.0868710442
NY.GDP.PCAP.CN,GM,2022,44434.5424487582
NY.GDP.PCAP.CN,GM,2021,39958.4825905839
NY.GDP.PCAP.CN,GM,2020,36258.7375266852
NY.GDP.PCAP.CN,GM,2019,36188.9193318301
NY.GDP.PCAP.CN,GM,2018,32903.2980683181
NY.GDP.PCAP.CN,GM,2017,29456.8782226642
NY.GDP.PCAP.CN,GM,2016,27787.7492549217
NY.GDP.PCAP.CN,GM,2015,25999.8240671989
NY.GDP.PCAP.CN,GM,2014,23439.3028566678
NY.GDP.PCAP.CN,GM,2013,23278.4216815248
NY.GDP.PCAP.CN,GM,2012,22022.798777689
NY.GDP.PCAP.CN,GM,2011,20784.4393387689
NY.GDP.PCAP.CN,GM,2010,22315.2141539017
NY.GDP.PCAP.CN,GM,2009,20572.7754737586
NY.GDP.PCAP.CN,GM,2008,19037.8903095891
NY.GDP.PCAP.CN,GM,2007,18035.5343668674
NY.GDP.PCAP.CN,GM,2006,17287.7548802251
NY.GDP.PCAP.CN,GM,2005,17687.0446792518
NY.GDP.PCAP.CN,GM,2004,17916.8269937509
NY.GDP.PCAP.CN,GM,2003,8871.7631269964
NY.GDP.PCAP.CN,GM,2002,7566.03316334072
NY.GDP.PCAP.CN,GM,2001,7288.87538536306
NY.GDP.PCAP.CN,GM,2000,6964.40861778359
NY.GDP.PCAP.CN,GM,1999,6647.94983741485
NY.GDP.PCAP.CN,GM,1998,6594.39067858536
NY.GDP.PCAP.CN,GM,1997,6224.13200587395
NY.GDP.PCAP.CN,GM,1996,6497.18045142174
NY.GDP.PCAP.CN,GM,1995,6039.33567066912
NY.GDP.PCAP.CN,GW,2023,554571.651474167
NY.GDP.PCAP.CN,GW,2022,507810.251495322
NY.GDP.PCAP.CN,GW,2021,464070.099736937
NY.GDP.PCAP.CN,GW,2020,434147.655454731
NY.GDP.PCAP.CN,GW,2019,442000.510541463
NY.GDP.PCAP.CN,GW,2018,448445.807824079
NY.GDP.PCAP.CN,GW,2017,454059.577854546
NY.GDP.PCAP.CN,GW,2016,402189.744417166
NY.GDP.PCAP.CN,GW,2015,380846.1981789
NY.GDP.PCAP.CN,GW,2014,321537.010876328
NY.GDP.PCAP.CN,GW,2013,322821.947362427
NY.GDP.PCAP.CN,GW,2012,324183.776278935
NY.GDP.PCAP.CN,GW,2011,338883.730290792
NY.GDP.PCAP.CN,GW,2010,296807.270143137
NY.GDP.PCAP.CN,GW,2009,274123.345921631
NY.GDP.PCAP.CN,GW,2008,285461.511932776
NY.GDP.PCAP.CN,GW,2007,248515.21056628
NY.GDP.PCAP.CN,GW,2006,234515.552051934
NY.GDP.PCAP.CN,GW,2005,244490.896198043
NY.GDP.PCAP.CN,GW,2004,227912.581421407
NY.GDP.PCAP.CN,GW,2003,244015.555465636
NY.GDP.PCAP.CN,GW,2002,251857.072687684
NY.GDP.PCAP.CN,GW,2001,240337.249190493
NY.GDP.PCAP.CN,GW,2000,225808.98638706
NY.GDP.PCAP.CN,GW,1999,295667.36574011
NY.GDP.PCAP.CN,GW,1998,294476.971356915
NY.GDP.PCAP.CN,GW,1997,350523.685155738
NY.GDP.PCAP.CN,GW,1996,250064.521738365
NY.GDP.PCAP.CN,GW,1995,164300.501942601
NY.GDP.PCAP.CN,HN,2023,79887.2321333671
NY.GDP.PCAP.CN,HN,2022,73756.7742689924
NY.GDP.PCAP.CN,HN,2021,65762.7954695041
NY.GDP.PCAP.CN,HN,2020,56713.6179734696
NY.GDP.PCAP.CN,HN,2019,61234.809835574
NY.GDP.PCAP.CN,HN,2018,58745.4009813282
NY.GDP.PCAP.CN,HN,2017,56446.6519757985
NY.GDP.PCAP.CN,HN,2016,52418.6120451996
NY.GDP.PCAP.CN,HN,2015,49535.2038650794
NY.GDP.PCAP.CN,HN,2014,45425.1200118845
NY.GDP.PCAP.CN,HN,2013,42021.4053500764
NY.GDP.PCAP.CN,HN,2012,41097.9773705988
NY.GDP.PCAP.CN,HN,2011,38855.0472113437
NY.GDP.PCAP.CN,HN,2010,35414.5512690729
NY.GDP.PCAP.CN,HN,2009,33299.7636186284
NY.GDP.PCAP.CN,HN,2008,32390.0423326883
NY.GDP.PCAP.CN,HN,2007,29474.2027913062
NY.GDP.PCAP.CN,HN,2006,26634.3025357641
NY.GDP.PCAP.CN,HN,2005,24290.3900040888
NY.GDP.PCAP.CN,HN,2004,21874.3867160513
NY.GDP.PCAP.CN,HN,2003,19830.6248048253
NY.GDP.PCAP.CN,HN,2002,18400.0417099483
NY.GDP.PCAP.CN,HN,2001,17317.652406213
NY.GDP.PCAP.CN,HN,2000,16022.0228415625
NY.GDP.PCAP.CN,HN,1999,14210.7739180979
NY.GDP.PCAP.CN,HN,1998,13664.0630307788
NY.GDP.PCAP.CN,HN,1997,12278.8875593414
NY.GDP.PCAP.CN,HN,1996,10331.3689670462
NY.GDP.PCAP.CN,HN,1995,8822.20535532422
NY.GDP.PCAP.CN,HT,2023,238667.879702894
NY.GDP.PCAP.CN,HT,2022,187157.844197788
NY.GDP.PCAP.CN,HT,2021,147959.294798747
NY.GDP.PCAP.CN,HT,2020,128231.488490865
NY.GDP.PCAP.CN,HT,2019,113202.216472149
NY.GDP.PCAP.CN,HT,2018,97441.4363653551
NY.GDP.PCAP.CN,HT,2017,91196.0690816983
NY.GDP.PCAP.CN,HT,2016,79281.0221704637
NY.GDP.PCAP.CN,HT,2015,68257.4357778203
NY.GDP.PCAP.CN,HT,2014,64912.0066572295
NY.GDP.PCAP.CN,HT,2013,62631.3969235195
NY.GDP.PCAP.CN,HT,2012,56387.2273134624
NY.GDP.PCAP.CN,HT,2011,52652.9612493561
NY.GDP.PCAP.CN,HT,2010,48567.5175456777
NY.GDP.PCAP.CN,HT,2009,48485.5725698562
NY.GDP.PCAP.CN,HT,2008,41694.3734715146
NY.GDP.PCAP.CN,HT,2007,36636.8551441243
NY.GDP.PCAP.CN,HT,2006,34168.4871439351
NY.GDP.PCAP.CN,HT,2005,30077.5334013762
NY.GDP.PCAP.CN,HT,2004,26955.796810106
NY.GDP.PCAP.CN,HT,2003,23283.9213390004
NY.GDP.PCAP.CN,HT,2002,19402.5522464465
NY.GDP.PCAP.CN,HT,2001,17726.7113211324
NY.GDP.PCAP.CN,HT,2000,15991.4273479482
NY.GDP.PCAP.CN,HT,1999,8436.41098163576
NY.GDP.PCAP.CN,HT,1998,7815.13618337217
NY.GDP.PCAP.CN,HT,1997,6823.09872735551
NY.GDP.PCAP.CN,HT,1996,6003.01675818049
NY.GDP.PCAP.CN,HT,1995,5339.87303004097
NY.GDP.PCAP.CN,IN,2023,205719.703027792
NY.GDP.PCAP.CN,IN,2022,190164.803947336
NY.GDP.PCAP.CN,IN,2021,167647.092260916
NY.GDP.PCAP.CN,IN,2020,142181.889410221
NY.GDP.PCAP.CN,IN,2019,145350.428091452
NY.GDP.PCAP.CN,IN,2018,138054.220627176
NY.GDP.PCAP.CN,IN,2017,126200.685864918
NY.GDP.PCAP.CN,IN,2016,114980.211988518
NY.GDP.PCAP.CN,IN,2015,104106.301178564
NY.GDP.PCAP.CN,IN,2014,95375.7321722907
NY.GDP.PCAP.CN,IN,2013,87005.2098740212
NY.GDP.PCAP.CN,IN,2012,78023.6395243316
NY.GDP.PCAP.CN,IN,2011,69467.0921092392
NY.GDP.PCAP.CN,IN,2010,61537.8711091371
NY.GDP.PCAP.CN,IN,2009,52028.4210167636
NY.GDP.PCAP.CN,IN,2008,45694.815109692
NY.GDP.PCAP.CN,IN,2007,41175.8912855556
NY.GDP.PCAP.CN,IN,2006,36290.7208206023
NY.GDP.PCAP.CN,IN,2005,31456.8065303558
NY.GDP.PCAP.CN,IN,2004,28042.1652792992
NY.GDP.PCAP.CN,IN,2003,24990.9821687638
NY.GDP.PCAP.CN,IN,2002,22694.9302811655
NY.GDP.PCAP.CN,IN,2001,21457.8812281173
NY.GDP.PCAP.CN,IN,2000,20194.5798919612
NY.GDP.PCAP.CN,IN,1999,19108.7118665349
NY.GDP.PCAP.CN,IN,1998,17351.0575551537
NY.GDP.PCAP.CN,IN,1997,15416.9366649918
NY.GDP.PCAP.CN,IN,1996,14185.3210370179
NY.GDP.PCAP.CN,IN,1995,12502.4242415186
NY.GDP.PCAP.CN,JO,2023,3182.28107867539
NY.GDP.PCAP.CN,JO,2022,3060.81003598394
NY.GDP.PCAP.CN,JO,2021,2948.45814752736
NY.GDP.PCAP.CN,JO,2020,2839.05792818757
NY.GDP.PCAP.CN,JO,2019,2953.35416518089
NY.GDP.PCAP.CN,JO,2018,2943.94919054883
NY.GDP.PCAP.CN,JO,2017,2891.91264623414
NY.GDP.PCAP.CN,JO,2016,2842.41736995236
NY.GDP.PCAP.CN,JO,2015,2885.61963740986
NY.GDP.PCAP.CN,JO,2014,3021.68495451504
NY.GDP.PCAP.CN,JO,2013,3179.10900770311
NY.GDP.PCAP.CN,JO,2012,3114.3878911732
NY.GDP.PCAP.CN,JO,2011,2948.27072649993
NY.GDP.PCAP.CN,JO,2010,2779.43787404826
NY.GDP.PCAP.CN,JO,2009,2569.41375796716
NY.GDP.PCAP.CN,JO,2008,2424.31040063635
NY.GDP.PCAP.CN,JO,2007,1874.00642346122
NY.GDP.PCAP.CN,JO,2006,1757.10898835792
NY.GDP.PCAP.CN,JO,2005,1571.81413371832
NY.GDP.PCAP.CN,JO,2004,1462.45144306572
NY.GDP.PCAP.CN,JO,2003,1339.61142799535
NY.GDP.PCAP.CN,JO,2002,1287.83220346308
NY.GDP.PCAP.CN,JO,2001,1232.48458837451
NY.GDP.PCAP.CN,JO,2000,1186.41091070046
NY.GDP.PCAP.CN,JO,1999,1167.1505976337
NY.GDP.PCAP.CN,JO,1998,1157.99614524225
NY.GDP.PCAP.CN,JO,1997,1085.26902516338
NY.GDP.PCAP.CN,JO,1996,1065.72907273152
NY.GDP.PCAP.CN,JO,1995,1057.53561699298
NY.GDP.PCAP.CN,KE,2023,272686.319524805
NY.GDP.PCAP.CN,KE,2022,247435.902395386
NY.GDP.PCAP.CN,KE,2021,226912.983217212
NY.GDP.PCAP.CN,KE,2020,206115.40309677
NY.GDP.PCAP.CN,KE,2019,200931.023552814
NY.GDP.PCAP.CN,KE,2018,186980.76507612
NY.GDP.PCAP.CN,KE,2017,173313.971071054
NY.GDP.PCAP.CN,KE,2016,158557.601503466
NY.GDP.PCAP.CN,KE,2015,146939.132434812
NY.GDP.PCAP.CN,KE,2014,130996.966019034
NY.GDP.PCAP.CN,KE,2013,118576.494995755
NY.GDP.PCAP.CN,KE,2012,109024.65697259
NY.GDP.PCAP.CN,KE,2011,97631.0529172835
NY.GDP.PCAP.CN,KE,2010,86652.5145362018
NY.GDP.PCAP.CN,KE,2009,81151.6690283161
NY.GDP.PCAP.CN,KE,2008,63364.4997900446
NY.GDP.PCAP.CN,KE,2007,56559.6841984023
NY.GDP.PCAP.CN,KE,2006,50427.3051290942
NY.GDP.PCAP.CN,KE,2005,39497.9383706893
NY.GDP.PCAP.CN,KE,2004,36627.2420920816
NY.GDP.PCAP.CN,KE,2003,33517.2775458921
NY.GDP.PCAP.CN,KE,2002,31585.6800080952
NY.GDP.PCAP.CN,KE,2001,32082.075341137
NY.GDP.PCAP.CN,KE,2000,31370.7147044468
NY.GDP.PCAP.CN,KE,1999,30266.1013072896
NY.GDP.PCAP.CN,KE,1998,29199.8938957194
NY.GDP.PCAP.CN,KE,1997,27157.8701989235
NY.GDP.PCAP.CN,KE,1996,24913.2595995269
NY.GDP.PCAP.CN,KE,1995,17309.4997248157
NY.GDP.PCAP.CN,KG,2023,173064.837764759
NY.GDP.PCAP.CN,KG,2022,146345.409970035
NY.GDP.PCAP.CN,KG,2021,115577.745297783
NY.GDP.PCAP.CN,KG,2020,97218.5899481755
NY.GDP.PCAP.CN,KG,2019,101300.331464329
NY.GDP.PCAP.CN,KG,2018,90052.7614348074
NY.GDP.PCAP.CN,KG,2017,85585.4441612081
NY.GDP.PCAP.CN,KG,2016,78350.3906571264
NY.GDP.PCAP.CN,KG,2015,72267.3538249761
NY.GDP.PCAP.CN,KG,2014,68664.8958958101
NY.GDP.PCAP.CN,KG,2013,62118.819497867
NY.GDP.PCAP.CN,KG,2012,55370.1134255957
NY.GDP.PCAP.CN,KG,2011,51860.3525187684
NY.GDP.PCAP.CN,KG,2010,40450.3203069072
NY.GDP.PCAP.CN,KG,2009,37379.0983225902
NY.GDP.PCAP.CN,KG,2008,35345.4603568541
NY.GDP.PCAP.CN,KG,2007,26933.73699795
NY.GDP.PCAP.CN,KG,2006,21807.4697225203
NY.GDP.PCAP.CN,KG,2005,19544.2606438616
NY.GDP.PCAP.CN,KG,2004,18483.1038062962
NY.GDP.PCAP.CN,KG,2003,16630.2619316717
NY.GDP.PCAP.CN,KG,2002,15101.4486945719
NY.GDP.PCAP.CN,KG,2001,14940.7494287274
NY.GDP.PCAP.CN,KG,2000,13342.6629103381
NY.GDP.PCAP.CN,KG,1999,10070.2421287497
NY.GDP.PCAP.CN,KG,1998,7167.41455231705
NY.GDP.PCAP.CN,KG,1997,6533.87701217954
NY.GDP.PCAP.CN,KG,1996,5055.5915651197
NY.GDP.PCAP.CN,KG,1995,3540.28155424963
NY.GDP.PCAP.CN,KH,2023,7707767.73613969
NY.GDP.PCAP.CN,KH,2022,7217978.73979251
NY.GDP.PCAP.CN,KH,2021,6661387.82977153
NY.GDP.PCAP.CN,KH,2020,6458050.69019312
NY.GDP.PCAP.CN,KH,2019,6787745.08435658
NY.GDP.PCAP.CN,KH,2018,6211718.96429869
NY.GDP.PCAP.CN,KH,2017,5674454.52614223
NY.GDP.PCAP.CN,KH,2016,5199617.8598419
NY.GDP.PCAP.CN,KH,2015,4762289.08891526
NY.GDP.PCAP.CN,KH,2014,4433475.9451777
NY.GDP.PCAP.CN,KH,2013,4088548.29438729
NY.GDP.PCAP.CN,KH,2012,3833296.1024276
NY.GDP.PCAP.CN,KH,2011,3572739.37052474
NY.GDP.PCAP.CN,KH,2010,3275516.44163845
NY.GDP.PCAP.CN,KH,2009,3041644.714229
NY.GDP.PCAP.CN,KH,2008,3009805.11303591
NY.GDP.PCAP.CN,KH,2007,2555064.87390147
NY.GDP.PCAP.CN,KH,2006,2214718.3770412
NY.GDP.PCAP.CN,KH,2005,1944221.49598881
NY.GDP.PCAP.CN,KH,2004,1647028.93563805
NY.GDP.PCAP.CN,KH,2003,1449451.42547024
NY.GDP.PCAP.CN,KH,2002,1335841.01153189
NY.GDP.PCAP.CN,KH,2001,1267059.06578533
NY.GDP.PCAP.CN,KH,2000,1162044.97071956
NY.GDP.PCAP.CN,KH,1999,1124133.65797109
NY.GDP.PCAP.CN,KH,1998,1004391.19460777
NY.GDP.PCAP.CN,KH,1997,887483.500033985
NY.GDP.PCAP.CN,KH,1996,822877.569963082
NY.GDP.PCAP.CN,KH,1995,772350.866466023
NY.GDP.PCAP.CN,KI,2023,3145.71396472306
NY.GDP.PCAP.CN,KI,2022,2971.83613752743
NY.GDP.PCAP.CN,KI,2021,2987.4140633487
NY.GDP.PCAP.CN,KI,2020,2562.01418596744
NY.GDP.PCAP.CN,KI,2019,2511.24829967563
NY.GDP.PCAP.CN,KI,2018,2560.09684200195
NY.GDP.PCAP.CN,KI,2017,2417.70658513484
NY.GDP.PCAP.CN,KI,2016,2345.73422324977
NY.GDP.PCAP.CN,KI,2015,2184.95891420395
NY.GDP.PCAP.CN,KI,2014,1930.68661129713
NY.GDP.PCAP.CN,KI,2013,1844.48111833803
NY.GDP.PCAP.CN,KI,2012,1791.82569119676
NY.GDP.PCAP.CN,KI,2011,1729.30072539615
NY.GDP.PCAP.CN,KI,2010,1666.7438307329
NY.GDP.PCAP.CN,KI,2009,1698.17728970905
NY.GDP.PCAP.CN,KI,2008,1683.24259854183
NY.GDP.PCAP.CN,KI,2007,1617.67877801526
NY.GDP.PCAP.CN,KI,2006,1488.76432560974
NY.GDP.PCAP.CN,KI,2005,1517.86805753637
NY.GDP.PCAP.CN,KI,2004,1475.72331227137
NY.GDP.PCAP.CN,KI,2003,1569.42588704375
NY.GDP.PCAP.CN,KI,2002,1493.50649350649
NY.GDP.PCAP.CN,KI,2001,1391.78844815588
NY.GDP.PCAP.CN,KI,2000,1452.27748632157
NY.GDP.PCAP.CN,KI,1999,1374.74366758698
NY.GDP.PCAP.CN,KI,1998,1386.86556727463
NY.GDP.PCAP.CN,KI,1997,1281.01722256488
NY.GDP.PCAP.CN,KI,1996,1255.55340931041
NY.GDP.PCAP.CN,KI,1995,1141.37038082498
NY.GDP.PCAP.CN,LA,2023,36711513.263968
NY.GDP.PCAP.CN,LA,2022,28834401.7345167
NY.GDP.PCAP.CN,LA,2021,24590262.5393987
NY.GDP.PCAP.CN,LA,2020,23458945.6046869
NY.GDP.PCAP.CN,LA,2019,22553494.82318
NY.GDP.PCAP.CN,LA,2018,21451635.6495688
NY.GDP.PCAP.CN,LA,2017,20112985.0496941
NY.GDP.PCAP.CN,LA,2016,18759569.0431632
NY.GDP.PCAP.CN,LA,2015,17274902.2861267
NY.GDP.PCAP.CN,LA,2014,15960252.2187256
NY.GDP.PCAP.CN,LA,2013,14220760.9162727
NY.GDP.PCAP.CN,LA,2012,12538382.3040888
NY.GDP.PCAP.CN,LA,2011,10949704.9254192
NY.GDP.PCAP.CN,LA,2010,9309332.49201619
NY.GDP.PCAP.CN,LA,2009,7973350.30217033
NY.GDP.PCAP.CN,LA,2008,7758131.05854256
NY.GDP.PCAP.CN,LA,2007,6712705.5931888
NY.GDP.PCAP.CN,LA,2006,5899357.22976165
NY.GDP.PCAP.CN,LA,2005,4980007.4570688
NY.GDP.PCAP.CN,LA,2004,4342674.3119608
NY.GDP.PCAP.CN,LA,2003,3740031.00105202
NY.GDP.PCAP.CN,LA,2002,3154060.656417
NY.GDP.PCAP.CN,LA,2001,2844679.98029606
NY.GDP.PCAP.CN,LA,2000,2511277.32991484
NY.GDP.PCAP.CN,LA,1999,1934324.77824203
NY.GDP.PCAP.CN,LA,1998,804747.830975951
NY.GDP.PCAP.CN,LA,1997,427372.82978982
NY.GDP.PCAP.CN,LA,1996,342132.909343815
NY.GDP.PCAP.CN,LA,1995,287999.921439809
NY.GDP.PCAP.CN,LB,2023,287549299.860103
NY.GDP.PCAP.CN,LB,2022,104427924.715547
NY.GDP.PCAP.CN,LB,2021,48620402.9910073
NY.GDP.PCAP.CN,LB,2020,20652643.3433759
NY.GDP.PCAP.CN,LB,2019,13870105.5707053
NY.GDP.PCAP.CN,LB,2018,13907961.570965
NY.GDP.PCAP.CN,LB,2017,13084945.3638514
NY.GDP.PCAP.CN,LB,2016,12319741.4600569
NY.GDP.PCAP.CN,LB,2015,11762647.6868044
NY.GDP.PCAP.CN,LB,2014,11555559.8854828
NY.GDP.PCAP.CN,LB,2013,12444727.884919
NY.GDP.PCAP.CN,LB,2012,12814022.1986325
NY.GDP.PCAP.CN,LB,2011,11930520.174008
NY.GDP.PCAP.CN,LB,2010,11600582.4624685
NY.GDP.PCAP.CN,LB,2009,10778310.683308
NY.GDP.PCAP.CN,LB,2008,8981227.85682909
NY.GDP.PCAP.CN,LB,2007,7781764.6853964
NY.GDP.PCAP.CN,LB,2006,7033938.92302829
NY.GDP.PCAP.CN,LB,2005,6979738.889401
NY.GDP.PCAP.CN,LB,2004,6972646.15194947
NY.GDP.PCAP.CN,LB,2003,6720598.68491591
NY.GDP.PCAP.CN,LB,2002,6492954.49669483
NY.GDP.PCAP.CN,LB,2001,6061924.72432334
NY.GDP.PCAP.CN,LB,2000,6022253.17441251
NY.GDP.PCAP.CN,LB,1999,6170088.61134771
NY.GDP.PCAP.CN,LB,1998,6257562.00846945
NY.GDP.PCAP.CN,LB,1997,5903761.14624018
NY.GDP.PCAP.CN,LB,1996,5332551.24145967
NY.GDP.PCAP.CN,LB,1995,4798631.96401693
NY.GDP.PCAP.CN,LR,2023,799.501400511629
NY.GDP.PCAP.CN,LR,2022,754.53284857226
NY.GDP.PCAP.CN,LR,2021,676.44292696753
NY.GDP.PCAP.CN,LR,2020,624.289710007737
NY.GDP.PCAP.CN,LR,2019,665.878447568436
NY.GDP.PCAP.CN,LR,2018,700.037039377706
NY.GDP.PCAP.CN,LR,2017,706.892691974846
NY.GDP.PCAP.CN,LR,2016,722.131226789418
NY.GDP.PCAP.CN,LR,2015,699.662946853965
NY.GDP.PCAP.CN,LR,2014,713.734882389203
NY.GDP.PCAP.CN,LR,2013,717.635753333907
NY.GDP.PCAP.CN,LR,2012,644.455576742833
NY.GDP.PCAP.CN,LR,2011,573.526422156584
NY.GDP.PCAP.CN,LR,2010,497.020365397034
NY.GDP.PCAP.CN,LR,2009,452.745228889857
NY.GDP.PCAP.CN,LR,2008,456.144699881365
NY.GDP.PCAP.CN,LR,2007,377.951628798097
NY.GDP.PCAP.CN,LR,2006,323.841225769427
NY.GDP.PCAP.CN,LR,2005,290.541214909265
NY.GDP.PCAP.CN,LR,2004,287.274691932321
NY.GDP.PCAP.CN,LR,2003,242.449937167219
NY.GDP.PCAP.CN,LR,2002,302.881886846333
NY.GDP.PCAP.CN,LR,2001,303.858805600124
NY.GDP.PCAP.CN,LR,2000,301.87646966176
NY.GDP.PCAP.CN,LR,1999,158.365842301603
NY.GDP.PCAP.CN,LR,1998,136.252171092715
NY.GDP.PCAP.CN,LR,1997,124.155582595561
NY.GDP.PCAP.CN,LR,1996,72.3241647103449
NY.GDP.PCAP.CN,LR,1995,62.9194435083284
NY.GDP.PCAP.CN,LK,2023,1253785.17947089
NY.GDP.PCAP.CN,LK,2022,1084881.82228033
NY.GDP.PCAP.CN,LK,2021,794925.618342661
NY.GDP.PCAP.CN,LK,2020,713821.524704594
NY.GDP.PCAP.CN,LK,2019,729760.841535568
NY.GDP.PCAP.CN,LK,2018,708441.784079372
NY.GDP.PCAP.CN,LK,2017,668965.644468104
NY.GDP.PCAP.CN,LK,2016,598024.706454843
NY.GDP.PCAP.CN,LK,2015,542117.056309137
NY.GDP.PCAP.CN,LK,2014,507325.223474404
NY.GDP.PCAP.CN,LK,2013,470305.923014633
NY.GDP.PCAP.CN,LK,2012,427712.722154915
NY.GDP.PCAP.CN,LK,2011,359120.241462227
NY.GDP.PCAP.CN,LK,2010,320761.002420246
NY.GDP.PCAP.CN,LK,2009,236069.739026193
NY.GDP.PCAP.CN,LK,2008,217428.749978495
NY.GDP.PCAP.CN,LK,2007,178233.452390113
NY.GDP.PCAP.CN,LK,2006,147890.064902576
NY.GDP.PCAP.CN,LK,2005,124672.090376137
NY.GDP.PCAP.CN,LK,2004,107275.257278815
NY.GDP.PCAP.CN,LK,2003,94412.8376775226
NY.GDP.PCAP.CN,LK,2002,82774.8026276579
NY.GDP.PCAP.CN,LK,2001,74385.7052817678
NY.GDP.PCAP.CN,LK,2000,66979.7161549482
NY.GDP.PCAP.CN,LK,1999,59236.1357229897
NY.GDP.PCAP.CN,LK,1998,54846.0254779994
NY.GDP.PCAP.CN,LK,1997,48255.5187040598
NY.GDP.PCAP.CN,LK,1996,41922.6496637523
NY.GDP.PCAP.CN,LK,1995,36736.0393346262
NY.GDP.PCAP.CN,LS,2023,16199.4713167902
NY.GDP.PCAP.CN,LS,2022,16241.082736114
NY.GDP.PCAP.CN,LS,2021,15590.5112704442
NY.GDP.PCAP.CN,LS,2020,14993.1739496917
NY.GDP.PCAP.CN,LS,2019,15519.5473607877
NY.GDP.PCAP.CN,LS,2018,15390.7760949984
NY.GDP.PCAP.CN,LS,2017,14159.3689828817
NY.GDP.PCAP.CN,LS,2016,14507.5781679778
NY.GDP.PCAP.CN,LS,2015,14211.3673171047
NY.GDP.PCAP.CN,LS,2014,12643.8939272886
NY.GDP.PCAP.CN,LS,2013,11013.2198198693
NY.GDP.PCAP.CN,LS,2012,9902.52219525988
NY.GDP.PCAP.CN,LS,2011,9190.00209552348
NY.GDP.PCAP.CN,LS,2010,8086.99956049867
NY.GDP.PCAP.CN,LS,2009,7342.22775684873
NY.GDP.PCAP.CN,LS,2008,7316.62900611224
NY.GDP.PCAP.CN,LS,2007,5975.01463348231
NY.GDP.PCAP.CN,LS,2006,6166.29822236162
NY.GDP.PCAP.CN,LS,2005,5410.35928561603
NY.GDP.PCAP.CN,LS,2004,4916.92503817901
NY.GDP.PCAP.CN,LS,2003,4394.64473690813
NY.GDP.PCAP.CN,LS,2002,4093.68331152311
NY.GDP.PCAP.CN,LS,2001,3555.23370408103
NY.GDP.PCAP.CN,LS,2000,3080.93629135958
NY.GDP.PCAP.CN,LS,1999,2796.33735708236
NY.GDP.PCAP.CN,LS,1998,2584.95904844738
NY.GDP.PCAP.CN,LS,1997,2331.34678002757
NY.GDP.PCAP.CN,LS,1996,2080.54419778446
NY.GDP.PCAP.CN,LS,1995,1878.90706636078
NY.GDP.PCAP.CN,MA,2023,37208.9921875
NY.GDP.PCAP.CN,MA,2022,34972.90625
NY.GDP.PCAP.CN,MA,2021,33864.33984375
NY.GDP.PCAP.CN,MA,2020,30943.283203125
NY.GDP.PCAP.CN,MA,2019,33646.13671875
NY.GDP.PCAP.CN,MA,2018,32782.58203125
NY.GDP.PCAP.CN,MA,2017,31872.162109375
NY.GDP.PCAP.CN,MA,2016,30726.353515625
NY.GDP.PCAP.CN,MA,2015,30652.517578125
NY.GDP.PCAP.CN,MA,2014,28838.228515625
NY.GDP.PCAP.CN,MA,2013,28390.796875
NY.GDP.PCAP.CN,MA,2012,27300.439453125
NY.GDP.PCAP.CN,MA,2011,26716.43359375
NY.GDP.PCAP.CN,MA,2010,25822.59375
NY.GDP.PCAP.CN,MA,2009,25123.177734375
NY.GDP.PCAP.CN,MA,2008,24647.35546875
NY.GDP.PCAP.CN,MA,2007,22540.578125
NY.GDP.PCAP.CN,MA,2006,21401.5234375
NY.GDP.PCAP.CN,MA,2005,19836.130859375
NY.GDP.PCAP.CN,MA,2004,19312.7578125
NY.GDP.PCAP.CN,MA,2003,18536.869140625
NY.GDP.PCAP.CN,MA,2002,17528.759765625
NY.GDP.PCAP.CN,MA,2001,16958.5703125
NY.GDP.PCAP.CN,MA,2000,15857.9990234375
NY.GDP.PCAP.CN,MA,1999,15953.115234375
NY.GDP.PCAP.CN,MA,1998,15928.6533203125
NY.GDP.PCAP.CN,MA,1997,13498.8095703125
NY.GDP.PCAP.CN,MA,1996,13820.962890625
NY.GDP.PCAP.CN,MA,1995,12433.81640625
NY.GDP.PCAP.CN,MG,2023,2341697.73709007
NY.GDP.PCAP.CN,MG,2022,2116758.95934967
NY.GDP.PCAP.CN,MG,2021,1927827.32120904
NY.GDP.PCAP.CN,MG,2020,1751473.49414319
NY.GDP.PCAP.CN,MG,2019,1853592.71145813
NY.GDP.PCAP.CN,MG,2018,1709207.2314642
NY.GDP.PCAP.CN,MG,2017,1568955.33563407
NY.GDP.PCAP.CN,MG,2016,1475871.42468881
NY.GDP.PCAP.CN,MG,2015,1336617.97128411
NY.GDP.PCAP.CN,MG,2014,1248786.48843226
NY.GDP.PCAP.CN,MG,2013,1162355.25212255
NY.GDP.PCAP.CN,MG,2012,1106644.54865054
NY.GDP.PCAP.CN,MG,2011,1046788.37803993
NY.GDP.PCAP.CN,MG,2010,960071.633942451
NY.GDP.PCAP.CN,MG,2009,890870.560965497
NY.GDP.PCAP.CN,MG,2008,893188.585142958
NY.GDP.PCAP.CN,MG,2007,801712.514525752
NY.GDP.PCAP.CN,MG,2006,708079.266940526
NY.GDP.PCAP.CN,MG,2005,624529.687229858
NY.GDP.PCAP.CN,MG,2004,518622.675438313
NY.GDP.PCAP.CN,MG,2003,445221.375782753
NY.GDP.PCAP.CN,MG,2002,424851.610591814
NY.GDP.PCAP.CN,MG,2001,428858.658925837
NY.GDP.PCAP.CN,MG,2000,386377.763794019
NY.GDP.PCAP.CN,MG,1999,341765.702654364
NY.GDP.PCAP.CN,MG,1998,314116.621939351
NY.GDP.PCAP.CN,MG,1997,293692.573400069
NY.GDP.PCAP.CN,MG,1996,279791.768215215
NY.GDP.PCAP.CN,MG,1995,236091.45353518
NY.GDP.PCAP.CN,ML,2023,544365.215724871
NY.GDP.PCAP.CN,ML,2022,518483.70101874
NY.GDP.PCAP.CN,ML,2021,488824.384524745
NY.GDP.PCAP.CN,ML,2020,473653.25578919
NY.GDP.PCAP.CN,ML,2019,492268.22265151
NY.GDP.PCAP.CN,ML,2018,475660.238338967
NY.GDP.PCAP.CN,ML,2017,462018.589581104
NY.GDP.PCAP.CN,ML,2016,444484.913614928
NY.GDP.PCAP.CN,ML,2015,427744.149517248
NY.GDP.PCAP.CN,ML,2014,404105.980156809
NY.GDP.PCAP.CN,ML,2013,384647.571549644
NY.GDP.PCAP.CN,ML,2012,384649.130800965
NY.GDP.PCAP.CN,ML,2011,381797.416341194
NY.GDP.PCAP.CN,ML,2010,340580.67840152
NY.GDP.PCAP.CN,ML,2009,320105.198888951
NY.GDP.PCAP.CN,ML,2008,301552.670231433
NY.GDP.PCAP.CN,ML,2007,277251.999018245
NY.GDP.PCAP.CN,ML,2006,264823.734152523
NY.GDP.PCAP.CN,ML,2005,249917.852447898
NY.GDP.PCAP.CN,ML,2004,225551.609767727
NY.GDP.PCAP.CN,ML,2003,221490.978851765
NY.GDP.PCAP.CN,ML,2002,226821.096174408
NY.GDP.PCAP.CN,ML,2001,219288.786457736
NY.GDP.PCAP.CN,ML,2000,187138.654417288
NY.GDP.PCAP.CN,ML,1999,193979.638898733
NY.GDP.PCAP.CN,ML,1998,162221.633674577
NY.GDP.PCAP.CN,ML,1997,151961.803426698
NY.GDP.PCAP.CN,ML,1996,140381.450015427
NY.GDP.PCAP.CN,ML,1995,136165.21095355
NY.GDP.PCAP.CN,MM,2023,2493890.83489268
NY.GDP.PCAP.CN,MM,2022,2313410.06656674
NY.GDP.PCAP.CN,MM,2021,2109372.38582697
NY.GDP.PCAP.CN,MM,2020,2020030.25913948
NY.GDP.PCAP.CN,MM,2019,2123545.89570645
NY.GDP.PCAP.CN,MM,2018,1903396.50917953
NY.GDP.PCAP.CN,MM,2017,1712580.5138855
NY.GDP.PCAP.CN,MM,2016,1535686.17601026
NY.GDP.PCAP.CN,MM,2015,1411128.11717687
NY.GDP.PCAP.CN,MM,2014,1276712.79171019
NY.GDP.PCAP.CN,MM,2013,1145380.73453709
NY.GDP.PCAP.CN,MM,2012,1020731.0359783
NY.GDP.PCAP.CN,MM,2011,929979.560803897
NY.GDP.PCAP.CN,MM,2010,805344.588369036
NY.GDP.PCAP.CN,MM,2009,691491.604876432
NY.GDP.PCAP.CN,MM,2008,599909.631716616
NY.GDP.PCAP.CN,MM,2007,481696.791045024
NY.GDP.PCAP.CN,MM,2006,350454.620184538
NY.GDP.PCAP.CN,MM,2005,257452.102507328
NY.GDP.PCAP.CN,MM,2004,191787.63282597
NY.GDP.PCAP.CN,MM,2003,164448.214488815
NY.GDP.PCAP.CN,MM,2002,121024.674361551
NY.GDP.PCAP.CN,MM,2001,77115.8452277968
NY.GDP.PCAP.CN,MM,2000,56056.7853034231
NY.GDP.PCAP.CN,MM,1999,48628.7842652962
NY.GDP.PCAP.CN,MM,1998,36161.5893185815
NY.GDP.PCAP.CN,MM,1997,25459.5612858224
NY.GDP.PCAP.CN,MM,1996,18238.5664272157
NY.GDP.PCAP.CN,MM,1995,14102.7606550028
NY.GDP.PCAP.CN,MZ,2023,38870.8694074175
NY.GDP.PCAP.CN,MZ,2022,35647.8303802112
NY.GDP.PCAP.CN,MZ,2021,32996.8318703291
NY.GDP.PCAP.CN,MZ,2020,31716.462959935
NY.GDP.PCAP.CN,MZ,2019,32038.2418980231
NY.GDP.PCAP.CN,MZ,2018,30789.2902440361
NY.GDP.PCAP.CN,MZ,2017,29521.8655240752
NY.GDP.PCAP.CN,MZ,2016,27477.4465814138
NY.GDP.PCAP.CN,MZ,2015,24142.9576773241
NY.GDP.PCAP.CN,MZ,2014,21647.2508001934
NY.GDP.PCAP.CN,MZ,2013,20502.8597960274
NY.GDP.PCAP.CN,MZ,2012,19335.9652601473
NY.GDP.PCAP.CN,MZ,2011,17884.6739710546
NY.GDP.PCAP.CN,MZ,2010,16796.1223509531
NY.GDP.PCAP.CN,MZ,2009,15041.5229361233
NY.GDP.PCAP.CN,MZ,2008,14372.367758206
NY.GDP.PCAP.CN,MZ,2007,13128.0533462704
NY.GDP.PCAP.CN,MZ,2006,11649.1821221681
NY.GDP.PCAP.CN,MZ,2005,10119.0009170202
NY.GDP.PCAP.CN,MZ,2004,9100.74895867665
NY.GDP.PCAP.CN,MZ,2003,8160.37947846728
NY.GDP.PCAP.CN,MZ,2002,7536.90663776188
NY.GDP.PCAP.CN,MZ,2001,6420.09685020062
NY.GDP.PCAP.CN,MZ,2000,5082.46078665594
NY.GDP.PCAP.CN,MZ,1999,4631.15013456364
NY.GDP.PCAP.CN,MZ,1998,3895.08087568571
NY.GDP.PCAP.CN,MZ,1997,3405.18594185449
NY.GDP.PCAP.CN,MZ,1996,2830.62976937232
NY.GDP.PCAP.CN,MZ,1995,1771.69706883627
NY.GDP.PCAP.CN,MR,2023,78668.5555934725
NY.GDP.PCAP.CN,MR,2022,76081.9269131033
NY.GDP.PCAP.CN,MR,2021,72068.7483829811
NY.GDP.PCAP.CN,MR,2020,68290.1851329879
NY.GDP.PCAP.CN,MR,2019,66075.6107247307
NY.GDP.PCAP.CN,MR,2018,62433.992271078
NY.GDP.PCAP.CN,MR,2017,58511.0630610707
NY.GDP.PCAP.CN,MR,2016,55646.4267292547
NY.GDP.PCAP.CN,MR,2015,50737.3131756466
NY.GDP.PCAP.CN,MR,2014,51929.108596176
NY.GDP.PCAP.CN,MR,2013,58024.8161930588
NY.GDP.PCAP.CN,MR,2012,54886.1189132461
NY.GDP.PCAP.CN,MR,2011,53959.32168811
NY.GDP.PCAP.CN,MR,2010,45415.7788025657
NY.GDP.PCAP.CN,MR,2009,37228.1591974516
NY.GDP.PCAP.CN,MR,2008,38356.3810565929
NY.GDP.PCAP.CN,MR,2007,35638.8054192347
NY.GDP.PCAP.CN,MR,2006,34168.1341763303
NY.GDP.PCAP.CN,MR,2005,25886.9054827444
NY.GDP.PCAP.CN,MR,2004,21273.8343330816
NY.GDP.PCAP.CN,MR,2003,18711.4934280758
NY.GDP.PCAP.CN,MR,2002,17113.6411238178
NY.GDP.PCAP.CN,MR,2001,16161.2376318106
NY.GDP.PCAP.CN,MR,2000,15776.1997296478
NY.GDP.PCAP.CN,MR,1999,15877.1737583335
NY.GDP.PCAP.CN,MR,1998,15018.5556876865
NY.GDP.PCAP.CN,MR,1997,12665.2322324635
NY.GDP.PCAP.CN,MR,1996,12045.7268068063
NY.GDP.PCAP.CN,MR,1995,11403.399891024
NY.GDP.PCAP.CN,MW,2023,781265.217611274
NY.GDP.PCAP.CN,MW,2022,610643.196574697
NY.GDP.PCAP.CN,MW,2021,509757.844018288
NY.GDP.PCAP.CN,MW,2020,465769.705736076
NY.GDP.PCAP.CN,MW,2019,437717.946099124
NY.GDP.PCAP.CN,MW,2018,393945.235822767
NY.GDP.PCAP.CN,MW,2017,365257.144570038
NY.GDP.PCAP.CN,MW,2016,326292.537251178
NY.GDP.PCAP.CN,MW,2015,271923.90038882
NY.GDP.PCAP.CN,MW,2014,226948.309257344
NY.GDP.PCAP.CN,MW,2013,182639.908572819
NY.GDP.PCAP.CN,MW,2012,140262.00790296
NY.GDP.PCAP.CN,MW,2011,120368.652089443
NY.GDP.PCAP.CN,MW,2010,103555.796022155
NY.GDP.PCAP.CN,MW,2009,88950.5559436187
NY.GDP.PCAP.CN,MW,2008,78344.076503394
NY.GDP.PCAP.CN,MW,2007,66903.5189085399
NY.GDP.PCAP.CN,MW,2006,60325.2074600785
NY.GDP.PCAP.CN,MW,2005,49392.9163457631
NY.GDP.PCAP.CN,MW,2004,44388.4789573924
NY.GDP.PCAP.CN,MW,2003,37643.7178549078
NY.GDP.PCAP.CN,MW,2002,33103.9245625906
NY.GDP.PCAP.CN,MW,2001,15684.1827916574
NY.GDP.PCAP.CN,MW,2000,13454.0697012223
NY.GDP.PCAP.CN,MW,1999,10383.2085530505
NY.GDP.PCAP.CN,MW,1998,7375.85741791068
NY.GDP.PCAP.CN,MW,1997,6062.59423146034
NY.GDP.PCAP.CN,MW,1996,4928.70832609154
NY.GDP.PCAP.CN,MW,1995,3073.58197756194
NY.GDP.PCAP.CN,NE,2023,375034.330051458
NY.GDP.PCAP.CN,NE,2022,367331.49426604
NY.GDP.PCAP.CN,NE,2021,327522.17240185
NY.GDP.PCAP.CN,NE,2020,325114.955872404
NY.GDP.PCAP.CN,NE,2019,322143.324389946
NY.GDP.PCAP.CN,NE,2018,315826.667026324
NY.GDP.PCAP.CN,NE,2017,298773.097226129
NY.GDP.PCAP.CN,NE,2016,294546.396062699
NY.GDP.PCAP.CN,NE,2015,284438.629253278
NY.GDP.PCAP.CN,NE,2014,276876.632445135
NY.GDP.PCAP.CN,NE,2013,270734.955435794
NY.GDP.PCAP.CN,NE,2012,268066.21906254
NY.GDP.PCAP.CN,NE,2011,239206.978465452
NY.GDP.PCAP.CN,NE,2010,233351.251893448
NY.GDP.PCAP.CN,NE,2009,215592.7999369
NY.GDP.PCAP.CN,NE,2008,210591.597959907
NY.GDP.PCAP.CN,NE,2007,184139.172081813
NY.GDP.PCAP.CN,NE,2006,172977.092923661
NY.GDP.PCAP.CN,NE,2005,166806.433473706
NY.GDP.PCAP.CN,NE,2004,148353.561805911
NY.GDP.PCAP.CN,NE,2003,152565.928133083
NY.GDP.PCAP.CN,NE,2002,154942.509210239
NY.GDP.PCAP.CN,NE,2001,149062.330911621
NY.GDP.PCAP.CN,NE,2000,136983.299441221
NY.GDP.PCAP.CN,NE,1999,139068.362295262
NY.GDP.PCAP.CN,NE,1998,143663.610602381
NY.GDP.PCAP.CN,NE,1997,127383.590232358
NY.GDP.PCAP.CN,NE,1996,121245.58014498
NY.GDP.PCAP.CN,NE,1995,117110.006421492
NY.GDP.PCAP.CN,NG,2023,1047457.82876782
NY.GDP.PCAP.CN,NG,2022,925981.076695045
NY.GDP.PCAP.CN,NG,2021,825090.957238349
NY.GDP.PCAP.CN,NG,2020,740432.200458696
NY.GDP.PCAP.CN,NG,2019,716359.672859565
NY.GDP.PCAP.CN,NG,2018,650680.246569616
NY.GDP.PCAP.CN,NG,2017,593807.133605157
NY.GDP.PCAP.CN,NG,2016,543685.199554129
NY.GDP.PCAP.CN,NG,2015,517282.152327566
NY.GDP.PCAP.CN,NG,2014,502494.587527451
NY.GDP.PCAP.CN,NG,2013,463639.684948541
NY.GDP.PCAP.CN,NG,2012,425406.76603201
NY.GDP.PCAP.CN,NG,2011,381562.346996316
NY.GDP.PCAP.CN,NG,2010,339305.971649971
NY.GDP.PCAP.CN,NG,2009,277539.182261885
NY.GDP.PCAP.CN,NG,2008,262196.842241195
NY.GDP.PCAP.CN,NG,2007,233832.368064073
NY.GDP.PCAP.CN,NG,2006,210456.789196995
NY.GDP.PCAP.CN,NG,2005,164579.401883919
NY.GDP.PCAP.CN,NG,2004,132527.623187104
NY.GDP.PCAP.CN,NG,2003,101840.399295669
NY.GDP.PCAP.CN,NG,2002,88757.3840033648
NY.GDP.PCAP.CN,NG,2001,65274.0299314137
NY.GDP.PCAP.CN,NG,2000,57489.9227382441
NY.GDP.PCAP.CN,NG,1999,45802.4850068589
NY.GDP.PCAP.CN,NG,1998,41178.6332475814
NY.GDP.PCAP.CN,NG,1997,38831.7329055579
NY.GDP.PCAP.CN,NG,1996,36825.9352198516
NY.GDP.PCAP.CN,NG,1995,28656.1011348712
NY.GDP.PCAP.CN,NI,2023,92206.8430142869
NY.GDP.PCAP.CN,NI,2022,80800.2772440012
NY.GDP.PCAP.CN,NI,2021,72616.3192974568
NY.GDP.PCAP.CN,NI,2020,64463.8497193932
NY.GDP.PCAP.CN,NI,2019,63118.0667726703
NY.GDP.PCAP.CN,NI,2018,62533.9971969953
NY.GDP.PCAP.CN,NI,2017,63926.8504499322
NY.GDP.PCAP.CN,NI,2016,59516.045348152
NY.GDP.PCAP.CN,NI,2015,55203.8723538159
NY.GDP.PCAP.CN,NI,2014,49672.9093288166
NY.GDP.PCAP.CN,NI,2013,44371.9861116626
NY.GDP.PCAP.CN,NI,2012,41122.3944786984
NY.GDP.PCAP.CN,NI,2011,36883.4741566461
NY.GDP.PCAP.CN,NI,2010,31943.3908712383
NY.GDP.PCAP.CN,NI,2009,29249.9669447352
NY.GDP.PCAP.CN,NI,2008,28939.7694411
NY.GDP.PCAP.CN,NI,2007,24423.0312764102
NY.GDP.PCAP.CN,NI,2006,21490.4270688456
NY.GDP.PCAP.CN,NI,2005,19391.9430624502
NY.GDP.PCAP.CN,NI,2004,17140.6570986756
NY.GDP.PCAP.CN,NI,2003,15102.2774485813
NY.GDP.PCAP.CN,NI,2002,14155.7236291421
NY.GDP.PCAP.CN,NI,2001,13781.3537838423
NY.GDP.PCAP.CN,NI,2000,12650.6337418133
NY.GDP.PCAP.CN,NI,1999,11355.9234698343
NY.GDP.PCAP.CN,NI,1998,9860.35753571377
NY.GDP.PCAP.CN,NI,1997,8471.64130358855
NY.GDP.PCAP.CN,NI,1996,7551.53691792708
NY.GDP.PCAP.CN,NI,1995,6602.75474281803
NY.GDP.PCAP.CN,NP,2023,173110.613101262
NY.GDP.PCAP.CN,NP,2022,162911.683861895
NY.GDP.PCAP.CN,NP,2021,144915.992511267
NY.GDP.PCAP.CN,NP,2020,132500.360268983
NY.GDP.PCAP.CN,NP,2019,133839.623263973
NY.GDP.PCAP.CN,NP,2018,121232.827195223
NY.GDP.PCAP.CN,NP,2017,109182.784211543
NY.GDP.PCAP.CN,NP,2016,93613.5467348734
NY.GDP.PCAP.CN,NP,2015,87780.150461829
NY.GDP.PCAP.CN,NP,2014,81294.7588032761
NY.GDP.PCAP.CN,NP,2013,71190.0700489801
NY.GDP.PCAP.CN,NP,2012,64337.1579916705
NY.GDP.PCAP.CN,NP,2011,57184.7631658291
NY.GDP.PCAP.CN,NP,2010,43914.0348566782
NY.GDP.PCAP.CN,NP,2009,36566.1803901522
NY.GDP.PCAP.CN,NP,2008,30342.676745056
NY.GDP.PCAP.CN,NP,2007,27245.5042187226
NY.GDP.PCAP.CN,NP,2006,24664.7579199057
NY.GDP.PCAP.CN,NP,2005,22423.7981123153
NY.GDP.PCAP.CN,NP,2004,20641.0445483987
NY.GDP.PCAP.CN,NP,2003,19165.7035098985
NY.GDP.PCAP.CN,NP,2002,18136.7350253105
NY.GDP.PCAP.CN,NP,2001,17691.8291985946
NY.GDP.PCAP.CN,NP,2000,15451.7803701215
NY.GDP.PCAP.CN,NP,1999,14166.9956418707
NY.GDP.PCAP.CN,NP,1998,12692.0996072788
NY.GDP.PCAP.CN,NP,1997,12065.3778114092
NY.GDP.PCAP.CN,NP,1996,10924.918305498
NY.GDP.PCAP.CN,NP,1995,9826.02059368935
NY.GDP.PCAP.CN,PK,2023,349579.07878811
NY.GDP.PCAP.CN,PK,2022,282581.197362651
NY.GDP.PCAP.CN,PK,2021,241295.221166883
NY.GDP.PCAP.CN,PK,2020,209247.759412183
NY.GDP.PCAP.CN,PK,2019,196147.421006131
NY.GDP.PCAP.CN,PK,2018,178353.188984815
NY.GDP.PCAP.CN,PK,2017,164307.587051102
NY.GDP.PCAP.CN,PK,2016,153261.0866258
NY.GDP.PCAP.CN,PK,2015,144219.467983441
NY.GDP.PCAP.CN,PK,2014,134226.155258196
NY.GDP.PCAP.CN,PK,2013,121956.105650071
NY.GDP.PCAP.CN,PK,2012,110504.408856873
NY.GDP.PCAP.CN,PK,2011,99349.2366223068
NY.GDP.PCAP.CN,PK,2010,84889.028127804
NY.GDP.PCAP.CN,PK,2009,77348.2450160665
NY.GDP.PCAP.CN,PK,2008,68020.2430012636
NY.GDP.PCAP.CN,PK,2007,61372.8939794762
NY.GDP.PCAP.CN,PK,2006,54411.5889497693
NY.GDP.PCAP.CN,PK,2005,49430.108920293
NY.GDP.PCAP.CN,PK,2004,44604.3917782634
NY.GDP.PCAP.CN,PK,2003,39440.0403207926
NY.GDP.PCAP.CN,PK,2002,36935.0319145254
NY.GDP.PCAP.CN,PK,2001,35522.5389437949
NY.GDP.PCAP.CN,PK,2000,33342.6021593429
NY.GDP.PCAP.CN,PK,1999,19629.1763953165
NY.GDP.PCAP.CN,PK,1998,18406.1566784033
NY.GDP.PCAP.CN,PK,1997,17181.8256028625
NY.GDP.PCAP.CN,PK,1996,15449.2362396975
NY.GDP.PCAP.CN,PK,1995,14017.107716195
NY.GDP.PCAP.CN,PH,2023,207253.765902607
NY.GDP.PCAP.CN,PH,2022,190623.617564079
NY.GDP.PCAP.CN,PH,2021,170447.476110185
NY.GDP.PCAP.CN,PH,2020,160009.067128455
NY.GDP.PCAP.CN,PH,2019,176822.984293537
NY.GDP.PCAP.CN,PH,2018,168236.032833584
NY.GDP.PCAP.CN,PH,2017,155114.142768409
NY.GDP.PCAP.CN,PH,2016,144289.326236369
NY.GDP.PCAP.CN,PH,2015,135338.956714783
NY.GDP.PCAP.CN,PH,2014,130341.002254711
NY.GDP.PCAP.CN,PH,2013,120868.39569791
NY.GDP.PCAP.CN,PH,2012,112825.945254359
NY.GDP.PCAP.CN,PH,2011,105302.896970583
NY.GDP.PCAP.CN,PH,2010,99321.4129201462
NY.GDP.PCAP.CN,PH,2009,90271.0779216416
NY.GDP.PCAP.CN,PH,2008,88219.1279222844
NY.GDP.PCAP.CN,PH,2007,80372.1998133191
NY.GDP.PCAP.CN,PH,2006,74519.6856573017
NY.GDP.PCAP.CN,PH,2005,68597.2241440971
NY.GDP.PCAP.CN,PH,2004,62924.7302458443
NY.GDP.PCAP.CN,PH,2003,56880.2456142174
NY.GDP.PCAP.CN,PH,2002,53521.9186511968
NY.GDP.PCAP.CN,PH,2001,50541.2125895526
NY.GDP.PCAP.CN,PH,2000,47429.9702803641
NY.GDP.PCAP.CN,PH,1999,43903.3217522513
NY.GDP.PCAP.CN,PH,1998,40893.3235629669
NY.GDP.PCAP.CN,PH,1997,38138.3313459757
NY.GDP.PCAP.CN,PH,1996,34975.0472961656
NY.GDP.PCAP.CN,PH,1995,31430.6005527645
NY.GDP.PCAP.CN,PG,2023,10779.4330862423
NY.GDP.PCAP.CN,PG,2022,10967.6965880312
NY.GDP.PCAP.CN,PG,2021,9209.13741149374
NY.GDP.PCAP.CN,PG,2020,8463.38941745541
NY.GDP.PCAP.CN,PG,2019,8786.51325241661
NY.GDP.PCAP.CN,PG,2018,8511.38799602582
NY.GDP.PCAP.CN,PG,2017,7956.47495566549
NY.GDP.PCAP.CN,PG,2016,7308.34120579124
NY.GDP.PCAP.CN,PG,2015,6926.77014996474
NY.GDP.PCAP.CN,PG,2014,6749.73313927572
NY.GDP.PCAP.CN,PG,2013,5787.46599864389
NY.GDP.PCAP.CN,PG,2012,5528.11148507857
NY.GDP.PCAP.CN,PG,2011,5462.30378074451
NY.GDP.PCAP.CN,PG,2010,5110.20757670604
NY.GDP.PCAP.CN,PG,2009,4350.28436353852
NY.GDP.PCAP.CN,PG,2008,4414.75071126486
NY.GDP.PCAP.CN,PG,2007,4089.58871364613
NY.GDP.PCAP.CN,PG,2006,3807.08450546546
NY.GDP.PCAP.CN,PG,2005,2322.57619770241
NY.GDP.PCAP.CN,PG,2004,2010.45459471433
NY.GDP.PCAP.CN,PG,2003,2063.27170668759
NY.GDP.PCAP.CN,PG,2002,1977.99068525994
NY.GDP.PCAP.CN,PG,2001,1824.39590565148
NY.GDP.PCAP.CN,PG,2000,1767.47913193497
NY.GDP.PCAP.CN,PG,1999,1659.00325253486
NY.GDP.PCAP.CN,PG,1998,1518.55607571297
NY.GDP.PCAP.CN,PG,1997,1427.21238987114
NY.GDP.PCAP.CN,PG,1996,1419.7344488335
NY.GDP.PCAP.CN,PG,1995,1341.87844786858
NY.GDP.PCAP.CN,KP,2023,None
NY.GDP.PCAP.CN,KP,2022,None
NY.GDP.PCAP.CN,KP,2021,None
NY.GDP.PCAP.CN,KP,2020,None
NY.GDP.PCAP.CN,KP,2019,None
NY.GDP.PCAP.CN,KP,2018,None
NY.GDP.PCAP.CN,KP,2017,None
NY.GDP.PCAP.CN,KP,2016,None
NY.GDP.PCAP.CN,KP,2015,None
NY.GDP.PCAP.CN,KP,2014,None
NY.GDP.PCAP.CN,KP,2013,None
NY.GDP.PCAP.CN,KP,2012,None
NY.GDP.PCAP.CN,KP,2011,None
NY.GDP.PCAP.CN,KP,2010,None
NY.GDP.PCAP.CN,KP,2009,None
NY.GDP.PCAP.CN,KP,2008,None
NY.GDP.PCAP.CN,KP,2007,None
NY.GDP.PCAP.CN,KP,2006,None
NY.GDP.PCAP.CN,KP,2005,None
NY.GDP.PCAP.CN,KP,2004,None
NY.GDP.PCAP.CN,KP,2003,None
NY.GDP.PCAP.CN,KP,2002,None
NY.GDP.PCAP.CN,KP,2001,None
NY.GDP.PCAP.CN,KP,2000,None
NY.GDP.PCAP.CN,KP,1999,None
NY.GDP.PCAP.CN,KP,1998,None
NY.GDP.PCAP.CN,KP,1997,None
NY.GDP.PCAP.CN,KP,1996,None
NY.GDP.PCAP.CN,KP,1995,None
NY.GDP.PCAP.CN,PS,2023,3367.60699023864
NY.GDP.PCAP.CN,PS,2022,3799.95527015163
NY.GDP.PCAP.CN,PS,2021,3678.63565662194
NY.GDP.PCAP.CN,PS,2020,3233.56863835858
NY.GDP.PCAP.CN,PS,2019,3656.85827137011
NY.GDP.PCAP.CN,PS,2018,3562.33094270256
NY.GDP.PCAP.CN,PS,2017,3620.36048715937
NY.GDP.PCAP.CN,PS,2016,3527.61382413178
NY.GDP.PCAP.CN,PS,2015,3272.15432360708
NY.GDP.PCAP.CN,PS,2014,3352.11259506043
NY.GDP.PCAP.CN,PS,2013,3315.29753909282
NY.GDP.PCAP.CN,PS,2012,3067.43872735614
NY.GDP.PCAP.CN,PS,2011,2880.79843707909
NY.GDP.PCAP.CN,PS,2010,2557.07562356699
NY.GDP.PCAP.CN,PS,2009,2191.78178736868
NY.GDP.PCAP.CN,PS,2008,2035.20234121766
NY.GDP.PCAP.CN,PS,2007,1664.24571669276
NY.GDP.PCAP.CN,PS,2006,1570.10439962728
NY.GDP.PCAP.CN,PS,2005,1543.70141392774
NY.GDP.PCAP.CN,PS,2004,1422.19088643544
NY.GDP.PCAP.CN,PS,2003,1257.69857009689
NY.GDP.PCAP.CN,PS,2002,1156.21747345769
NY.GDP.PCAP.CN,PS,2001,1335.55319529359
NY.GDP.PCAP.CN,PS,2000,1476.17185000238
NY.GDP.PCAP.CN,PS,1999,1499.49217657019
NY.GDP.PCAP.CN,PS,1998,1465.04605685868
NY.GDP.PCAP.CN,PS,1997,1389.16497137651
NY.GDP.PCAP.CN,PS,1996,1317.46675131385
NY.GDP.PCAP.CN,PS,1995,1326.56285737146
NY.GDP.PCAP.CN,RW,2023,1160352.66632105
NY.GDP.PCAP.CN,RW,2022,995866.426047809
NY.GDP.PCAP.CN,RW,2021,812914.57780662
NY.GDP.PCAP.CN,RW,2020,730032.841024764
NY.GDP.PCAP.CN,RW,2019,725175.511888248
NY.GDP.PCAP.CN,RW,2018,662245.703094079
NY.GDP.PCAP.CN,RW,2017,629110.444117698
NY.GDP.PCAP.CN,RW,2016,573751.064358185
NY.GDP.PCAP.CN,RW,2015,528242.605681253
NY.GDP.PCAP.CN,RW,2014,494577.669376417
NY.GDP.PCAP.CN,RW,2013,455500.457151608
NY.GDP.PCAP.CN,RW,2012,433776.579208722
NY.GDP.PCAP.CN,RW,2011,390761.517612102
NY.GDP.PCAP.CN,RW,2010,346447.207307845
NY.GDP.PCAP.CN,RW,2009,321065.655144096
NY.GDP.PCAP.CN,RW,2008,289572.394018562
NY.GDP.PCAP.CN,RW,2007,233786.172836602
NY.GDP.PCAP.CN,RW,2006,197577.773448431
NY.GDP.PCAP.CN,RW,2005,181309.194388531
NY.GDP.PCAP.CN,RW,2004,156088.255797725
NY.GDP.PCAP.CN,RW,2003,134177.763004447
NY.GDP.PCAP.CN,RW,2002,111626.354794008
NY.GDP.PCAP.CN,RW,2001,105933.152973738
NY.GDP.PCAP.CN,RW,2000,99410.4924186704
NY.GDP.PCAP.CN,RW,1999,89935.8481279996
NY.GDP.PCAP.CN,RW,1998,78500.0493768198
NY.GDP.PCAP.CN,RW,1997,72821.1191417673
NY.GDP.PCAP.CN,RW,1996,63156.4821882478
NY.GDP.PCAP.CN,RW,1995,59635.6825699498
NY.GDP.PCAP.CN,SD,2023,1613464.75
NY.GDP.PCAP.CN,SD,2022,613454.6875
NY.GDP.PCAP.CN,SD,2021,293210.3125
NY.GDP.PCAP.CN,SD,2020,91493.2109375
NY.GDP.PCAP.CN,SD,2019,45254.6640625
NY.GDP.PCAP.CN,SD,2018,31333.67578125
NY.GDP.PCAP.CN,SD,2017,21311.69140625
NY.GDP.PCAP.CN,SD,2016,16239.2490234375
NY.GDP.PCAP.CN,SD,2015,13415.748046875
NY.GDP.PCAP.CN,SD,2014,11909.7412109375
NY.GDP.PCAP.CN,SD,2013,8726.568359375
NY.GDP.PCAP.CN,SD,2012,6422.0380859375
NY.GDP.PCAP.CN,SD,2011,5287.41748046875
NY.GDP.PCAP.CN,SD,2010,3934.99438476563
NY.GDP.PCAP.CN,SD,2009,3182.14892578125
NY.GDP.PCAP.CN,SD,2008,3314.12573242188
NY.GDP.PCAP.CN,SD,2007,3025.50708007813
NY.GDP.PCAP.CN,SD,2006,2562.18823242188
NY.GDP.PCAP.CN,SD,2005,2303.7548828125
NY.GDP.PCAP.CN,SD,2004,1901.07653808594
NY.GDP.PCAP.CN,SD,2003,1584.18579101563
NY.GDP.PCAP.CN,SD,2002,1394.07775878906
NY.GDP.PCAP.CN,SD,2001,1219.45129394531
NY.GDP.PCAP.CN,SD,2000,972.328002929688
NY.GDP.PCAP.CN,SD,1999,856.855590820313
NY.GDP.PCAP.CN,SD,1998,735.167663574219
NY.GDP.PCAP.CN,SD,1997,612.656921386719
NY.GDP.PCAP.CN,SD,1996,385.02099609375
NY.GDP.PCAP.CN,SD,1995,280.970825195313
NY.GDP.PCAP.CN,SN,2023,1059053.84080527
NY.GDP.PCAP.CN,SN,2022,994887.462204289
NY.GDP.PCAP.CN,SN,2021,904270.438805645
NY.GDP.PCAP.CN,SN,2020,859048.242529259
NY.GDP.PCAP.CN,SN,2019,856999.355218973
NY.GDP.PCAP.CN,SN,2018,824408.6690972
NY.GDP.PCAP.CN,SN,2017,804325.273474839
NY.GDP.PCAP.CN,SN,2016,764905.680535403
NY.GDP.PCAP.CN,SN,2015,731994.811154861
NY.GDP.PCAP.CN,SN,2014,699701.037371545
NY.GDP.PCAP.CN,SN,2013,687277.225229167
NY.GDP.PCAP.CN,SN,2012,681452.775530042
NY.GDP.PCAP.CN,SN,2011,651990.907666117
NY.GDP.PCAP.CN,SN,2010,636604.754870284
NY.GDP.PCAP.CN,SN,2009,622654.959779103
NY.GDP.PCAP.CN,SN,2008,633110.841048574
NY.GDP.PCAP.CN,SN,2007,579226.968889046
NY.GDP.PCAP.CN,SN,2006,542580.331236066
NY.GDP.PCAP.CN,SN,2005,528938.837177536
NY.GDP.PCAP.CN,SN,2004,496685.872112766
NY.GDP.PCAP.CN,SN,2003,487321.588433911
NY.GDP.PCAP.CN,SN,2002,477404.757208316
NY.GDP.PCAP.CN,SN,2001,479603.83800527
NY.GDP.PCAP.CN,SN,2000,440074.779012616
NY.GDP.PCAP.CN,SN,1999,428093.769847416
NY.GDP.PCAP.CN,SN,1998,414402.003881434
NY.GDP.PCAP.CN,SN,1997,389571.993657653
NY.GDP.PCAP.CN,SN,1996,379449.982048806
NY.GDP.PCAP.CN,SN,1995,365794.12210413
NY.GDP.PCAP.CN,SB,2023,18452.9404773481
NY.GDP.PCAP.CN,SB,2022,17637.6863420285
NY.GDP.PCAP.CN,SB,2021,17275.1045064569
NY.GDP.PCAP.CN,SB,2020,18253.9992563561
NY.GDP.PCAP.CN,SB,2019,19606.1292487478
NY.GDP.PCAP.CN,SB,2018,19487.4774174857
NY.GDP.PCAP.CN,SB,2017,18011.4785732264
NY.GDP.PCAP.CN,SB,2016,17456.4003935667
NY.GDP.PCAP.CN,SB,2015,16896.3209610551
NY.GDP.PCAP.CN,SB,2014,16489.3073864825
NY.GDP.PCAP.CN,SB,2013,16123.7368317121
NY.GDP.PCAP.CN,SB,2012,15354.1178273329
NY.GDP.PCAP.CN,SB,2011,14681.5815184904
NY.GDP.PCAP.CN,SB,2010,13403.1836030748
NY.GDP.PCAP.CN,SB,2009,12293.2821555303
NY.GDP.PCAP.CN,SB,2008,11656.9541531896
NY.GDP.PCAP.CN,SB,2007,10543.4000701519
NY.GDP.PCAP.CN,SB,2006,9519.0807206696
NY.GDP.PCAP.CN,SB,2005,8628.22962738815
NY.GDP.PCAP.CN,SB,2004,7424.78035545852
NY.GDP.PCAP.CN,SB,2003,6797.24901130923
NY.GDP.PCAP.CN,SB,2002,5186.39653030438
NY.GDP.PCAP.CN,SB,2001,4907.82138761793
NY.GDP.PCAP.CN,SB,2000,4968.97608714865
NY.GDP.PCAP.CN,SB,1999,5632.08151153665
NY.GDP.PCAP.CN,SB,1998,5398.92415685602
NY.GDP.PCAP.CN,SB,1997,4929.28019141166
NY.GDP.PCAP.CN,SB,1996,4716.602472615
NY.GDP.PCAP.CN,SB,1995,4261.52312567799
NY.GDP.PCAP.CN,SL,2023,9232.98266017464
NY.GDP.PCAP.CN,SL,2022,6683.8118562565
NY.GDP.PCAP.CN,SL,2021,5267.95608552841
NY.GDP.PCAP.CN,SL,2020,4850.40290406693
NY.GDP.PCAP.CN,SL,2019,4564.64025327744
NY.GDP.PCAP.CN,SL,2018,4121.67228216368
NY.GDP.PCAP.CN,SL,2017,3577.43333986752
NY.GDP.PCAP.CN,SL,2016,3242.13598423147
NY.GDP.PCAP.CN,SL,2015,2950.64535837271
NY.GDP.PCAP.CN,SL,2014,3177.49074038804
NY.GDP.PCAP.CN,SL,2013,3060.70553617812
NY.GDP.PCAP.CN,SL,2012,2424.75392891039
NY.GDP.PCAP.CN,SL,2011,1928.6439008013
NY.GDP.PCAP.CN,SL,2010,1593.38592551647
NY.GDP.PCAP.CN,SL,2009,1308.32982685505
NY.GDP.PCAP.CN,SL,2008,1200.21901669058
NY.GDP.PCAP.CN,SL,2007,1068.92738926344
NY.GDP.PCAP.CN,SL,2006,949.334518003626
NY.GDP.PCAP.CN,SL,2005,827.248319384361
NY.GDP.PCAP.CN,SL,2004,698.213570890146
NY.GDP.PCAP.CN,SL,2003,600.998111161341
NY.GDP.PCAP.CN,SL,2002,504.825283023934
NY.GDP.PCAP.CN,SL,2001,439.536299056061
NY.GDP.PCAP.CN,SL,2000,290.203437253426
NY.GDP.PCAP.CN,SL,1999,269.869244460235
NY.GDP.PCAP.CN,SL,1998,236.25458569992
NY.GDP.PCAP.CN,SL,1997,189.440112525959
NY.GDP.PCAP.CN,SL,1996,199.445181799571
NY.GDP.PCAP.CN,SL,1995,152.075471959916
NY.GDP.PCAP.CN,SO,2023,17510657.2605112
NY.GDP.PCAP.CN,SO,2022,15887618.6794201
NY.GDP.PCAP.CN,SO,2021,15012105.5923733
NY.GDP.PCAP.CN,SO,2020,14338007.5589816
NY.GDP.PCAP.CN,SO,2019,14774225.7481494
NY.GDP.PCAP.CN,SO,2018,12867212.6898713
NY.GDP.PCAP.CN,SO,2017,12824032.4073963
NY.GDP.PCAP.CN,SO,2016,11925193.2486999
NY.GDP.PCAP.CN,SO,2015,11293652.9402409
NY.GDP.PCAP.CN,SO,2014,9937238.43066863
NY.GDP.PCAP.CN,SO,2013,8756335.12543294
NY.GDP.PCAP.CN,SO,2012,7315159.76254159
NY.GDP.PCAP.CN,SO,2011,7128164.73637162
NY.GDP.PCAP.CN,SO,2010,6988382.05579127
NY.GDP.PCAP.CN,SO,2009,7933002.83483334
NY.GDP.PCAP.CN,SO,2008,7443650.64344112
NY.GDP.PCAP.CN,SO,2007,7036716.5497821
NY.GDP.PCAP.CN,SO,2006,6567913.69366432
NY.GDP.PCAP.CN,SO,2005,6823671.53635343
NY.GDP.PCAP.CN,SO,2004,5678811.0688427
NY.GDP.PCAP.CN,SO,2003,5147144.02685268
NY.GDP.PCAP.CN,SO,2002,4665683.78745828
NY.GDP.PCAP.CN,SO,2001,4175227.35363471
NY.GDP.PCAP.CN,SO,2000,3745424.74166897
NY.GDP.PCAP.CN,SO,1999,3173667.27710809
NY.GDP.PCAP.CN,SO,1998,2690410.24612312
NY.GDP.PCAP.CN,SO,1997,2156048.90539082
NY.GDP.PCAP.CN,SO,1996,1650737.38222404
NY.GDP.PCAP.CN,SO,1995,1218494.54512802
NY.GDP.PCAP.CN,SS,2023,None
NY.GDP.PCAP.CN,SS,2022,None
NY.GDP.PCAP.CN,SS,2021,None
NY.GDP.PCAP.CN,SS,2020,None
NY.GDP.PCAP.CN,SS,2019,None
NY.GDP.PCAP.CN,SS,2018,None
NY.GDP.PCAP.CN,SS,2017,None
NY.GDP.PCAP.CN,SS,2016,None
NY.GDP.PCAP.CN,SS,2015,3862.9014197316
NY.GDP.PCAP.CN,SS,2014,3673.19046766318
NY.GDP.PCAP.CN,SS,2013,4894.4653224901
NY.GDP.PCAP.CN,SS,2012,3289.02498167564
NY.GDP.PCAP.CN,SS,2011,4350.0662790868
NY.GDP.PCAP.CN,SS,2010,3464.57330078104
NY.GDP.PCAP.CN,SS,2009,3061.12037335304
NY.GDP.PCAP.CN,SS,2008,3457.00576661898
NY.GDP.PCAP.CN,SS,2007,None
NY.GDP.PCAP.CN,SS,2006,None
NY.GDP.PCAP.CN,SS,2005,None
NY.GDP.PCAP.CN,SS,2004,None
NY.GDP.PCAP.CN,SS,2003,None
NY.GDP.PCAP.CN,SS,2002,None
NY.GDP.PCAP.CN,SS,2001,None
NY.GDP.PCAP.CN,SS,2000,None
NY.GDP.PCAP.CN,SS,1999,None
NY.GDP.PCAP.CN,SS,1998,None
NY.GDP.PCAP.CN,SS,1997,None
NY.GDP.PCAP.CN,SS,1996,None
NY.GDP.PCAP.CN,SS,1995,None
NY.GDP.PCAP.CN,ST,2023,59394.6242495342
NY.GDP.PCAP.CN,ST,2022,56004.4630134577
NY.GDP.PCAP.CN,ST,2021,49043.9067353333
NY.GDP.PCAP.CN,ST,2020,46701.0853408098
NY.GDP.PCAP.CN,ST,2019,42431.0905456223
NY.GDP.PCAP.CN,ST,2018,37958.1251419487
NY.GDP.PCAP.CN,ST,2017,33918.7933819147
NY.GDP.PCAP.CN,ST,2016,31822.1817702021
NY.GDP.PCAP.CN,ST,2015,28755.3588830771
NY.GDP.PCAP.CN,ST,2014,27596.5402006106
NY.GDP.PCAP.CN,ST,2013,25628.938825436
NY.GDP.PCAP.CN,ST,2012,23201.6575051073
NY.GDP.PCAP.CN,ST,2011,21610.6824192127
NY.GDP.PCAP.CN,ST,2010,19377.9436471247
NY.GDP.PCAP.CN,ST,2009,18259.4465777418
NY.GDP.PCAP.CN,ST,2008,15878.9970345509
NY.GDP.PCAP.CN,ST,2007,11887.1047131208
NY.GDP.PCAP.CN,ST,2006,10724.7325388445
NY.GDP.PCAP.CN,ST,2005,8910.45274616527
NY.GDP.PCAP.CN,ST,2004,7195.0062461556
NY.GDP.PCAP.CN,ST,2003,6206.05351127066
NY.GDP.PCAP.CN,ST,2002,5165.89184535608
NY.GDP.PCAP.CN,ST,2001,4591.66814806711
NY.GDP.PCAP.CN,ST,2000,4230.09518905604
NY.GDP.PCAP.CN,ST,1999,3880.67809996615
NY.GDP.PCAP.CN,ST,1998,3559.32470133772
NY.GDP.PCAP.CN,ST,1997,3039.95176381705
NY.GDP.PCAP.CN,ST,1996,2199.52219891885
NY.GDP.PCAP.CN,ST,1995,1106.74797297805
NY.GDP.PCAP.CN,SZ,2023,70073.8490876446
NY.GDP.PCAP.CN,SZ,2022,65234.5772965956
NY.GDP.PCAP.CN,SZ,2021,60147.496164882
NY.GDP.PCAP.CN,SZ,2020,55552.6024113734
NY.GDP.PCAP.CN,SZ,2019,55543.7174718796
NY.GDP.PCAP.CN,SZ,2018,53244.3413119987
NY.GDP.PCAP.CN,SZ,2017,50972.2491944519
NY.GDP.PCAP.CN,SZ,2016,49129.9595457076
NY.GDP.PCAP.CN,SZ,2015,45673.960699722
NY.GDP.PCAP.CN,SZ,2014,42634.9060500149
NY.GDP.PCAP.CN,SZ,2013,39693.1747560401
NY.GDP.PCAP.CN,SZ,2012,36095.7782848259
NY.GDP.PCAP.CN,SZ,2011,31665.5059703936
NY.GDP.PCAP.CN,SZ,2010,29545.0438213688
NY.GDP.PCAP.CN,SZ,2009,27710.0813235351
NY.GDP.PCAP.CN,SZ,2008,24969.1844898933
NY.GDP.PCAP.CN,SZ,2007,22548.7792525516
NY.GDP.PCAP.CN,SZ,2006,20679.8540457534
NY.GDP.PCAP.CN,SZ,2005,18855.2325527155
NY.GDP.PCAP.CN,SZ,2004,16789.4832251793
NY.GDP.PCAP.CN,SZ,2003,15701.1030443041
NY.GDP.PCAP.CN,SZ,2002,14366.7279210589
NY.GDP.PCAP.CN,SZ,2001,12751.4810888461
NY.GDP.PCAP.CN,SZ,2000,11705.1131688041
NY.GDP.PCAP.CN,SZ,1999,9286.21228040889
NY.GDP.PCAP.CN,SZ,1998,8672.86536047069
NY.GDP.PCAP.CN,SZ,1997,7984.53792844497
NY.GDP.PCAP.CN,SZ,1996,7077.68951310977
NY.GDP.PCAP.CN,SZ,1995,6462.40948516789
NY.GDP.PCAP.CN,SY,2023,None
NY.GDP.PCAP.CN,SY,2022,None
NY.GDP.PCAP.CN,SY,2021,1216298.94101898
NY.GDP.PCAP.CN,SY,2020,831212.951487284
NY.GDP.PCAP.CN,SY,2019,578202.700324521
NY.GDP.PCAP.CN,SY,2018,495551.624662379
NY.GDP.PCAP.CN,SY,2017,439760.573634622
NY.GDP.PCAP.CN,SY,2016,323136.604596902
NY.GDP.PCAP.CN,SY,2015,249081.836158978
NY.GDP.PCAP.CN,SY,2014,179950.832099788
NY.GDP.PCAP.CN,SY,2013,136657.293080362
NY.GDP.PCAP.CN,SY,2012,133809.546201807
NY.GDP.PCAP.CN,SY,2011,143097.893059586
NY.GDP.PCAP.CN,SY,2010,126894.639312265
NY.GDP.PCAP.CN,SY,2009,115484.473057036
NY.GDP.PCAP.CN,SY,2008,114000.804412431
NY.GDP.PCAP.CN,SY,2007,97610.8540764976
NY.GDP.PCAP.CN,SY,2006,88843.3100252269
NY.GDP.PCAP.CN,SY,2005,81062.952587602
NY.GDP.PCAP.CN,SY,2004,70055.8786556541
NY.GDP.PCAP.CN,SY,2003,60992.6345251325
NY.GDP.PCAP.CN,SY,2002,59223.8263982548
NY.GDP.PCAP.CN,SY,2001,58226.3885564446
NY.GDP.PCAP.CN,SY,2000,55472.2954019015
NY.GDP.PCAP.CN,SY,1999,51511.3292385902
NY.GDP.PCAP.CN,SY,1998,50994.6039306238
NY.GDP.PCAP.CN,SY,1997,49362.3674158812
NY.GDP.PCAP.CN,SY,1996,46968.7050930258
NY.GDP.PCAP.CN,SY,1995,39890.8020079017
NY.GDP.PCAP.CN,TD,2023,436357.103997425
NY.GDP.PCAP.CN,TD,2022,436296.990416296
NY.GDP.PCAP.CN,TD,2021,380236.313238734
NY.GDP.PCAP.CN,TD,2020,370546.277761313
NY.GDP.PCAP.CN,TD,2019,411087.588636255
NY.GDP.PCAP.CN,TD,2018,400068.699408685
NY.GDP.PCAP.CN,TD,2017,384915.892234091
NY.GDP.PCAP.CN,TD,2016,410071.279351808
NY.GDP.PCAP.CN,TD,2015,457841.198833912
NY.GDP.PCAP.CN,TD,2014,502540.167915517
NY.GDP.PCAP.CN,TD,2013,484062.894054415
NY.GDP.PCAP.CN,TD,2012,495043.667119146
NY.GDP.PCAP.CN,TD,2011,465685.140143517
NY.GDP.PCAP.CN,TD,2010,443769.44716764
NY.GDP.PCAP.CN,TD,2009,380073.049230141
NY.GDP.PCAP.CN,TD,2008,417676.423531697
NY.GDP.PCAP.CN,TD,2007,386118.75923214
NY.GDP.PCAP.CN,TD,2006,374405.606845866
NY.GDP.PCAP.CN,TD,2005,350414.67216631
NY.GDP.PCAP.CN,TD,2004,242610.836029281
NY.GDP.PCAP.CN,TD,2003,172954.338702918
NY.GDP.PCAP.CN,TD,2002,156742.638217526
NY.GDP.PCAP.CN,TD,2001,146743.940064674
NY.GDP.PCAP.CN,TD,2000,119398.50196213
NY.GDP.PCAP.CN,TD,1999,118380.140841347
NY.GDP.PCAP.CN,TD,1998,133523.06077935
NY.GDP.PCAP.CN,TD,1997,121004.32718363
NY.GDP.PCAP.CN,TD,1996,114195.582178554
NY.GDP.PCAP.CN,TD,1995,104767.560753193
NY.GDP.PCAP.CN,TG,2023,614439.308847038
NY.GDP.PCAP.CN,TG,2022,575880.137859814
NY.GDP.PCAP.CN,TG,2021,535121.053290933
NY.GDP.PCAP.CN,TG,2020,504525.867684997
NY.GDP.PCAP.CN,TG,2019,497034.244665898
NY.GDP.PCAP.CN,TG,2018,485218.808902406
NY.GDP.PCAP.CN,TG,2017,472303.173583418
NY.GDP.PCAP.CN,TG,2016,469604.981051652
NY.GDP.PCAP.CN,TG,2015,455318.028062206
NY.GDP.PCAP.CN,TG,2014,433120.454127654
NY.GDP.PCAP.CN,TG,2013,418524.600502055
NY.GDP.PCAP.CN,TG,2012,399027.743838894
NY.GDP.PCAP.CN,TG,2011,378640.185874416
NY.GDP.PCAP.CN,TG,2010,357355.161595744
NY.GDP.PCAP.CN,TG,2009,347054.965951878
NY.GDP.PCAP.CN,TG,2008,328191.730442593
NY.GDP.PCAP.CN,TG,2007,297583.297202137
NY.GDP.PCAP.CN,TG,2006,295344.979458519
NY.GDP.PCAP.CN,TG,2005,297426.307857767
NY.GDP.PCAP.CN,TG,2004,302419.737200377
NY.GDP.PCAP.CN,TG,2003,319631.791263318
NY.GDP.PCAP.CN,TG,2002,316571.981210984
NY.GDP.PCAP.CN,TG,2001,297987.688378125
NY.GDP.PCAP.CN,TG,2000,298780.018546949
NY.GDP.PCAP.CN,TG,1999,281515.106393229
NY.GDP.PCAP.CN,TG,1998,279691.707744363
NY.GDP.PCAP.CN,TG,1997,269027.489361048
NY.GDP.PCAP.CN,TG,1996,238121.612879675
NY.GDP.PCAP.CN,TG,1995,215671.537652445
NY.GDP.PCAP.CN,TJ,2023,12894.0647266936
NY.GDP.PCAP.CN,TJ,2022,11874.2318106476
NY.GDP.PCAP.CN,TJ,2021,10366.7319517082
NY.GDP.PCAP.CN,TJ,2020,8797.70291056246
NY.GDP.PCAP.CN,TJ,2019,8472.71870856205
NY.GDP.PCAP.CN,TJ,2018,7784.63764546788
NY.GDP.PCAP.CN,TJ,2017,7219.10475854362
NY.GDP.PCAP.CN,TJ,2016,6279.46167692685
NY.GDP.PCAP.CN,TJ,2015,5980.45791074045
NY.GDP.PCAP.CN,TJ,2014,5403.82169950139
NY.GDP.PCAP.CN,TJ,2013,4946.80216945386
NY.GDP.PCAP.CN,TJ,2012,4545.16889711932
NY.GDP.PCAP.CN,TJ,2011,3862.78730436764
NY.GDP.PCAP.CN,TJ,2010,3241.64476561181
NY.GDP.PCAP.CN,TJ,2009,2762.03184641397
NY.GDP.PCAP.CN,TJ,2008,2417.4609847027
NY.GDP.PCAP.CN,TJ,2007,1781.26092473267
NY.GDP.PCAP.CN,TJ,2006,1322.75023567404
NY.GDP.PCAP.CN,TJ,2005,1040.04173675107
NY.GDP.PCAP.CN,TJ,2004,906.795326239295
NY.GDP.PCAP.CN,TJ,2003,713.586468144136
NY.GDP.PCAP.CN,TJ,2002,515.962459615195
NY.GDP.PCAP.CN,TJ,2001,400.043065717348
NY.GDP.PCAP.CN,TJ,2000,284.823939047964
NY.GDP.PCAP.CN,TJ,1999,217.301215836654
NY.GDP.PCAP.CN,TJ,1998,166.531179727147
NY.GDP.PCAP.CN,TJ,1997,84.7137738678442
NY.GDP.PCAP.CN,TJ,1996,51.0968255020213
NY.GDP.PCAP.CN,TJ,1995,11.7981674978064
NY.GDP.PCAP.CN,TL,2023,1648.64729020342
NY.GDP.PCAP.CN,TL,2022,2389.2958750343
NY.GDP.PCAP.CN,TL,2021,2741.95081994516
NY.GDP.PCAP.CN,TL,2020,1663.5596290755
NY.GDP.PCAP.CN,TL,2019,1583.07860279061
NY.GDP.PCAP.CN,TL,2018,1241.16448533695
NY.GDP.PCAP.CN,TL,2017,1285.5239757568
NY.GDP.PCAP.CN,TL,2016,1349.54677672507
NY.GDP.PCAP.CN,TL,2015,1322.9290943123
NY.GDP.PCAP.CN,TL,2014,1221.72396039938
NY.GDP.PCAP.CN,TL,2013,1201.60250698417
NY.GDP.PCAP.CN,TL,2012,1020.11029502248
NY.GDP.PCAP.CN,TL,2011,936.708967668665
NY.GDP.PCAP.CN,TL,2010,810.21648418078
NY.GDP.PCAP.CN,TL,2009,682.224787431725
NY.GDP.PCAP.CN,TL,2008,621.741464667963
NY.GDP.PCAP.CN,TL,2007,532.485417349283
NY.GDP.PCAP.CN,TL,2006,456.27269838844
NY.GDP.PCAP.CN,TL,2005,476.902713571364
NY.GDP.PCAP.CN,TL,2004,465.937764604028
NY.GDP.PCAP.CN,TL,2003,529.219797544245
NY.GDP.PCAP.CN,TL,2002,516.089899399652
NY.GDP.PCAP.CN,TL,2001,534.650577099018
NY.GDP.PCAP.CN,TL,2000,417.737943440047
NY.GDP.PCAP.CN,TL,1999,260.033300678822
NY.GDP.PCAP.CN,TL,1998,380.788371410635
NY.GDP.PCAP.CN,TL,1997,379.410819585435
NY.GDP.PCAP.CN,TL,1996,369.263018349054
NY.GDP.PCAP.CN,TL,1995,320.814891128944
NY.GDP.PCAP.CN,TN,2023,12102.5767479038
NY.GDP.PCAP.CN,TN,2022,11202.2004971303
NY.GDP.PCAP.CN,TN,2021,10667.5345386011
NY.GDP.PCAP.CN,TN,2020,9826.09125368174
NY.GDP.PCAP.CN,TN,2019,10205.4772578754
NY.GDP.PCAP.CN,TN,2018,9468.3073660771
NY.GDP.PCAP.CN,TN,2017,8636.66700165255
NY.GDP.PCAP.CN,TN,2016,8154.1686922963
NY.GDP.PCAP.CN,TN,2015,7769.84920718764
NY.GDP.PCAP.CN,TN,2014,7467.45894722769
NY.GDP.PCAP.CN,TN,2013,6999.57629383474
NY.GDP.PCAP.CN,TN,2012,6612.91992586973
NY.GDP.PCAP.CN,TN,2011,6140.677821076
NY.GDP.PCAP.CN,TN,2010,6070.58444728589
NY.GDP.PCAP.CN,TN,2009,5440.88073035162
NY.GDP.PCAP.CN,TN,2008,5175.20912177282
NY.GDP.PCAP.CN,TN,2007,4712.91478248213
NY.GDP.PCAP.CN,TN,2006,4364.56783088337
NY.GDP.PCAP.CN,TN,2005,4030.57503679123
NY.GDP.PCAP.CN,TN,2004,3773.57665616521
NY.GDP.PCAP.CN,TN,2003,3470.07072339475
NY.GDP.PCAP.CN,TN,2002,3259.2997357686
NY.GDP.PCAP.CN,TN,2001,3176.18902738866
NY.GDP.PCAP.CN,TN,2000,2975.07933639237
NY.GDP.PCAP.CN,TN,1999,2780.50814323196
NY.GDP.PCAP.CN,TN,1998,2565.58027220417
NY.GDP.PCAP.CN,TN,1997,2400.45248205996
NY.GDP.PCAP.CN,TN,1996,2021.75907025571
NY.GDP.PCAP.CN,TN,1995,1834.69043055478
NY.GDP.PCAP.CN,TZ,2023,2886004.5
NY.GDP.PCAP.CN,TZ,2022,2747591
NY.GDP.PCAP.CN,TZ,2021,2633311.5
NY.GDP.PCAP.CN,TZ,2020,2533114.75
NY.GDP.PCAP.CN,TZ,2019,2404750.5
NY.GDP.PCAP.CN,TZ,2018,2290040.75
NY.GDP.PCAP.CN,TZ,2017,2175152.5
NY.GDP.PCAP.CN,TZ,2016,2052734.5
NY.GDP.PCAP.CN,TZ,2015,1850215.625
NY.GDP.PCAP.CN,TZ,2014,1674697.5
NY.GDP.PCAP.CN,TZ,2013,1526179
NY.GDP.PCAP.CN,TZ,2012,1343084.125
NY.GDP.PCAP.CN,TZ,2011,1197562.625
NY.GDP.PCAP.CN,TZ,2010,1019941.25
NY.GDP.PCAP.CN,TZ,2009,899454.3125
NY.GDP.PCAP.CN,TZ,2008,803410.75
NY.GDP.PCAP.CN,TZ,2007,671226.375
NY.GDP.PCAP.CN,TZ,2006,592609.375
NY.GDP.PCAP.CN,TZ,2005,542199.625
NY.GDP.PCAP.CN,TZ,2004,487324.25
NY.GDP.PCAP.CN,TZ,2003,435749.75
NY.GDP.PCAP.CN,TZ,2002,386913.3125
NY.GDP.PCAP.CN,TZ,2001,345827.71875
NY.GDP.PCAP.CN,TZ,2000,319614.1875
NY.GDP.PCAP.CN,TZ,1999,290725.15625
NY.GDP.PCAP.CN,TZ,1998,255192.8125
NY.GDP.PCAP.CN,TZ,1997,221111.59375
NY.GDP.PCAP.CN,TZ,1996,180775.59375
NY.GDP.PCAP.CN,TZ,1995,147670.796875
NY.GDP.PCAP.CN,UG,2023,3805814.64815791
NY.GDP.PCAP.CN,UG,2022,3444473.58157537
NY.GDP.PCAP.CN,UG,2021,3234417.18652714
NY.GDP.PCAP.CN,UG,2020,3145822.9666329
NY.GDP.PCAP.CN,UG,2019,3075497.18853116
NY.GDP.PCAP.CN,UG,2018,2902171.0490771
NY.GDP.PCAP.CN,UG,2017,2704358.93661351
NY.GDP.PCAP.CN,UG,2016,2594914.61702616
NY.GDP.PCAP.CN,UG,2015,2443665.1223208
NY.GDP.PCAP.CN,UG,2014,2277906.20281695
NY.GDP.PCAP.CN,UG,2013,2124087.59748446
NY.GDP.PCAP.CN,UG,2012,2037305.97510394
NY.GDP.PCAP.CN,UG,2011,1944981.15107105
NY.GDP.PCAP.CN,UG,2010,1673294.688243
NY.GDP.PCAP.CN,UG,2009,1543816.67411593
NY.GDP.PCAP.CN,UG,2008,802935.3429065
NY.GDP.PCAP.CN,UG,2007,715042.308211016
NY.GDP.PCAP.CN,UG,2006,632859.307334558
NY.GDP.PCAP.CN,UG,2005,574332.24392187
NY.GDP.PCAP.CN,UG,2004,565909.508494853
NY.GDP.PCAP.CN,UG,2003,472154.122014351
NY.GDP.PCAP.CN,UG,2002,424373.792106428
NY.GDP.PCAP.CN,UG,2001,415790.917011346
NY.GDP.PCAP.CN,UG,2000,389843.700950892
NY.GDP.PCAP.CN,UG,1999,350986.438693657
NY.GDP.PCAP.CN,UG,1998,335893.374546725
NY.GDP.PCAP.CN,UG,1997,303217.749652774
NY.GDP.PCAP.CN,UG,1996,288104.108638047
NY.GDP.PCAP.CN,UG,1995,259537.733275805
NY.GDP.PCAP.CN,UZ,2023,29291408.7335753
NY.GDP.PCAP.CN,UZ,2022,25151912.6292846
NY.GDP.PCAP.CN,UZ,2021,21149166.0141314
NY.GDP.PCAP.CN,UZ,2020,17688537.0756353
NY.GDP.PCAP.CN,UZ,2019,15863816.5474749
NY.GDP.PCAP.CN,UZ,2018,12945735.5390959
NY.GDP.PCAP.CN,UZ,2017,9802102.26128947
NY.GDP.PCAP.CN,UZ,2016,8020053.49803284
NY.GDP.PCAP.CN,UZ,2015,7072162.46257856
NY.GDP.PCAP.CN,UZ,2014,6074234.9232875
NY.GDP.PCAP.CN,UZ,2013,5069282.85697281
NY.GDP.PCAP.CN,UZ,2012,4285218.40836958
NY.GDP.PCAP.CN,UZ,2011,3518564.79682611
NY.GDP.PCAP.CN,UZ,2010,2763654.97647257
NY.GDP.PCAP.CN,UZ,2009,1778185.93026355
NY.GDP.PCAP.CN,UZ,2008,1427318.8097924
NY.GDP.PCAP.CN,UZ,2007,1049203.51347328
NY.GDP.PCAP.CN,UZ,2006,797519.654941342
NY.GDP.PCAP.CN,UZ,2005,608529.827645508
NY.GDP.PCAP.CN,UZ,2004,474050.18877335
NY.GDP.PCAP.CN,UZ,2003,385017.78614773
NY.GDP.PCAP.CN,UZ,2002,294802.319576921
NY.GDP.PCAP.CN,UZ,2001,197292.550006109
NY.GDP.PCAP.CN,UZ,2000,132070.879174374
NY.GDP.PCAP.CN,UZ,1999,87557.1999432371
NY.GDP.PCAP.CN,UZ,1998,58881.4602303439
NY.GDP.PCAP.CN,UZ,1997,41273.9257193561
NY.GDP.PCAP.CN,UZ,1996,24071.9741657696
NY.GDP.PCAP.CN,UZ,1995,13288.8874259381
NY.GDP.PCAP.CN,VN,2023,103397969.471811
NY.GDP.PCAP.CN,VN,2022,97250671.4136972
NY.GDP.PCAP.CN,VN,2021,87079585.8609186
NY.GDP.PCAP.CN,VN,2020,83233266.2363694
NY.GDP.PCAP.CN,VN,2019,80470500.6799356
NY.GDP.PCAP.CN,VN,2018,73845984.3734871
NY.GDP.PCAP.CN,VN,2017,66932899.4844451
NY.GDP.PCAP.CN,VN,2016,60556331.9126819
NY.GDP.PCAP.CN,VN,2015,56310283.2001745
NY.GDP.PCAP.CN,VN,2014,54113053.1815772
NY.GDP.PCAP.CN,VN,2013,49559849.9481637
NY.GDP.PCAP.CN,VN,2012,45618161.2577623
NY.GDP.PCAP.CN,VN,2011,40066968.7508026
NY.GDP.PCAP.CN,VN,2010,31344370.7756181
NY.GDP.PCAP.CN,VN,2009,20919147.2402014
NY.GDP.PCAP.CN,VN,2008,18879662.2545346
NY.GDP.PCAP.CN,VN,2007,14709009.2644877
NY.GDP.PCAP.CN,VN,2006,12644934.3551895
NY.GDP.PCAP.CN,VN,2005,10993239.9466239
NY.GDP.PCAP.CN,VN,2004,8690272.59185433
NY.GDP.PCAP.CN,VN,2003,7529141.31277591
NY.GDP.PCAP.CN,VN,2002,6643683.85884987
NY.GDP.PCAP.CN,VN,2001,6029922.3818273
NY.GDP.PCAP.CN,VN,2000,5590374.88344156
NY.GDP.PCAP.CN,VN,1999,5119341.93399128
NY.GDP.PCAP.CN,VN,1998,4680725.74645114
NY.GDP.PCAP.CN,VN,1997,4123438.86989352
NY.GDP.PCAP.CN,VN,1996,3629738.39667492
NY.GDP.PCAP.CN,VN,1995,3103237.01031642
NY.GDP.PCAP.CN,VU,2023,401063.060154377
NY.GDP.PCAP.CN,VU,2022,360889.392177266
NY.GDP.PCAP.CN,VU,2021,325950.923897887
NY.GDP.PCAP.CN,VU,2020,336650.785247927
NY.GDP.PCAP.CN,VU,2019,352984.849082141
NY.GDP.PCAP.CN,VU,2018,338959.562459216
NY.GDP.PCAP.CN,VU,2017,326934.00955764
NY.GDP.PCAP.CN,VU,2016,299087.628611176
NY.GDP.PCAP.CN,VU,2015,288155.029337501
NY.GDP.PCAP.CN,VU,2014,277741.759809134
NY.GDP.PCAP.CN,VU,2013,272040.799289655
NY.GDP.PCAP.CN,VU,2012,269236.299759437
NY.GDP.PCAP.CN,VU,2011,274200.736985364
NY.GDP.PCAP.CN,VU,2010,264800.185778947
NY.GDP.PCAP.CN,VU,2009,263912.820363054
NY.GDP.PCAP.CN,VU,2008,255877.273970729
NY.GDP.PCAP.CN,VU,2007,231658.236440474
NY.GDP.PCAP.CN,VU,2006,218061.841981312
NY.GDP.PCAP.CN,VU,2005,198261.285105132
NY.GDP.PCAP.CN,VU,2004,192084.624003164
NY.GDP.PCAP.CN,VU,2003,185396.944870644
NY.GDP.PCAP.CN,VU,2002,180843.537414966
NY.GDP.PCAP.CN,VU,2001,190220.977090248
NY.GDP.PCAP.CN,VU,2000,194930.07903204
NY.GDP.PCAP.CN,VU,1999,184562.934824363
NY.GDP.PCAP.CN,VU,1998,182682.644411431
NY.GDP.PCAP.CN,VU,1997,176697.172822872
NY.GDP.PCAP.CN,VU,1996,167130.281488604
NY.GDP.PCAP.CN,VU,1995,163839.58924343
NY.GDP.PCAP.CN,WS,2023,11301.6120098723
NY.GDP.PCAP.CN,WS,2022,9758.73541923357
NY.GDP.PCAP.CN,WS,2021,9916.86657768189
NY.GDP.PCAP.CN,WS,2020,10906.5342508456
NY.GDP.PCAP.CN,WS,2019,11279.0580684741
NY.GDP.PCAP.CN,WS,2018,10750.6201687164
NY.GDP.PCAP.CN,WS,2017,10805.8493473968
NY.GDP.PCAP.CN,WS,2016,10731.419550072
NY.GDP.PCAP.CN,WS,2015,9814.00248561927
NY.GDP.PCAP.CN,WS,2014,9171.48549988352
NY.GDP.PCAP.CN,WS,2013,9116.43151161104
NY.GDP.PCAP.CN,WS,2012,8979.40330298197
NY.GDP.PCAP.CN,WS,2011,9047.45022943606
NY.GDP.PCAP.CN,WS,2010,8867.93991945426
NY.GDP.PCAP.CN,WS,2009,8877.70271669359
NY.GDP.PCAP.CN,WS,2008,8842.34906432657
NY.GDP.PCAP.CN,WS,2007,7878.84637595943
NY.GDP.PCAP.CN,WS,2006,7336.81189572233
NY.GDP.PCAP.CN,WS,2005,6850.99562096424
NY.GDP.PCAP.CN,WS,2004,6195.82130343005
NY.GDP.PCAP.CN,WS,2003,5632.21297481861
NY.GDP.PCAP.CN,WS,2002,5242.84413009698
NY.GDP.PCAP.CN,WS,2001,4918.92793618283
NY.GDP.PCAP.CN,WS,2000,4467.88780922569
NY.GDP.PCAP.CN,WS,1999,4206.02104153975
NY.GDP.PCAP.CN,WS,1998,4111.42888821133
NY.GDP.PCAP.CN,WS,1997,3930.45988921436
NY.GDP.PCAP.CN,WS,1996,3528.16657518123
NY.GDP.PCAP.CN,WS,1995,3179.96878251821
NY.GDP.PCAP.CN,YE,2023,722774.525603541
NY.GDP.PCAP.CN,YE,2022,778723.941197771
NY.GDP.PCAP.CN,YE,2021,604556.52622318
NY.GDP.PCAP.CN,YE,2020,465351.445302116
NY.GDP.PCAP.CN,YE,2019,399606.448346674
NY.GDP.PCAP.CN,YE,2018,376048.652138404
NY.GDP.PCAP.CN,YE,2017,333151.441835557
NY.GDP.PCAP.CN,YE,2016,303716.587844737
NY.GDP.PCAP.CN,YE,2015,343576.088333983
NY.GDP.PCAP.CN,YE,2014,334712.966056222
NY.GDP.PCAP.CN,YE,2013,321851.055047357
NY.GDP.PCAP.CN,YE,2012,289304.675188651
NY.GDP.PCAP.CN,YE,2011,274651.250446996
NY.GDP.PCAP.CN,YE,2010,274281.762900711
NY.GDP.PCAP.CN,YE,2009,212138.175821484
NY.GDP.PCAP.CN,YE,2008,230435.242481848
NY.GDP.PCAP.CN,YE,2007,190297.833124234
NY.GDP.PCAP.CN,YE,2006,171173.050060597
NY.GDP.PCAP.CN,YE,2005,150487.805941942
NY.GDP.PCAP.CN,YE,2004,123640.563446257
NY.GDP.PCAP.CN,YE,2003,107020.13527402
NY.GDP.PCAP.CN,YE,2002,95521.0897623797
NY.GDP.PCAP.CN,YE,2001,86823.4509576823
NY.GDP.PCAP.CN,YE,2000,83654.2539200266
NY.GDP.PCAP.CN,YE,1999,65685.1463950088
NY.GDP.PCAP.CN,YE,1998,48790.1812190992
NY.GDP.PCAP.CN,YE,1997,51680.8981358645
NY.GDP.PCAP.CN,YE,1996,44640.2099007808
NY.GDP.PCAP.CN,YE,1995,32182.8907656977
NY.GDP.PCAP.CN,ZM,2023,27672.8671834744
NY.GDP.PCAP.CN,ZM,2022,24676.407295053
NY.GDP.PCAP.CN,ZM,2021,22715.2465307956
NY.GDP.PCAP.CN,ZM,2020,17578.5004535177
NY.GDP.PCAP.CN,ZM,2019,16346.0789238495
NY.GDP.PCAP.CN,ZM,2018,15428.1316220051
NY.GDP.PCAP.CN,ZM,2017,14235.8209773192
NY.GDP.PCAP.CN,ZM,2016,12887.7075478354
NY.GDP.PCAP.CN,ZM,2015,11286.2139445343
NY.GDP.PCAP.CN,ZM,2014,10614.7666321447
NY.GDP.PCAP.CN,ZM,2013,9933.13018674923
NY.GDP.PCAP.CN,ZM,2012,8903.01442732683
NY.GDP.PCAP.CN,ZM,2011,7993.21131622773
NY.GDP.PCAP.CN,ZM,2010,7048.67381192374
NY.GDP.PCAP.CN,ZM,2009,5807.76714403503
NY.GDP.PCAP.CN,ZM,2008,5219.70595736424
NY.GDP.PCAP.CN,ZM,2007,4536.57822365664
NY.GDP.PCAP.CN,ZM,2006,3839.45044955268
NY.GDP.PCAP.CN,ZM,2005,3215.71297385963
NY.GDP.PCAP.CN,ZM,2004,2657.29369040511
NY.GDP.PCAP.CN,ZM,2003,2140.79496230522
NY.GDP.PCAP.CN,ZM,2002,1755.47520844011
NY.GDP.PCAP.CN,ZM,2001,1450.62928008772
NY.GDP.PCAP.CN,ZM,2000,1132.42855016855
NY.GDP.PCAP.CN,ZM,1999,844.953320975949
