PV.STD.ERR,AF,2019,0.237725615501404
PV.STD.ERR,AF,2018,0.223669990897179
PV.STD.ERR,AF,2017,0.225671410560608
PV.STD.ERR,AF,2016,0.217759668827057
PV.STD.ERR,AF,2015,0.213430002331734
PV.STD.ERR,AF,2014,0.208894610404968
PV.STD.ERR,AF,2013,0.245741248130798
PV.STD.ERR,AF,2012,0.243881538510323
PV.STD.ERR,AF,2011,0.273884326219559
PV.STD.ERR,AF,2010,0.282069832086563
PV.STD.ERR,AF,2009,0.293007612228394
PV.STD.ERR,AF,2008,0.309818059206009
PV.STD.ERR,AF,2007,0.308105289936066
PV.STD.ERR,AF,2006,0.28942021727562
PV.STD.ERR,AF,2005,0.303332567214966
PV.STD.ERR,AF,2004,0.304597765207291
PV.STD.ERR,AF,2003,0.349641561508179
PV.STD.ERR,AF,2002,0.436297506093979
PV.STD.ERR,AF,2001,None
PV.STD.ERR,AF,2000,0.453906059265137
PV.STD.ERR,AF,1999,None
PV.STD.ERR,AF,1998,0.435220897197723
PV.STD.ERR,AF,1997,None
PV.STD.ERR,AF,1996,0.47480720281601
PV.STD.ERR,AF,1995,None
PV.STD.ERR,AO,2019,0.217577815055847
PV.STD.ERR,AO,2018,0.213976681232452
PV.STD.ERR,AO,2017,0.212915167212486
PV.STD.ERR,AO,2016,0.214360997080803
PV.STD.ERR,AO,2015,0.208575189113617
PV.STD.ERR,AO,2014,0.20011305809021
PV.STD.ERR,AO,2013,0.231508240103722
PV.STD.ERR,AO,2012,0.233037114143372
PV.STD.ERR,AO,2011,0.244249582290649
PV.STD.ERR,AO,2010,0.243547096848488
PV.STD.ERR,AO,2009,0.251998424530029
PV.STD.ERR,AO,2008,0.271060198545456
PV.STD.ERR,AO,2007,0.267617672681808
PV.STD.ERR,AO,2006,0.273782998323441
PV.STD.ERR,AO,2005,0.286872625350952
PV.STD.ERR,AO,2004,0.286855816841125
PV.STD.ERR,AO,2003,0.29205846786499
PV.STD.ERR,AO,2002,0.316015273332596
PV.STD.ERR,AO,2001,None
PV.STD.ERR,AO,2000,0.342506408691406
PV.STD.ERR,AO,1999,None
PV.STD.ERR,AO,1998,0.345668405294418
PV.STD.ERR,AO,1997,None
PV.STD.ERR,AO,1996,0.373912304639816
PV.STD.ERR,AO,1995,None
PV.STD.ERR,BI,2019,0.243729904294014
PV.STD.ERR,BI,2018,0.225225403904915
PV.STD.ERR,BI,2017,0.228199601173401
PV.STD.ERR,BI,2016,0.219450056552887
PV.STD.ERR,BI,2015,0.213819772005081
PV.STD.ERR,BI,2014,0.207291051745415
PV.STD.ERR,BI,2013,0.242341712117195
PV.STD.ERR,BI,2012,0.236767888069153
PV.STD.ERR,BI,2011,0.26718533039093
PV.STD.ERR,BI,2010,0.273786127567291
PV.STD.ERR,BI,2009,0.283778816461563
PV.STD.ERR,BI,2008,0.276413589715958
PV.STD.ERR,BI,2007,0.275160819292068
PV.STD.ERR,BI,2006,0.283203154802322
PV.STD.ERR,BI,2005,0.332869827747345
PV.STD.ERR,BI,2004,0.330648332834244
PV.STD.ERR,BI,2003,0.349641561508179
PV.STD.ERR,BI,2002,0.436297506093979
PV.STD.ERR,BI,2001,None
PV.STD.ERR,BI,2000,0.453906059265137
PV.STD.ERR,BI,1999,None
PV.STD.ERR,BI,1998,0.435220897197723
PV.STD.ERR,BI,1997,None
PV.STD.ERR,BI,1996,0.47480720281601
PV.STD.ERR,BI,1995,None
PV.STD.ERR,BJ,2019,0.243729904294014
PV.STD.ERR,BJ,2018,0.225225403904915
PV.STD.ERR,BJ,2017,0.228199601173401
PV.STD.ERR,BJ,2016,0.219450056552887
PV.STD.ERR,BJ,2015,0.213819772005081
PV.STD.ERR,BJ,2014,0.213396906852722
PV.STD.ERR,BJ,2013,0.242341712117195
PV.STD.ERR,BJ,2012,0.236767888069153
PV.STD.ERR,BJ,2011,0.254974603652954
PV.STD.ERR,BJ,2010,0.254323482513428
PV.STD.ERR,BJ,2009,0.261115193367004
PV.STD.ERR,BJ,2008,0.25637811422348
PV.STD.ERR,BJ,2007,0.25422665476799
PV.STD.ERR,BJ,2006,0.260218590497971
PV.STD.ERR,BJ,2005,0.319400936365128
PV.STD.ERR,BJ,2004,0.330648332834244
PV.STD.ERR,BJ,2003,0.349641561508179
PV.STD.ERR,BJ,2002,0.436297506093979
PV.STD.ERR,BJ,2001,None
PV.STD.ERR,BJ,2000,0.453906059265137
PV.STD.ERR,BJ,1999,None
PV.STD.ERR,BJ,1998,0.435220897197723
PV.STD.ERR,BJ,1997,None
PV.STD.ERR,BJ,1996,0.47480720281601
PV.STD.ERR,BJ,1995,None
PV.STD.ERR,BF,2019,0.229520440101624
PV.STD.ERR,BF,2018,0.215846255421638
PV.STD.ERR,BF,2017,0.216968178749084
PV.STD.ERR,BF,2016,0.209355682134628
PV.STD.ERR,BF,2015,0.204587414860725
PV.STD.ERR,BF,2014,0.196386188268661
PV.STD.ERR,BF,2013,0.228019788861275
PV.STD.ERR,BF,2012,0.221984326839447
PV.STD.ERR,BF,2011,0.244249582290649
PV.STD.ERR,BF,2010,0.243547096848488
PV.STD.ERR,BF,2009,0.246055126190186
PV.STD.ERR,BF,2008,0.246047765016556
PV.STD.ERR,BF,2007,0.244294539093971
PV.STD.ERR,BF,2006,0.252854287624359
PV.STD.ERR,BF,2005,0.311466783285141
PV.STD.ERR,BF,2004,0.316001296043396
PV.STD.ERR,BF,2003,0.330509543418884
PV.STD.ERR,BF,2002,0.392881572246552
PV.STD.ERR,BF,2001,None
PV.STD.ERR,BF,2000,0.396205484867096
PV.STD.ERR,BF,1999,None
PV.STD.ERR,BF,1998,0.381433337926865
PV.STD.ERR,BF,1997,None
PV.STD.ERR,BF,1996,0.421715974807739
PV.STD.ERR,BF,1995,None
PV.STD.ERR,BD,2019,0.229520440101624
PV.STD.ERR,BD,2018,0.212307974696159
PV.STD.ERR,BD,2017,0.213935792446136
PV.STD.ERR,BD,2016,0.206087306141853
PV.STD.ERR,BD,2015,0.201144516468048
PV.STD.ERR,BD,2014,0.196386188268661
PV.STD.ERR,BD,2013,0.228019788861275
PV.STD.ERR,BD,2012,0.221984326839447
PV.STD.ERR,BD,2011,0.240677565336227
PV.STD.ERR,BD,2010,0.243547096848488
PV.STD.ERR,BD,2009,0.246055126190186
PV.STD.ERR,BD,2008,0.246047765016556
PV.STD.ERR,BD,2007,0.244294539093971
PV.STD.ERR,BD,2006,0.252854287624359
PV.STD.ERR,BD,2005,0.278116136789322
PV.STD.ERR,BD,2004,0.286855816841125
PV.STD.ERR,BD,2003,0.29205846786499
PV.STD.ERR,BD,2002,0.300926953554153
PV.STD.ERR,BD,2001,None
PV.STD.ERR,BD,2000,0.342506408691406
PV.STD.ERR,BD,1999,None
PV.STD.ERR,BD,1998,0.345668405294418
PV.STD.ERR,BD,1997,None
PV.STD.ERR,BD,1996,0.373912304639816
PV.STD.ERR,BD,1995,None
PV.STD.ERR,BO,2019,0.229520440101624
PV.STD.ERR,BO,2018,0.215846255421638
PV.STD.ERR,BO,2017,0.216968178749084
PV.STD.ERR,BO,2016,0.206087306141853
PV.STD.ERR,BO,2015,0.201144516468048
PV.STD.ERR,BO,2014,0.196386188268661
PV.STD.ERR,BO,2013,0.228019788861275
PV.STD.ERR,BO,2012,0.221984326839447
PV.STD.ERR,BO,2011,0.240677565336227
PV.STD.ERR,BO,2010,0.243547096848488
PV.STD.ERR,BO,2009,0.246055126190186
PV.STD.ERR,BO,2008,0.246047765016556
PV.STD.ERR,BO,2007,0.244294539093971
PV.STD.ERR,BO,2006,0.252854287624359
PV.STD.ERR,BO,2005,0.278116136789322
PV.STD.ERR,BO,2004,0.286855816841125
PV.STD.ERR,BO,2003,0.29205846786499
PV.STD.ERR,BO,2002,0.300926953554153
PV.STD.ERR,BO,2001,None
PV.STD.ERR,BO,2000,0.342506408691406
PV.STD.ERR,BO,1999,None
PV.STD.ERR,BO,1998,0.345668405294418
PV.STD.ERR,BO,1997,None
PV.STD.ERR,BO,1996,0.373912304639816
PV.STD.ERR,BO,1995,None
PV.STD.ERR,BT,2019,0.250075668096542
PV.STD.ERR,BT,2018,0.234690293669701
PV.STD.ERR,BT,2017,0.233241319656372
PV.STD.ERR,BT,2016,0.223960906267166
PV.STD.ERR,BT,2015,0.21929794549942
PV.STD.ERR,BT,2014,0.212399378418922
PV.STD.ERR,BT,2013,0.252466678619385
PV.STD.ERR,BT,2012,0.254446119070053
PV.STD.ERR,BT,2011,0.273884326219559
PV.STD.ERR,BT,2010,0.282069832086563
PV.STD.ERR,BT,2009,0.293007612228394
PV.STD.ERR,BT,2008,0.309818059206009
PV.STD.ERR,BT,2007,0.308105289936066
PV.STD.ERR,BT,2006,0.331756144762039
PV.STD.ERR,BT,2005,0.332869827747345
PV.STD.ERR,BT,2004,0.330648332834244
PV.STD.ERR,BT,2003,0.349641561508179
PV.STD.ERR,BT,2002,0.436297506093979
PV.STD.ERR,BT,2001,None
PV.STD.ERR,BT,2000,0.453906059265137
PV.STD.ERR,BT,1999,None
PV.STD.ERR,BT,1998,0.435220897197723
PV.STD.ERR,BT,1997,None
PV.STD.ERR,BT,1996,0.47480720281601
PV.STD.ERR,BT,1995,None
PV.STD.ERR,CF,2019,0.243729904294014
PV.STD.ERR,CF,2018,0.229462996125221
PV.STD.ERR,CF,2017,0.231890723109245
PV.STD.ERR,CF,2016,0.22340901196003
PV.STD.ERR,CF,2015,0.217969328165054
PV.STD.ERR,CF,2014,0.213396906852722
PV.STD.ERR,CF,2013,0.250124245882034
PV.STD.ERR,CF,2012,0.243881538510323
PV.STD.ERR,CF,2011,0.260776847600937
PV.STD.ERR,CF,2010,0.260921776294708
PV.STD.ERR,CF,2009,0.268250793218613
PV.STD.ERR,CF,2008,0.309818059206009
PV.STD.ERR,CF,2007,0.308105289936066
PV.STD.ERR,CF,2006,0.331756144762039
PV.STD.ERR,CF,2005,0.332869827747345
PV.STD.ERR,CF,2004,0.330648332834244
PV.STD.ERR,CF,2003,0.349641561508179
PV.STD.ERR,CF,2002,0.436297506093979
PV.STD.ERR,CF,2001,None
PV.STD.ERR,CF,2000,0.453906059265137
PV.STD.ERR,CF,1999,None
PV.STD.ERR,CF,1998,0.435220897197723
PV.STD.ERR,CF,1997,None
PV.STD.ERR,CF,1996,0.47480720281601
PV.STD.ERR,CF,1995,None
PV.STD.ERR,CI,2019,0.229520440101624
PV.STD.ERR,CI,2018,0.215846255421638
PV.STD.ERR,CI,2017,0.216968178749084
PV.STD.ERR,CI,2016,0.206087306141853
PV.STD.ERR,CI,2015,0.201144516468048
PV.STD.ERR,CI,2014,0.196386188268661
PV.STD.ERR,CI,2013,0.228019788861275
PV.STD.ERR,CI,2012,0.221984326839447
PV.STD.ERR,CI,2011,0.244249582290649
PV.STD.ERR,CI,2010,0.243547096848488
PV.STD.ERR,CI,2009,0.246055126190186
PV.STD.ERR,CI,2008,0.246047765016556
PV.STD.ERR,CI,2007,0.248241752386093
PV.STD.ERR,CI,2006,0.257249593734741
PV.STD.ERR,CI,2005,0.286872625350952
PV.STD.ERR,CI,2004,0.293032377958298
PV.STD.ERR,CI,2003,0.301584661006927
PV.STD.ERR,CI,2002,0.316015273332596
PV.STD.ERR,CI,2001,None
PV.STD.ERR,CI,2000,0.342506408691406
PV.STD.ERR,CI,1999,None
PV.STD.ERR,CI,1998,0.345668405294418
PV.STD.ERR,CI,1997,None
PV.STD.ERR,CI,1996,0.373912304639816
PV.STD.ERR,CI,1995,None
PV.STD.ERR,CM,2019,0.229520440101624
PV.STD.ERR,CM,2018,0.212307974696159
PV.STD.ERR,CM,2017,0.213935792446136
PV.STD.ERR,CM,2016,0.206087306141853
PV.STD.ERR,CM,2015,0.201144516468048
PV.STD.ERR,CM,2014,0.196386188268661
PV.STD.ERR,CM,2013,0.228019788861275
PV.STD.ERR,CM,2012,0.221984326839447
PV.STD.ERR,CM,2011,0.240677565336227
PV.STD.ERR,CM,2010,0.243547096848488
PV.STD.ERR,CM,2009,0.246055126190186
PV.STD.ERR,CM,2008,0.246047765016556
PV.STD.ERR,CM,2007,0.244294539093971
PV.STD.ERR,CM,2006,0.252854287624359
PV.STD.ERR,CM,2005,0.278116136789322
PV.STD.ERR,CM,2004,0.293032377958298
PV.STD.ERR,CM,2003,0.29205846786499
PV.STD.ERR,CM,2002,0.316015273332596
PV.STD.ERR,CM,2001,None
PV.STD.ERR,CM,2000,0.342506408691406
PV.STD.ERR,CM,1999,None
PV.STD.ERR,CM,1998,0.345668405294418
PV.STD.ERR,CM,1997,None
PV.STD.ERR,CM,1996,0.373912304639816
PV.STD.ERR,CM,1995,None
PV.STD.ERR,CD,2019,0.222056418657303
PV.STD.ERR,CD,2018,0.21454331278801
PV.STD.ERR,CD,2017,0.223669856786728
PV.STD.ERR,CD,2016,0.214848384261131
PV.STD.ERR,CD,2015,0.208575189113617
PV.STD.ERR,CD,2014,0.205589711666107
PV.STD.ERR,CD,2013,0.238264307379723
PV.STD.ERR,CD,2012,0.233037114143372
PV.STD.ERR,CD,2011,0.24933560192585
PV.STD.ERR,CD,2010,0.249322861433029
PV.STD.ERR,CD,2009,0.251998424530029
PV.STD.ERR,CD,2008,0.292073458433151
PV.STD.ERR,CD,2007,0.290890961885452
PV.STD.ERR,CD,2006,0.316885411739349
PV.STD.ERR,CD,2005,0.286872625350952
PV.STD.ERR,CD,2004,0.293032377958298
PV.STD.ERR,CD,2003,0.330509543418884
PV.STD.ERR,CD,2002,0.392881572246552
PV.STD.ERR,CD,2001,None
PV.STD.ERR,CD,2000,0.396205484867096
PV.STD.ERR,CD,1999,None
PV.STD.ERR,CD,1998,0.381433337926865
PV.STD.ERR,CD,1997,None
PV.STD.ERR,CD,1996,0.421715974807739
PV.STD.ERR,CD,1995,None
PV.STD.ERR,CG,2019,0.234910249710083
PV.STD.ERR,CG,2018,0.2210383862257
PV.STD.ERR,CG,2017,0.222477972507477
PV.STD.ERR,CG,2016,0.214360997080803
PV.STD.ERR,CG,2015,0.208575189113617
PV.STD.ERR,CG,2014,0.205589711666107
PV.STD.ERR,CG,2013,0.238264307379723
PV.STD.ERR,CG,2012,0.233037114143372
PV.STD.ERR,CG,2011,0.24933560192585
PV.STD.ERR,CG,2010,0.249322861433029
PV.STD.ERR,CG,2009,0.251998424530029
PV.STD.ERR,CG,2008,0.271060198545456
PV.STD.ERR,CG,2007,0.267617672681808
PV.STD.ERR,CG,2006,0.27938786149025
PV.STD.ERR,CG,2005,0.286872625350952
PV.STD.ERR,CG,2004,0.316001296043396
PV.STD.ERR,CG,2003,0.330509543418884
PV.STD.ERR,CG,2002,0.392881572246552
PV.STD.ERR,CG,2001,None
PV.STD.ERR,CG,2000,0.396205484867096
PV.STD.ERR,CG,1999,None
PV.STD.ERR,CG,1998,0.381433337926865
PV.STD.ERR,CG,1997,None
PV.STD.ERR,CG,1996,0.421715974807739
PV.STD.ERR,CG,1995,None
PV.STD.ERR,KM,2019,0.271939843893051
PV.STD.ERR,KM,2018,0.250291615724564
PV.STD.ERR,KM,2017,0.256252259016037
PV.STD.ERR,KM,2016,0.246931627392769
PV.STD.ERR,KM,2015,0.249322980642319
PV.STD.ERR,KM,2014,0.238057717680931
PV.STD.ERR,KM,2013,0.297252923250198
PV.STD.ERR,KM,2012,0.282746523618698
PV.STD.ERR,KM,2011,0.360775291919708
PV.STD.ERR,KM,2010,0.320087254047394
PV.STD.ERR,KM,2009,0.323601871728897
PV.STD.ERR,KM,2008,0.350017130374908
PV.STD.ERR,KM,2007,0.348420560359955
PV.STD.ERR,KM,2006,0.376439899206162
PV.STD.ERR,KM,2005,0.384340941905975
PV.STD.ERR,KM,2004,0.364736646413803
PV.STD.ERR,KM,2003,0.349641561508179
PV.STD.ERR,KM,2002,0.436297506093979
PV.STD.ERR,KM,2001,None
PV.STD.ERR,KM,2000,0.453906059265137
PV.STD.ERR,KM,1999,None
PV.STD.ERR,KM,1998,0.435220897197723
PV.STD.ERR,KM,1997,None
PV.STD.ERR,KM,1996,0.47480720281601
PV.STD.ERR,KM,1995,None
PV.STD.ERR,CV,2019,0.250075668096542
PV.STD.ERR,CV,2018,0.23016220331192
PV.STD.ERR,CV,2017,0.233241319656372
PV.STD.ERR,CV,2016,0.223960906267166
PV.STD.ERR,CV,2015,0.21929794549942
PV.STD.ERR,CV,2014,0.227504342794418
PV.STD.ERR,CV,2013,0.252466678619385
PV.STD.ERR,CV,2012,0.246398240327835
PV.STD.ERR,CV,2011,0.300698131322861
PV.STD.ERR,CV,2010,0.273786127567291
PV.STD.ERR,CV,2009,0.293007612228394
PV.STD.ERR,CV,2008,0.3154336810112
PV.STD.ERR,CV,2007,0.310351073741913
PV.STD.ERR,CV,2006,0.317671149969101
PV.STD.ERR,CV,2005,0.384340941905975
PV.STD.ERR,CV,2004,0.364736646413803
PV.STD.ERR,CV,2003,0.349641561508179
PV.STD.ERR,CV,2002,0.436297506093979
PV.STD.ERR,CV,2001,None
PV.STD.ERR,CV,2000,0.586516797542572
PV.STD.ERR,CV,1999,None
PV.STD.ERR,CV,1998,0.563318967819214
PV.STD.ERR,CV,1997,None
PV.STD.ERR,CV,1996,0.616059839725494
PV.STD.ERR,CV,1995,None
PV.STD.ERR,DJ,2019,0.250075668096542
PV.STD.ERR,DJ,2018,0.234690293669701
PV.STD.ERR,DJ,2017,0.237186849117279
PV.STD.ERR,DJ,2016,0.228173807263374
PV.STD.ERR,DJ,2015,0.223781511187553
PV.STD.ERR,DJ,2014,0.218982502818108
PV.STD.ERR,DJ,2013,0.261302709579468
PV.STD.ERR,DJ,2012,0.254446119070053
PV.STD.ERR,DJ,2011,0.273884326219559
PV.STD.ERR,DJ,2010,0.282069832086563
PV.STD.ERR,DJ,2009,0.293007612228394
PV.STD.ERR,DJ,2008,0.309818059206009
PV.STD.ERR,DJ,2007,0.308105289936066
PV.STD.ERR,DJ,2006,0.331756144762039
PV.STD.ERR,DJ,2005,0.384340941905975
PV.STD.ERR,DJ,2004,0.364736646413803
PV.STD.ERR,DJ,2003,0.349641561508179
PV.STD.ERR,DJ,2002,0.436297506093979
PV.STD.ERR,DJ,2001,None
PV.STD.ERR,DJ,2000,0.453906059265137
PV.STD.ERR,DJ,1999,None
PV.STD.ERR,DJ,1998,0.435220897197723
PV.STD.ERR,DJ,1997,None
PV.STD.ERR,DJ,1996,0.47480720281601
PV.STD.ERR,DJ,1995,None
PV.STD.ERR,EG,2019,0.229520440101624
PV.STD.ERR,EG,2018,0.212307974696159
PV.STD.ERR,EG,2017,0.213935792446136
PV.STD.ERR,EG,2016,0.209355682134628
PV.STD.ERR,EG,2015,0.201144516468048
PV.STD.ERR,EG,2014,0.196386188268661
PV.STD.ERR,EG,2013,0.228019788861275
PV.STD.ERR,EG,2012,0.221984326839447
PV.STD.ERR,EG,2011,0.244249582290649
PV.STD.ERR,EG,2010,0.243547096848488
PV.STD.ERR,EG,2009,0.246055126190186
PV.STD.ERR,EG,2008,0.246047765016556
PV.STD.ERR,EG,2007,0.244294539093971
PV.STD.ERR,EG,2006,0.252854287624359
PV.STD.ERR,EG,2005,0.278116136789322
PV.STD.ERR,EG,2004,0.286855816841125
PV.STD.ERR,EG,2003,0.29205846786499
PV.STD.ERR,EG,2002,0.316015273332596
PV.STD.ERR,EG,2001,None
PV.STD.ERR,EG,2000,0.342506408691406
PV.STD.ERR,EG,1999,None
PV.STD.ERR,EG,1998,0.345668405294418
PV.STD.ERR,EG,1997,None
PV.STD.ERR,EG,1996,0.373912304639816
PV.STD.ERR,EG,1995,None
PV.STD.ERR,ER,2019,0.243729904294014
PV.STD.ERR,ER,2018,0.229462996125221
PV.STD.ERR,ER,2017,0.231890723109245
PV.STD.ERR,ER,2016,0.22340901196003
PV.STD.ERR,ER,2015,0.223781511187553
PV.STD.ERR,ER,2014,0.218982502818108
PV.STD.ERR,ER,2013,0.261302709579468
PV.STD.ERR,ER,2012,0.254446119070053
PV.STD.ERR,ER,2011,0.273884326219559
PV.STD.ERR,ER,2010,0.282069832086563
PV.STD.ERR,ER,2009,0.293007612228394
PV.STD.ERR,ER,2008,0.285063475370407
PV.STD.ERR,ER,2007,0.280838459730148
PV.STD.ERR,ER,2006,0.28942021727562
PV.STD.ERR,ER,2005,0.332869827747345
PV.STD.ERR,ER,2004,0.330648332834244
PV.STD.ERR,ER,2003,0.349641561508179
PV.STD.ERR,ER,2002,0.436297506093979
PV.STD.ERR,ER,2001,None
PV.STD.ERR,ER,2000,0.453906059265137
PV.STD.ERR,ER,1999,None
PV.STD.ERR,ER,1998,0.435220897197723
PV.STD.ERR,ER,1997,None
PV.STD.ERR,ER,1996,0.47480720281601
PV.STD.ERR,ER,1995,None
PV.STD.ERR,ET,2019,0.229520440101624
PV.STD.ERR,ET,2018,0.212307974696159
PV.STD.ERR,ET,2017,0.213935792446136
PV.STD.ERR,ET,2016,0.206087306141853
PV.STD.ERR,ET,2015,0.201144516468048
PV.STD.ERR,ET,2014,0.196386188268661
PV.STD.ERR,ET,2013,0.228019788861275
PV.STD.ERR,ET,2012,0.221984326839447
PV.STD.ERR,ET,2011,0.240677565336227
PV.STD.ERR,ET,2010,0.243547096848488
PV.STD.ERR,ET,2009,0.246055126190186
PV.STD.ERR,ET,2008,0.246047765016556
PV.STD.ERR,ET,2007,0.244294539093971
PV.STD.ERR,ET,2006,0.252854287624359
PV.STD.ERR,ET,2005,0.278116136789322
PV.STD.ERR,ET,2004,0.286855816841125
PV.STD.ERR,ET,2003,0.29205846786499
PV.STD.ERR,ET,2002,0.316015273332596
PV.STD.ERR,ET,2001,None
PV.STD.ERR,ET,2000,0.342506408691406
PV.STD.ERR,ET,1999,None
PV.STD.ERR,ET,1998,0.345668405294418
PV.STD.ERR,ET,1997,None
PV.STD.ERR,ET,1996,0.373912304639816
PV.STD.ERR,ET,1995,None
PV.STD.ERR,FM,2019,0.252529382705688
PV.STD.ERR,FM,2018,0.257120162248611
PV.STD.ERR,FM,2017,0.263454109430313
PV.STD.ERR,FM,2016,0.253411799669266
PV.STD.ERR,FM,2015,0.249322980642319
PV.STD.ERR,FM,2014,0.238057717680931
PV.STD.ERR,FM,2013,0.297252923250198
PV.STD.ERR,FM,2012,0.282746523618698
PV.STD.ERR,FM,2011,0.306695103645325
PV.STD.ERR,FM,2010,0.320087254047394
PV.STD.ERR,FM,2009,0.323601871728897
PV.STD.ERR,FM,2008,0.309818059206009
PV.STD.ERR,FM,2007,0.308105289936066
PV.STD.ERR,FM,2006,0.331756144762039
PV.STD.ERR,FM,2005,0.332869827747345
PV.STD.ERR,FM,2004,0.330648332834244
PV.STD.ERR,FM,2003,0.556768476963043
PV.STD.ERR,FM,2002,None
PV.STD.ERR,FM,2001,None
PV.STD.ERR,FM,2000,None
PV.STD.ERR,FM,1999,None
PV.STD.ERR,FM,1998,None
PV.STD.ERR,FM,1997,None
PV.STD.ERR,FM,1996,None
PV.STD.ERR,FM,1995,None
PV.STD.ERR,GH,2019,0.229520440101624
PV.STD.ERR,GH,2018,0.212307974696159
PV.STD.ERR,GH,2017,0.213935792446136
PV.STD.ERR,GH,2016,0.206087306141853
PV.STD.ERR,GH,2015,0.201144516468048
PV.STD.ERR,GH,2014,0.196386188268661
PV.STD.ERR,GH,2013,0.228019788861275
PV.STD.ERR,GH,2012,0.221984326839447
PV.STD.ERR,GH,2011,0.240677565336227
PV.STD.ERR,GH,2010,0.243547096848488
PV.STD.ERR,GH,2009,0.246055126190186
PV.STD.ERR,GH,2008,0.246047765016556
PV.STD.ERR,GH,2007,0.248241752386093
PV.STD.ERR,GH,2006,0.257249593734741
PV.STD.ERR,GH,2005,0.278116136789322
PV.STD.ERR,GH,2004,0.286855816841125
PV.STD.ERR,GH,2003,0.29205846786499
PV.STD.ERR,GH,2002,0.316015273332596
PV.STD.ERR,GH,2001,None
PV.STD.ERR,GH,2000,0.342506408691406
PV.STD.ERR,GH,1999,None
PV.STD.ERR,GH,1998,0.345668405294418
PV.STD.ERR,GH,1997,None
PV.STD.ERR,GH,1996,0.373912304639816
PV.STD.ERR,GH,1995,None
PV.STD.ERR,GN,2019,0.234910249710083
PV.STD.ERR,GN,2018,0.2210383862257
PV.STD.ERR,GN,2017,0.222477972507477
PV.STD.ERR,GN,2016,0.214360997080803
PV.STD.ERR,GN,2015,0.204930633306503
PV.STD.ERR,GN,2014,0.20011305809021
PV.STD.ERR,GN,2013,0.231508240103722
PV.STD.ERR,GN,2012,0.226807355880737
PV.STD.ERR,GN,2011,0.260717630386353
PV.STD.ERR,GN,2010,0.267576217651367
PV.STD.ERR,GN,2009,0.272184789180756
PV.STD.ERR,GN,2008,0.271060198545456
PV.STD.ERR,GN,2007,0.267617672681808
PV.STD.ERR,GN,2006,0.27938786149025
PV.STD.ERR,GN,2005,0.311466783285141
PV.STD.ERR,GN,2004,0.316001296043396
PV.STD.ERR,GN,2003,0.330509543418884
PV.STD.ERR,GN,2002,0.392881572246552
PV.STD.ERR,GN,2001,None
PV.STD.ERR,GN,2000,0.396205484867096
PV.STD.ERR,GN,1999,None
PV.STD.ERR,GN,1998,0.381433337926865
PV.STD.ERR,GN,1997,None
PV.STD.ERR,GN,1996,0.421715974807739
PV.STD.ERR,GN,1995,None
PV.STD.ERR,GM,2019,0.240575924515724
PV.STD.ERR,GM,2018,0.221663177013397
PV.STD.ERR,GM,2017,0.223669856786728
PV.STD.ERR,GM,2016,0.214848384261131
PV.STD.ERR,GM,2015,0.209738418459892
PV.STD.ERR,GM,2014,0.204697266221046
PV.STD.ERR,GM,2013,0.240286439657211
PV.STD.ERR,GM,2012,0.235229834914207
PV.STD.ERR,GM,2011,0.283523261547089
PV.STD.ERR,GM,2010,0.260473906993866
PV.STD.ERR,GM,2009,0.26473930478096
PV.STD.ERR,GM,2008,0.287041485309601
PV.STD.ERR,GM,2007,0.286362498998642
PV.STD.ERR,GM,2006,0.29732421040535
PV.STD.ERR,GM,2005,0.336529970169067
PV.STD.ERR,GM,2004,0.335362255573273
PV.STD.ERR,GM,2003,0.31808802485466
PV.STD.ERR,GM,2002,0.392881572246552
PV.STD.ERR,GM,2001,None
PV.STD.ERR,GM,2000,0.396205484867096
PV.STD.ERR,GM,1999,None
PV.STD.ERR,GM,1998,0.381433337926865
PV.STD.ERR,GM,1997,None
PV.STD.ERR,GM,1996,0.421715974807739
PV.STD.ERR,GM,1995,None
PV.STD.ERR,GW,2019,0.267579674720764
PV.STD.ERR,GW,2018,0.245429694652557
PV.STD.ERR,GW,2017,0.249887317419052
PV.STD.ERR,GW,2016,0.240429624915123
PV.STD.ERR,GW,2015,0.235534265637398
PV.STD.ERR,GW,2014,0.227360591292381
PV.STD.ERR,GW,2013,0.277903288602829
PV.STD.ERR,GW,2012,0.266220301389694
PV.STD.ERR,GW,2011,0.332165271043777
PV.STD.ERR,GW,2010,0.299358755350113
PV.STD.ERR,GW,2009,0.296177357435226
PV.STD.ERR,GW,2008,0.325011342763901
PV.STD.ERR,GW,2007,0.324082791805267
PV.STD.ERR,GW,2006,0.355119943618774
PV.STD.ERR,GW,2005,0.352396249771118
PV.STD.ERR,GW,2004,0.345351129770279
PV.STD.ERR,GW,2003,0.330509543418884
PV.STD.ERR,GW,2002,0.392881572246552
PV.STD.ERR,GW,2001,None
PV.STD.ERR,GW,2000,0.396205484867096
PV.STD.ERR,GW,1999,None
PV.STD.ERR,GW,1998,0.381433337926865
PV.STD.ERR,GW,1997,None
PV.STD.ERR,GW,1996,0.421715974807739
PV.STD.ERR,GW,1995,None
PV.STD.ERR,HN,2019,0.229520440101624
PV.STD.ERR,HN,2018,0.212307974696159
PV.STD.ERR,HN,2017,0.213935792446136
PV.STD.ERR,HN,2016,0.206087306141853
PV.STD.ERR,HN,2015,0.201144516468048
PV.STD.ERR,HN,2014,0.196386188268661
PV.STD.ERR,HN,2013,0.231508240103722
PV.STD.ERR,HN,2012,0.226807355880737
PV.STD.ERR,HN,2011,0.244249582290649
PV.STD.ERR,HN,2010,0.243547096848488
PV.STD.ERR,HN,2009,0.246055126190186
PV.STD.ERR,HN,2008,0.263591170310974
PV.STD.ERR,HN,2007,0.262691110372543
PV.STD.ERR,HN,2006,0.273782998323441
PV.STD.ERR,HN,2005,0.278116136789322
PV.STD.ERR,HN,2004,0.286855816841125
PV.STD.ERR,HN,2003,0.29205846786499
PV.STD.ERR,HN,2002,0.300926953554153
PV.STD.ERR,HN,2001,None
PV.STD.ERR,HN,2000,0.342506408691406
PV.STD.ERR,HN,1999,None
PV.STD.ERR,HN,1998,0.345668405294418
PV.STD.ERR,HN,1997,None
PV.STD.ERR,HN,1996,0.373912304639816
PV.STD.ERR,HN,1995,None
PV.STD.ERR,HT,2019,0.234910249710083
PV.STD.ERR,HT,2018,0.217243075370789
PV.STD.ERR,HT,2017,0.219212144613266
PV.STD.ERR,HT,2016,0.214360997080803
PV.STD.ERR,HT,2015,0.204930633306503
PV.STD.ERR,HT,2014,0.20011305809021
PV.STD.ERR,HT,2013,0.231508240103722
PV.STD.ERR,HT,2012,0.226807355880737
PV.STD.ERR,HT,2011,0.244249582290649
PV.STD.ERR,HT,2010,0.249322861433029
PV.STD.ERR,HT,2009,0.251998424530029
PV.STD.ERR,HT,2008,0.271060198545456
PV.STD.ERR,HT,2007,0.267617672681808
PV.STD.ERR,HT,2006,0.27938786149025
PV.STD.ERR,HT,2005,0.311466783285141
PV.STD.ERR,HT,2004,0.316001296043396
PV.STD.ERR,HT,2003,0.31808802485466
PV.STD.ERR,HT,2002,0.364957571029663
PV.STD.ERR,HT,2001,None
PV.STD.ERR,HT,2000,0.396205484867096
PV.STD.ERR,HT,1999,None
PV.STD.ERR,HT,1998,0.381433337926865
PV.STD.ERR,HT,1997,None
PV.STD.ERR,HT,1996,0.421715974807739
PV.STD.ERR,HT,1995,None
PV.STD.ERR,IN,2019,0.223971575498581
PV.STD.ERR,IN,2018,0.208318024873734
PV.STD.ERR,IN,2017,0.209813088178635
PV.STD.ERR,IN,2016,0.203295975923538
PV.STD.ERR,IN,2015,0.196433380246162
PV.STD.ERR,IN,2014,0.192247405648232
PV.STD.ERR,IN,2013,0.225787356495857
PV.STD.ERR,IN,2012,0.21966552734375
PV.STD.ERR,IN,2011,0.238522350788116
PV.STD.ERR,IN,2010,0.239330947399139
PV.STD.ERR,IN,2009,0.241539120674133
PV.STD.ERR,IN,2008,0.241307944059372
PV.STD.ERR,IN,2007,0.239249795675278
PV.STD.ERR,IN,2006,0.245767414569855
PV.STD.ERR,IN,2005,0.270123898983002
PV.STD.ERR,IN,2004,0.278957605361938
PV.STD.ERR,IN,2003,0.282846570014954
PV.STD.ERR,IN,2002,0.286041706800461
PV.STD.ERR,IN,2001,None
PV.STD.ERR,IN,2000,0.313380271196365
PV.STD.ERR,IN,1999,None
PV.STD.ERR,IN,1998,0.345668405294418
PV.STD.ERR,IN,1997,None
PV.STD.ERR,IN,1996,0.373912304639816
PV.STD.ERR,IN,1995,None
PV.STD.ERR,JO,2019,0.20880027115345
PV.STD.ERR,JO,2018,0.202375143766403
PV.STD.ERR,JO,2017,0.201735362410545
PV.STD.ERR,JO,2016,0.203295975923538
PV.STD.ERR,JO,2015,0.196433380246162
PV.STD.ERR,JO,2014,0.192247405648232
PV.STD.ERR,JO,2013,0.225787356495857
PV.STD.ERR,JO,2012,0.21966552734375
PV.STD.ERR,JO,2011,0.238522350788116
PV.STD.ERR,JO,2010,0.239330947399139
PV.STD.ERR,JO,2009,0.241539120674133
PV.STD.ERR,JO,2008,0.241307944059372
PV.STD.ERR,JO,2007,0.239249795675278
PV.STD.ERR,JO,2006,0.245767414569855
PV.STD.ERR,JO,2005,0.270123898983002
PV.STD.ERR,JO,2004,0.278957605361938
PV.STD.ERR,JO,2003,0.282846570014954
PV.STD.ERR,JO,2002,0.300926953554153
PV.STD.ERR,JO,2001,None
PV.STD.ERR,JO,2000,0.342506408691406
PV.STD.ERR,JO,1999,None
PV.STD.ERR,JO,1998,0.345668405294418
PV.STD.ERR,JO,1997,None
PV.STD.ERR,JO,1996,0.373912304639816
PV.STD.ERR,JO,1995,None
PV.STD.ERR,KE,2019,0.229520440101624
PV.STD.ERR,KE,2018,0.212307974696159
PV.STD.ERR,KE,2017,0.213935792446136
PV.STD.ERR,KE,2016,0.206087306141853
PV.STD.ERR,KE,2015,0.201144516468048
PV.STD.ERR,KE,2014,0.196386188268661
PV.STD.ERR,KE,2013,0.228019788861275
PV.STD.ERR,KE,2012,0.221984326839447
PV.STD.ERR,KE,2011,0.240677565336227
PV.STD.ERR,KE,2010,0.243547096848488
PV.STD.ERR,KE,2009,0.246055126190186
PV.STD.ERR,KE,2008,0.246047765016556
PV.STD.ERR,KE,2007,0.244294539093971
PV.STD.ERR,KE,2006,0.252854287624359
PV.STD.ERR,KE,2005,0.278116136789322
PV.STD.ERR,KE,2004,0.286855816841125
PV.STD.ERR,KE,2003,0.29205846786499
PV.STD.ERR,KE,2002,0.316015273332596
PV.STD.ERR,KE,2001,None
PV.STD.ERR,KE,2000,0.342506408691406
PV.STD.ERR,KE,1999,None
PV.STD.ERR,KE,1998,0.345668405294418
PV.STD.ERR,KE,1997,None
PV.STD.ERR,KE,1996,0.373912304639816
PV.STD.ERR,KE,1995,None
PV.STD.ERR,KG,2019,0.224429905414581
PV.STD.ERR,KG,2018,0.216947197914124
PV.STD.ERR,KG,2017,0.216795012354851
PV.STD.ERR,KG,2016,0.218270629644394
PV.STD.ERR,KG,2015,0.214676842093468
PV.STD.ERR,KG,2014,0.207958623766899
PV.STD.ERR,KG,2013,0.247961595654488
PV.STD.ERR,KG,2012,0.240249395370483
PV.STD.ERR,KG,2011,0.262529581785202
PV.STD.ERR,KG,2010,0.273786127567291
PV.STD.ERR,KG,2009,0.283778816461563
PV.STD.ERR,KG,2008,0.276413589715958
PV.STD.ERR,KG,2007,0.275160819292068
PV.STD.ERR,KG,2006,0.283203154802322
PV.STD.ERR,KG,2005,0.319400936365128
PV.STD.ERR,KG,2004,0.330648332834244
PV.STD.ERR,KG,2003,0.349641561508179
PV.STD.ERR,KG,2002,0.436297506093979
PV.STD.ERR,KG,2001,None
PV.STD.ERR,KG,2000,0.453906059265137
PV.STD.ERR,KG,1999,None
PV.STD.ERR,KG,1998,0.435220897197723
PV.STD.ERR,KG,1997,None
PV.STD.ERR,KG,1996,0.47480720281601
PV.STD.ERR,KG,1995,None
PV.STD.ERR,KH,2019,0.237725615501404
PV.STD.ERR,KH,2018,0.219739928841591
PV.STD.ERR,KH,2017,0.222265064716339
PV.STD.ERR,KH,2016,0.214088663458824
PV.STD.ERR,KH,2015,0.209529757499695
PV.STD.ERR,KH,2014,0.2031569480896
PV.STD.ERR,KH,2013,0.238348826766014
PV.STD.ERR,KH,2012,0.231296643614769
PV.STD.ERR,KH,2011,0.250919014215469
PV.STD.ERR,KH,2010,0.254323482513428
PV.STD.ERR,KH,2009,0.261115193367004
PV.STD.ERR,KH,2008,0.25637811422348
PV.STD.ERR,KH,2007,0.25422665476799
PV.STD.ERR,KH,2006,0.260218590497971
PV.STD.ERR,KH,2005,0.29303577542305
PV.STD.ERR,KH,2004,0.304597765207291
PV.STD.ERR,KH,2003,0.315908581018448
PV.STD.ERR,KH,2002,0.337325215339661
PV.STD.ERR,KH,2001,None
PV.STD.ERR,KH,2000,0.377755850553513
PV.STD.ERR,KH,1999,None
PV.STD.ERR,KH,1998,0.384182929992676
PV.STD.ERR,KH,1997,None
PV.STD.ERR,KH,1996,0.409431099891663
PV.STD.ERR,KH,1995,None
PV.STD.ERR,KI,2019,0.288534104824066
PV.STD.ERR,KI,2018,0.289012312889099
PV.STD.ERR,KI,2017,0.309247493743896
PV.STD.ERR,KI,2016,0.286816298961639
PV.STD.ERR,KI,2015,0.275287687778473
PV.STD.ERR,KI,2014,0.261565506458282
PV.STD.ERR,KI,2013,0.347427368164063
PV.STD.ERR,KI,2012,0.317384898662567
PV.STD.ERR,KI,2011,0.360775291919708
PV.STD.ERR,KI,2010,0.320087254047394
PV.STD.ERR,KI,2009,0.323601871728897
PV.STD.ERR,KI,2008,0.350017130374908
PV.STD.ERR,KI,2007,0.348420560359955
PV.STD.ERR,KI,2006,0.376439899206162
PV.STD.ERR,KI,2005,0.384340941905975
PV.STD.ERR,KI,2004,0.364736646413803
PV.STD.ERR,KI,2003,0.556768476963043
PV.STD.ERR,KI,2002,None
PV.STD.ERR,KI,2001,None
PV.STD.ERR,KI,2000,None
PV.STD.ERR,KI,1999,None
PV.STD.ERR,KI,1998,None
PV.STD.ERR,KI,1997,None
PV.STD.ERR,KI,1996,None
PV.STD.ERR,KI,1995,None
PV.STD.ERR,LA,2019,0.243729904294014
PV.STD.ERR,LA,2018,0.225225403904915
PV.STD.ERR,LA,2017,0.228199601173401
PV.STD.ERR,LA,2016,0.219450056552887
PV.STD.ERR,LA,2015,0.213819772005081
PV.STD.ERR,LA,2014,0.207291051745415
PV.STD.ERR,LA,2013,0.242341712117195
PV.STD.ERR,LA,2012,0.243881538510323
PV.STD.ERR,LA,2011,0.260776847600937
PV.STD.ERR,LA,2010,0.260921776294708
PV.STD.ERR,LA,2009,0.268250793218613
PV.STD.ERR,LA,2008,0.285063475370407
PV.STD.ERR,LA,2007,0.280838459730148
PV.STD.ERR,LA,2006,0.28942021727562
PV.STD.ERR,LA,2005,0.332869827747345
PV.STD.ERR,LA,2004,0.330648332834244
PV.STD.ERR,LA,2003,0.349641561508179
PV.STD.ERR,LA,2002,0.436297506093979
PV.STD.ERR,LA,2001,None
PV.STD.ERR,LA,2000,0.453906059265137
PV.STD.ERR,LA,1999,None
PV.STD.ERR,LA,1998,0.435220897197723
PV.STD.ERR,LA,1997,None
PV.STD.ERR,LA,1996,0.47480720281601
PV.STD.ERR,LA,1995,None
PV.STD.ERR,LB,2019,0.229520440101624
PV.STD.ERR,LB,2018,0.212307974696159
PV.STD.ERR,LB,2017,0.213935792446136
PV.STD.ERR,LB,2016,0.206087306141853
PV.STD.ERR,LB,2015,0.201144516468048
PV.STD.ERR,LB,2014,0.196386188268661
PV.STD.ERR,LB,2013,0.228019788861275
PV.STD.ERR,LB,2012,0.221984326839447
PV.STD.ERR,LB,2011,0.240677565336227
PV.STD.ERR,LB,2010,0.243547096848488
PV.STD.ERR,LB,2009,0.251998424530029
PV.STD.ERR,LB,2008,0.2520891726017
PV.STD.ERR,LB,2007,0.248241752386093
PV.STD.ERR,LB,2006,0.257249593734741
PV.STD.ERR,LB,2005,0.286872625350952
PV.STD.ERR,LB,2004,0.293032377958298
PV.STD.ERR,LB,2003,0.301584661006927
PV.STD.ERR,LB,2002,0.316015273332596
PV.STD.ERR,LB,2001,None
PV.STD.ERR,LB,2000,0.342506408691406
PV.STD.ERR,LB,1999,None
PV.STD.ERR,LB,1998,0.345668405294418
PV.STD.ERR,LB,1997,None
PV.STD.ERR,LB,1996,0.373912304639816
PV.STD.ERR,LB,1995,None
PV.STD.ERR,LR,2019,0.21748723089695
PV.STD.ERR,LR,2018,0.209785938262939
PV.STD.ERR,LR,2017,0.209044739603996
PV.STD.ERR,LR,2016,0.209809631109238
PV.STD.ERR,LR,2015,0.201144516468048
PV.STD.ERR,LR,2014,0.201554611325264
PV.STD.ERR,LR,2013,0.228019788861275
PV.STD.ERR,LR,2012,0.221984326839447
PV.STD.ERR,LR,2011,0.256386488676071
PV.STD.ERR,LR,2010,0.267576217651367
PV.STD.ERR,LR,2009,0.272184789180756
PV.STD.ERR,LR,2008,0.292073458433151
PV.STD.ERR,LR,2007,0.290890961885452
PV.STD.ERR,LR,2006,0.316885411739349
PV.STD.ERR,LR,2005,0.311466783285141
PV.STD.ERR,LR,2004,0.316001296043396
PV.STD.ERR,LR,2003,0.330509543418884
PV.STD.ERR,LR,2002,0.392881572246552
PV.STD.ERR,LR,2001,None
PV.STD.ERR,LR,2000,0.396205484867096
PV.STD.ERR,LR,1999,None
PV.STD.ERR,LR,1998,0.381433337926865
PV.STD.ERR,LR,1997,None
PV.STD.ERR,LR,1996,0.421715974807739
PV.STD.ERR,LR,1995,None
PV.STD.ERR,LK,2019,0.229520440101624
PV.STD.ERR,LK,2018,0.212307974696159
PV.STD.ERR,LK,2017,0.213935792446136
PV.STD.ERR,LK,2016,0.206087306141853
PV.STD.ERR,LK,2015,0.201144516468048
PV.STD.ERR,LK,2014,0.196386188268661
PV.STD.ERR,LK,2013,0.228019788861275
PV.STD.ERR,LK,2012,0.221984326839447
PV.STD.ERR,LK,2011,0.244249582290649
PV.STD.ERR,LK,2010,0.243547096848488
PV.STD.ERR,LK,2009,0.246055126190186
PV.STD.ERR,LK,2008,0.246047765016556
PV.STD.ERR,LK,2007,0.244294539093971
PV.STD.ERR,LK,2006,0.252854287624359
PV.STD.ERR,LK,2005,0.278116136789322
PV.STD.ERR,LK,2004,0.286855816841125
PV.STD.ERR,LK,2003,0.29205846786499
PV.STD.ERR,LK,2002,0.300926953554153
PV.STD.ERR,LK,2001,None
PV.STD.ERR,LK,2000,0.342506408691406
PV.STD.ERR,LK,1999,None
PV.STD.ERR,LK,1998,0.345668405294418
PV.STD.ERR,LK,1997,None
PV.STD.ERR,LK,1996,0.373912304639816
PV.STD.ERR,LK,1995,None
PV.STD.ERR,LS,2019,0.250075668096542
PV.STD.ERR,LS,2018,0.23016220331192
PV.STD.ERR,LS,2017,0.233241319656372
PV.STD.ERR,LS,2016,0.223960906267166
PV.STD.ERR,LS,2015,0.21929794549942
PV.STD.ERR,LS,2014,0.212399378418922
PV.STD.ERR,LS,2013,0.252466678619385
PV.STD.ERR,LS,2012,0.246398240327835
PV.STD.ERR,LS,2011,0.300698131322861
PV.STD.ERR,LS,2010,0.273786127567291
PV.STD.ERR,LS,2009,0.283778816461563
PV.STD.ERR,LS,2008,0.303831338882446
PV.STD.ERR,LS,2007,0.302739560604095
PV.STD.ERR,LS,2006,0.309503465890884
PV.STD.ERR,LS,2005,0.384340941905975
PV.STD.ERR,LS,2004,0.364736646413803
PV.STD.ERR,LS,2003,0.349641561508179
PV.STD.ERR,LS,2002,0.436297506093979
PV.STD.ERR,LS,2001,None
PV.STD.ERR,LS,2000,0.453906059265137
PV.STD.ERR,LS,1999,None
PV.STD.ERR,LS,1998,0.435220897197723
PV.STD.ERR,LS,1997,None
PV.STD.ERR,LS,1996,0.47480720281601
PV.STD.ERR,LS,1995,None
PV.STD.ERR,MA,2019,0.229520440101624
PV.STD.ERR,MA,2018,0.212307974696159
PV.STD.ERR,MA,2017,0.213935792446136
PV.STD.ERR,MA,2016,0.206087306141853
PV.STD.ERR,MA,2015,0.201144516468048
PV.STD.ERR,MA,2014,0.196386188268661
PV.STD.ERR,MA,2013,0.228019788861275
PV.STD.ERR,MA,2012,0.221984326839447
PV.STD.ERR,MA,2011,0.245539262890816
PV.STD.ERR,MA,2010,0.243547096848488
PV.STD.ERR,MA,2009,0.246055126190186
PV.STD.ERR,MA,2008,0.246047765016556
PV.STD.ERR,MA,2007,0.244294539093971
PV.STD.ERR,MA,2006,0.252854287624359
PV.STD.ERR,MA,2005,0.278116136789322
PV.STD.ERR,MA,2004,0.286855816841125
PV.STD.ERR,MA,2003,0.29205846786499
PV.STD.ERR,MA,2002,0.300926953554153
PV.STD.ERR,MA,2001,None
PV.STD.ERR,MA,2000,0.342506408691406
PV.STD.ERR,MA,1999,None
PV.STD.ERR,MA,1998,0.345668405294418
PV.STD.ERR,MA,1997,None
PV.STD.ERR,MA,1996,0.373912304639816
PV.STD.ERR,MA,1995,None
PV.STD.ERR,MG,2019,0.229520440101624
PV.STD.ERR,MG,2018,0.215846255421638
PV.STD.ERR,MG,2017,0.213935792446136
PV.STD.ERR,MG,2016,0.206087306141853
PV.STD.ERR,MG,2015,0.201144516468048
PV.STD.ERR,MG,2014,0.196386188268661
PV.STD.ERR,MG,2013,0.228019788861275
PV.STD.ERR,MG,2012,0.221984326839447
PV.STD.ERR,MG,2011,0.244249582290649
PV.STD.ERR,MG,2010,0.243547096848488
PV.STD.ERR,MG,2009,0.246055126190186
PV.STD.ERR,MG,2008,0.246047765016556
PV.STD.ERR,MG,2007,0.244294539093971
PV.STD.ERR,MG,2006,0.252854287624359
PV.STD.ERR,MG,2005,0.300349622964859
PV.STD.ERR,MG,2004,0.308294892311096
PV.STD.ERR,MG,2003,0.31808802485466
PV.STD.ERR,MG,2002,0.392881572246552
PV.STD.ERR,MG,2001,None
PV.STD.ERR,MG,2000,0.396205484867096
PV.STD.ERR,MG,1999,None
PV.STD.ERR,MG,1998,0.381433337926865
PV.STD.ERR,MG,1997,None
PV.STD.ERR,MG,1996,0.421715974807739
PV.STD.ERR,MG,1995,None
PV.STD.ERR,ML,2019,0.234910249710083
PV.STD.ERR,ML,2018,0.217243075370789
PV.STD.ERR,ML,2017,0.219212144613266
PV.STD.ERR,ML,2016,0.21085649728775
PV.STD.ERR,ML,2015,0.204930633306503
PV.STD.ERR,ML,2014,0.20011305809021
PV.STD.ERR,ML,2013,0.231508240103722
PV.STD.ERR,ML,2012,0.226807355880737
PV.STD.ERR,ML,2011,0.244249582290649
PV.STD.ERR,ML,2010,0.243547096848488
PV.STD.ERR,ML,2009,0.246055126190186
PV.STD.ERR,ML,2008,0.261441737413406
PV.STD.ERR,ML,2007,0.261611372232437
PV.STD.ERR,ML,2006,0.279636383056641
PV.STD.ERR,ML,2005,0.300349622964859
PV.STD.ERR,ML,2004,0.308294892311096
PV.STD.ERR,ML,2003,0.31808802485466
PV.STD.ERR,ML,2002,0.392881572246552
PV.STD.ERR,ML,2001,None
PV.STD.ERR,ML,2000,0.396205484867096
PV.STD.ERR,ML,1999,None
PV.STD.ERR,ML,1998,0.381433337926865
PV.STD.ERR,ML,1997,None
PV.STD.ERR,ML,1996,0.421715974807739
PV.STD.ERR,ML,1995,None
PV.STD.ERR,MM,2019,0.229520440101624
PV.STD.ERR,MM,2018,0.215846255421638
PV.STD.ERR,MM,2017,0.216968178749084
PV.STD.ERR,MM,2016,0.209355682134628
PV.STD.ERR,MM,2015,0.201144516468048
PV.STD.ERR,MM,2014,0.196386188268661
PV.STD.ERR,MM,2013,0.228019788861275
PV.STD.ERR,MM,2012,0.233037114143372
PV.STD.ERR,MM,2011,0.260717630386353
PV.STD.ERR,MM,2010,0.267576217651367
PV.STD.ERR,MM,2009,0.272184789180756
PV.STD.ERR,MM,2008,0.271060198545456
PV.STD.ERR,MM,2007,0.267617672681808
PV.STD.ERR,MM,2006,0.27938786149025
PV.STD.ERR,MM,2005,0.286872625350952
PV.STD.ERR,MM,2004,0.293032377958298
PV.STD.ERR,MM,2003,0.301584661006927
PV.STD.ERR,MM,2002,0.316015273332596
PV.STD.ERR,MM,2001,None
PV.STD.ERR,MM,2000,0.342506408691406
PV.STD.ERR,MM,1999,None
PV.STD.ERR,MM,1998,0.345668405294418
PV.STD.ERR,MM,1997,None
PV.STD.ERR,MM,1996,0.373912304639816
PV.STD.ERR,MM,1995,None
PV.STD.ERR,MZ,2019,0.217577815055847
PV.STD.ERR,MZ,2018,0.210528075695038
PV.STD.ERR,MZ,2017,0.210047334432602
PV.STD.ERR,MZ,2016,0.21085649728775
PV.STD.ERR,MZ,2015,0.204930633306503
PV.STD.ERR,MZ,2014,0.20011305809021
PV.STD.ERR,MZ,2013,0.231508240103722
PV.STD.ERR,MZ,2012,0.226807355880737
PV.STD.ERR,MZ,2011,0.244249582290649
PV.STD.ERR,MZ,2010,0.243547096848488
PV.STD.ERR,MZ,2009,0.246055126190186
PV.STD.ERR,MZ,2008,0.246047765016556
PV.STD.ERR,MZ,2007,0.244294539093971
PV.STD.ERR,MZ,2006,0.252854287624359
PV.STD.ERR,MZ,2005,0.278116136789322
PV.STD.ERR,MZ,2004,0.286855816841125
PV.STD.ERR,MZ,2003,0.29205846786499
PV.STD.ERR,MZ,2002,0.316015273332596
PV.STD.ERR,MZ,2001,None
PV.STD.ERR,MZ,2000,0.342506408691406
PV.STD.ERR,MZ,1999,None
PV.STD.ERR,MZ,1998,0.345668405294418
PV.STD.ERR,MZ,1997,None
PV.STD.ERR,MZ,1996,0.373912304639816
PV.STD.ERR,MZ,1995,None
PV.STD.ERR,MR,2019,0.243729904294014
PV.STD.ERR,MR,2018,0.225225403904915
PV.STD.ERR,MR,2017,0.228199601173401
PV.STD.ERR,MR,2016,0.219450056552887
PV.STD.ERR,MR,2015,0.213819772005081
PV.STD.ERR,MR,2014,0.207291051745415
PV.STD.ERR,MR,2013,0.242341712117195
PV.STD.ERR,MR,2012,0.236767888069153
PV.STD.ERR,MR,2011,0.254974603652954
PV.STD.ERR,MR,2010,0.254323482513428
PV.STD.ERR,MR,2009,0.261115193367004
PV.STD.ERR,MR,2008,0.273937970399857
PV.STD.ERR,MR,2007,0.273920655250549
PV.STD.ERR,MR,2006,0.289696484804153
PV.STD.ERR,MR,2005,0.332869827747345
PV.STD.ERR,MR,2004,0.330648332834244
PV.STD.ERR,MR,2003,0.349641561508179
PV.STD.ERR,MR,2002,0.436297506093979
PV.STD.ERR,MR,2001,None
PV.STD.ERR,MR,2000,0.453906059265137
PV.STD.ERR,MR,1999,None
PV.STD.ERR,MR,1998,0.435220897197723
PV.STD.ERR,MR,1997,None
PV.STD.ERR,MR,1996,0.47480720281601
PV.STD.ERR,MR,1995,None
PV.STD.ERR,MW,2019,0.23479625582695
PV.STD.ERR,MW,2018,0.216427937150002
PV.STD.ERR,MW,2017,0.21807324886322
PV.STD.ERR,MW,2016,0.209809631109238
PV.STD.ERR,MW,2015,0.205684825778008
PV.STD.ERR,MW,2014,0.200713470578194
PV.STD.ERR,MW,2013,0.236392676830292
PV.STD.ERR,MW,2012,0.22986213862896
PV.STD.ERR,MW,2011,0.25491926074028
PV.STD.ERR,MW,2010,0.260473906993866
PV.STD.ERR,MW,2009,0.26473930478096
PV.STD.ERR,MW,2008,0.263591170310974
PV.STD.ERR,MW,2007,0.267617672681808
PV.STD.ERR,MW,2006,0.273782998323441
PV.STD.ERR,MW,2005,0.278116136789322
PV.STD.ERR,MW,2004,0.286855816841125
PV.STD.ERR,MW,2003,0.29205846786499
PV.STD.ERR,MW,2002,0.316015273332596
PV.STD.ERR,MW,2001,None
PV.STD.ERR,MW,2000,0.342506408691406
PV.STD.ERR,MW,1999,None
PV.STD.ERR,MW,1998,0.345668405294418
PV.STD.ERR,MW,1997,None
PV.STD.ERR,MW,1996,0.373912304639816
PV.STD.ERR,MW,1995,None
PV.STD.ERR,NE,2019,0.234910249710083
PV.STD.ERR,NE,2018,0.2210383862257
PV.STD.ERR,NE,2017,0.222477972507477
PV.STD.ERR,NE,2016,0.214360997080803
PV.STD.ERR,NE,2015,0.208575189113617
PV.STD.ERR,NE,2014,0.205589711666107
PV.STD.ERR,NE,2013,0.238264307379723
PV.STD.ERR,NE,2012,0.233037114143372
PV.STD.ERR,NE,2011,0.24933560192585
PV.STD.ERR,NE,2010,0.249322861433029
PV.STD.ERR,NE,2009,0.251998424530029
PV.STD.ERR,NE,2008,0.26872444152832
PV.STD.ERR,NE,2007,0.266476303339005
PV.STD.ERR,NE,2006,0.285616487264633
PV.STD.ERR,NE,2005,0.311466783285141
PV.STD.ERR,NE,2004,0.316001296043396
PV.STD.ERR,NE,2003,0.330509543418884
PV.STD.ERR,NE,2002,0.392881572246552
PV.STD.ERR,NE,2001,None
PV.STD.ERR,NE,2000,0.396205484867096
PV.STD.ERR,NE,1999,None
PV.STD.ERR,NE,1998,0.381433337926865
PV.STD.ERR,NE,1997,None
PV.STD.ERR,NE,1996,0.421715974807739
PV.STD.ERR,NE,1995,None
PV.STD.ERR,NG,2019,0.229520440101624
PV.STD.ERR,NG,2018,0.212307974696159
PV.STD.ERR,NG,2017,0.213935792446136
PV.STD.ERR,NG,2016,0.206087306141853
PV.STD.ERR,NG,2015,0.201144516468048
PV.STD.ERR,NG,2014,0.196386188268661
PV.STD.ERR,NG,2013,0.228019788861275
PV.STD.ERR,NG,2012,0.221984326839447
PV.STD.ERR,NG,2011,0.240677565336227
PV.STD.ERR,NG,2010,0.243547096848488
PV.STD.ERR,NG,2009,0.246055126190186
PV.STD.ERR,NG,2008,0.246047765016556
PV.STD.ERR,NG,2007,0.244294539093971
PV.STD.ERR,NG,2006,0.252854287624359
PV.STD.ERR,NG,2005,0.278116136789322
PV.STD.ERR,NG,2004,0.286855816841125
PV.STD.ERR,NG,2003,0.29205846786499
PV.STD.ERR,NG,2002,0.300926953554153
PV.STD.ERR,NG,2001,None
PV.STD.ERR,NG,2000,0.342506408691406
PV.STD.ERR,NG,1999,None
PV.STD.ERR,NG,1998,0.345668405294418
PV.STD.ERR,NG,1997,None
PV.STD.ERR,NG,1996,0.373912304639816
PV.STD.ERR,NG,1995,None
PV.STD.ERR,NI,2019,0.229520440101624
PV.STD.ERR,NI,2018,0.212307974696159
PV.STD.ERR,NI,2017,0.213935792446136
PV.STD.ERR,NI,2016,0.209355682134628
PV.STD.ERR,NI,2015,0.201144516468048
PV.STD.ERR,NI,2014,0.196386188268661
PV.STD.ERR,NI,2013,0.228019788861275
PV.STD.ERR,NI,2012,0.221984326839447
PV.STD.ERR,NI,2011,0.244249582290649
PV.STD.ERR,NI,2010,0.243547096848488
PV.STD.ERR,NI,2009,0.246055126190186
PV.STD.ERR,NI,2008,0.263591170310974
PV.STD.ERR,NI,2007,0.262691110372543
PV.STD.ERR,NI,2006,0.273782998323441
PV.STD.ERR,NI,2005,0.278116136789322
PV.STD.ERR,NI,2004,0.286855816841125
PV.STD.ERR,NI,2003,0.29205846786499
PV.STD.ERR,NI,2002,0.300926953554153
PV.STD.ERR,NI,2001,None
PV.STD.ERR,NI,2000,0.342506408691406
PV.STD.ERR,NI,1999,None
PV.STD.ERR,NI,1998,0.345668405294418
PV.STD.ERR,NI,1997,None
PV.STD.ERR,NI,1996,0.373912304639816
PV.STD.ERR,NI,1995,None
PV.STD.ERR,NP,2019,0.219809114933014
PV.STD.ERR,NP,2018,0.212798073887825
PV.STD.ERR,NP,2017,0.212728530168533
PV.STD.ERR,NP,2016,0.214088663458824
PV.STD.ERR,NP,2015,0.209529757499695
PV.STD.ERR,NP,2014,0.2031569480896
PV.STD.ERR,NP,2013,0.238348826766014
PV.STD.ERR,NP,2012,0.231296643614769
PV.STD.ERR,NP,2011,0.254974603652954
PV.STD.ERR,NP,2010,0.254323482513428
PV.STD.ERR,NP,2009,0.261115193367004
PV.STD.ERR,NP,2008,0.298803210258484
PV.STD.ERR,NP,2007,0.300653874874115
PV.STD.ERR,NP,2006,0.322485327720642
PV.STD.ERR,NP,2005,0.303332567214966
PV.STD.ERR,NP,2004,0.304597765207291
PV.STD.ERR,NP,2003,0.349641561508179
PV.STD.ERR,NP,2002,0.436297506093979
PV.STD.ERR,NP,2001,None
PV.STD.ERR,NP,2000,0.453906059265137
PV.STD.ERR,NP,1999,None
PV.STD.ERR,NP,1998,0.435220897197723
PV.STD.ERR,NP,1997,None
PV.STD.ERR,NP,1996,0.47480720281601
PV.STD.ERR,NP,1995,None
PV.STD.ERR,PK,2019,0.229520440101624
PV.STD.ERR,PK,2018,0.212307974696159
PV.STD.ERR,PK,2017,0.213935792446136
PV.STD.ERR,PK,2016,0.206087306141853
PV.STD.ERR,PK,2015,0.201144516468048
PV.STD.ERR,PK,2014,0.196386188268661
PV.STD.ERR,PK,2013,0.228019788861275
PV.STD.ERR,PK,2012,0.221984326839447
PV.STD.ERR,PK,2011,0.240677565336227
PV.STD.ERR,PK,2010,0.243547096848488
PV.STD.ERR,PK,2009,0.246055126190186
PV.STD.ERR,PK,2008,0.246047765016556
PV.STD.ERR,PK,2007,0.244294539093971
PV.STD.ERR,PK,2006,0.252854287624359
PV.STD.ERR,PK,2005,0.278116136789322
PV.STD.ERR,PK,2004,0.286855816841125
PV.STD.ERR,PK,2003,0.29205846786499
PV.STD.ERR,PK,2002,0.316015273332596
PV.STD.ERR,PK,2001,None
PV.STD.ERR,PK,2000,0.342506408691406
PV.STD.ERR,PK,1999,None
PV.STD.ERR,PK,1998,0.345668405294418
PV.STD.ERR,PK,1997,None
PV.STD.ERR,PK,1996,0.373912304639816
PV.STD.ERR,PK,1995,None
PV.STD.ERR,PH,2019,0.223971575498581
PV.STD.ERR,PH,2018,0.208318024873734
PV.STD.ERR,PH,2017,0.209813088178635
PV.STD.ERR,PH,2016,0.203295975923538
PV.STD.ERR,PH,2015,0.196433380246162
PV.STD.ERR,PH,2014,0.192247405648232
PV.STD.ERR,PH,2013,0.225787356495857
PV.STD.ERR,PH,2012,0.21966552734375
PV.STD.ERR,PH,2011,0.238522350788116
PV.STD.ERR,PH,2010,0.239330947399139
PV.STD.ERR,PH,2009,0.241539120674133
PV.STD.ERR,PH,2008,0.241307944059372
PV.STD.ERR,PH,2007,0.239249795675278
PV.STD.ERR,PH,2006,0.245767414569855
PV.STD.ERR,PH,2005,0.270123898983002
PV.STD.ERR,PH,2004,0.278957605361938
PV.STD.ERR,PH,2003,0.282846570014954
PV.STD.ERR,PH,2002,0.286041706800461
PV.STD.ERR,PH,2001,None
PV.STD.ERR,PH,2000,0.313380271196365
PV.STD.ERR,PH,1999,None
PV.STD.ERR,PH,1998,0.345668405294418
PV.STD.ERR,PH,1997,None
PV.STD.ERR,PH,1996,0.373912304639816
PV.STD.ERR,PH,1995,None
PV.STD.ERR,PG,2019,0.222056418657303
PV.STD.ERR,PG,2018,0.218196511268616
PV.STD.ERR,PG,2017,0.227142184972763
PV.STD.ERR,PG,2016,0.21855928003788
PV.STD.ERR,PG,2015,0.213650554418564
PV.STD.ERR,PG,2014,0.210570260882378
PV.STD.ERR,PG,2013,0.247866421937943
PV.STD.ERR,PG,2012,0.242201656103134
PV.STD.ERR,PG,2011,0.260717630386353
PV.STD.ERR,PG,2010,0.267576217651367
PV.STD.ERR,PG,2009,0.272184789180756
PV.STD.ERR,PG,2008,0.271060198545456
PV.STD.ERR,PG,2007,0.267617672681808
PV.STD.ERR,PG,2006,0.27938786149025
PV.STD.ERR,PG,2005,0.286872625350952
PV.STD.ERR,PG,2004,0.293032377958298
PV.STD.ERR,PG,2003,0.301584661006927
PV.STD.ERR,PG,2002,0.316015273332596
PV.STD.ERR,PG,2001,None
PV.STD.ERR,PG,2000,0.342506408691406
PV.STD.ERR,PG,1999,None
PV.STD.ERR,PG,1998,0.345668405294418
PV.STD.ERR,PG,1997,None
PV.STD.ERR,PG,1996,0.373912304639816
PV.STD.ERR,PG,1995,None
PV.STD.ERR,KP,2019,0.240575924515724
PV.STD.ERR,KP,2018,0.225699260830879
PV.STD.ERR,KP,2017,0.227142184972763
PV.STD.ERR,KP,2016,0.21855928003788
PV.STD.ERR,KP,2015,0.213650554418564
PV.STD.ERR,KP,2014,0.210570260882378
PV.STD.ERR,KP,2013,0.247866421937943
PV.STD.ERR,KP,2012,0.262924671173096
PV.STD.ERR,KP,2011,0.29156631231308
PV.STD.ERR,KP,2010,0.285606533288956
PV.STD.ERR,KP,2009,0.282444268465042
PV.STD.ERR,KP,2008,0.325011342763901
PV.STD.ERR,KP,2007,0.324082791805267
PV.STD.ERR,KP,2006,0.30454283952713
PV.STD.ERR,KP,2005,0.317887514829636
PV.STD.ERR,KP,2004,0.315975606441498
PV.STD.ERR,KP,2003,0.330509543418884
PV.STD.ERR,KP,2002,0.392881572246552
PV.STD.ERR,KP,2001,None
PV.STD.ERR,KP,2000,0.396205484867096
PV.STD.ERR,KP,1999,None
PV.STD.ERR,KP,1998,0.381433337926865
PV.STD.ERR,KP,1997,None
PV.STD.ERR,KP,1996,0.421715974807739
PV.STD.ERR,KP,1995,None
PV.STD.ERR,PS,2019,0.250075668096542
PV.STD.ERR,PS,2018,0.234690293669701
PV.STD.ERR,PS,2017,0.237186849117279
PV.STD.ERR,PS,2016,0.228173807263374
PV.STD.ERR,PS,2015,0.223781511187553
PV.STD.ERR,PS,2014,0.218982502818108
PV.STD.ERR,PS,2013,0.261302709579468
PV.STD.ERR,PS,2012,0.254446119070053
PV.STD.ERR,PS,2011,0.273884326219559
PV.STD.ERR,PS,2010,0.301820993423462
PV.STD.ERR,PS,2009,0.30592405796051
PV.STD.ERR,PS,2008,0.350017130374908
PV.STD.ERR,PS,2007,0.348420560359955
PV.STD.ERR,PS,2006,0.376439899206162
PV.STD.ERR,PS,2005,0.384340941905975
PV.STD.ERR,PS,2004,0.364736646413803
PV.STD.ERR,PS,2003,0.349641561508179
PV.STD.ERR,PS,2002,0.436297506093979
PV.STD.ERR,PS,2001,None
PV.STD.ERR,PS,2000,0.453906059265137
PV.STD.ERR,PS,1999,None
PV.STD.ERR,PS,1998,0.435220897197723
PV.STD.ERR,PS,1997,None
PV.STD.ERR,PS,1996,0.47480720281601
PV.STD.ERR,PS,1995,None
PV.STD.ERR,RW,2019,0.243729904294014
PV.STD.ERR,RW,2018,0.225225403904915
PV.STD.ERR,RW,2017,0.228199601173401
PV.STD.ERR,RW,2016,0.219450056552887
PV.STD.ERR,RW,2015,0.213819772005081
PV.STD.ERR,RW,2014,0.207291051745415
PV.STD.ERR,RW,2013,0.242341712117195
PV.STD.ERR,RW,2012,0.236767888069153
PV.STD.ERR,RW,2011,0.26718533039093
PV.STD.ERR,RW,2010,0.273786127567291
PV.STD.ERR,RW,2009,0.293007612228394
PV.STD.ERR,RW,2008,0.285063475370407
PV.STD.ERR,RW,2007,0.280838459730148
PV.STD.ERR,RW,2006,0.28942021727562
PV.STD.ERR,RW,2005,0.384340941905975
PV.STD.ERR,RW,2004,0.364736646413803
PV.STD.ERR,RW,2003,0.349641561508179
PV.STD.ERR,RW,2002,0.436297506093979
PV.STD.ERR,RW,2001,None
PV.STD.ERR,RW,2000,0.453906059265137
PV.STD.ERR,RW,1999,None
PV.STD.ERR,RW,1998,0.435220897197723
PV.STD.ERR,RW,1997,None
PV.STD.ERR,RW,1996,0.47480720281601
PV.STD.ERR,RW,1995,None
PV.STD.ERR,SD,2019,0.234910249710083
PV.STD.ERR,SD,2018,0.2210383862257
PV.STD.ERR,SD,2017,0.222477972507477
PV.STD.ERR,SD,2016,0.214360997080803
PV.STD.ERR,SD,2015,0.208575189113617
PV.STD.ERR,SD,2014,0.205589711666107
PV.STD.ERR,SD,2013,0.238264307379723
PV.STD.ERR,SD,2012,0.233037114143372
PV.STD.ERR,SD,2011,0.24933560192585
PV.STD.ERR,SD,2010,0.249322861433029
PV.STD.ERR,SD,2009,0.251998424530029
PV.STD.ERR,SD,2008,0.271060198545456
PV.STD.ERR,SD,2007,0.267617672681808
PV.STD.ERR,SD,2006,0.27938786149025
PV.STD.ERR,SD,2005,0.286872625350952
PV.STD.ERR,SD,2004,0.315975606441498
PV.STD.ERR,SD,2003,0.301584661006927
PV.STD.ERR,SD,2002,0.316015273332596
PV.STD.ERR,SD,2001,None
PV.STD.ERR,SD,2000,0.342506408691406
PV.STD.ERR,SD,1999,None
PV.STD.ERR,SD,1998,0.345668405294418
PV.STD.ERR,SD,1997,None
PV.STD.ERR,SD,1996,0.373912304639816
PV.STD.ERR,SD,1995,None
PV.STD.ERR,SN,2019,0.229520440101624
PV.STD.ERR,SN,2018,0.212307974696159
PV.STD.ERR,SN,2017,0.213935792446136
PV.STD.ERR,SN,2016,0.206087306141853
PV.STD.ERR,SN,2015,0.201144516468048
PV.STD.ERR,SN,2014,0.196386188268661
PV.STD.ERR,SN,2013,0.228019788861275
PV.STD.ERR,SN,2012,0.221984326839447
PV.STD.ERR,SN,2011,0.240677565336227
PV.STD.ERR,SN,2010,0.243547096848488
PV.STD.ERR,SN,2009,0.246055126190186
PV.STD.ERR,SN,2008,0.246047765016556
PV.STD.ERR,SN,2007,0.244294539093971
PV.STD.ERR,SN,2006,0.257249593734741
PV.STD.ERR,SN,2005,0.286872625350952
PV.STD.ERR,SN,2004,0.293032377958298
PV.STD.ERR,SN,2003,0.29205846786499
PV.STD.ERR,SN,2002,0.316015273332596
PV.STD.ERR,SN,2001,None
PV.STD.ERR,SN,2000,0.342506408691406
PV.STD.ERR,SN,1999,None
PV.STD.ERR,SN,1998,0.345668405294418
PV.STD.ERR,SN,1997,None
PV.STD.ERR,SN,1996,0.373912304639816
PV.STD.ERR,SN,1995,None
PV.STD.ERR,SB,2019,0.252529382705688
PV.STD.ERR,SB,2018,0.24618773162365
PV.STD.ERR,SB,2017,0.263454109430313
PV.STD.ERR,SB,2016,0.253411799669266
PV.STD.ERR,SB,2015,0.275287687778473
PV.STD.ERR,SB,2014,0.261565506458282
PV.STD.ERR,SB,2013,0.347427368164063
PV.STD.ERR,SB,2012,0.317384898662567
PV.STD.ERR,SB,2011,0.360775291919708
PV.STD.ERR,SB,2010,0.320087254047394
PV.STD.ERR,SB,2009,0.323601871728897
PV.STD.ERR,SB,2008,0.350017130374908
PV.STD.ERR,SB,2007,0.348420560359955
PV.STD.ERR,SB,2006,0.376439899206162
PV.STD.ERR,SB,2005,0.384340941905975
PV.STD.ERR,SB,2004,0.364736646413803
PV.STD.ERR,SB,2003,0.556768476963043
PV.STD.ERR,SB,2002,0.643847048282623
PV.STD.ERR,SB,2001,None
PV.STD.ERR,SB,2000,0.586516797542572
PV.STD.ERR,SB,1999,None
PV.STD.ERR,SB,1998,0.563318967819214
PV.STD.ERR,SB,1997,None
PV.STD.ERR,SB,1996,0.616059839725494
PV.STD.ERR,SB,1995,None
PV.STD.ERR,SL,2019,0.23479625582695
PV.STD.ERR,SL,2018,0.216427937150002
PV.STD.ERR,SL,2017,0.21807324886322
PV.STD.ERR,SL,2016,0.209809631109238
PV.STD.ERR,SL,2015,0.201144516468048
PV.STD.ERR,SL,2014,0.196386188268661
PV.STD.ERR,SL,2013,0.228019788861275
PV.STD.ERR,SL,2012,0.221984326839447
PV.STD.ERR,SL,2011,0.260717630386353
PV.STD.ERR,SL,2010,0.267576217651367
PV.STD.ERR,SL,2009,0.272184789180756
PV.STD.ERR,SL,2008,0.292073458433151
PV.STD.ERR,SL,2007,0.290890961885452
PV.STD.ERR,SL,2006,0.316885411739349
PV.STD.ERR,SL,2005,0.311466783285141
PV.STD.ERR,SL,2004,0.316001296043396
PV.STD.ERR,SL,2003,0.330509543418884
PV.STD.ERR,SL,2002,0.392881572246552
PV.STD.ERR,SL,2001,None
PV.STD.ERR,SL,2000,0.396205484867096
PV.STD.ERR,SL,1999,None
PV.STD.ERR,SL,1998,0.381433337926865
PV.STD.ERR,SL,1997,None
PV.STD.ERR,SL,1996,0.421715974807739
PV.STD.ERR,SL,1995,None
PV.STD.ERR,SO,2019,0.234910249710083
PV.STD.ERR,SO,2018,0.2210383862257
PV.STD.ERR,SO,2017,0.222477972507477
PV.STD.ERR,SO,2016,0.214360997080803
PV.STD.ERR,SO,2015,0.208575189113617
PV.STD.ERR,SO,2014,0.205589711666107
PV.STD.ERR,SO,2013,0.238264307379723
PV.STD.ERR,SO,2012,0.233037114143372
PV.STD.ERR,SO,2011,0.260717630386353
PV.STD.ERR,SO,2010,0.267576217651367
PV.STD.ERR,SO,2009,0.282444268465042
PV.STD.ERR,SO,2008,0.292073458433151
PV.STD.ERR,SO,2007,0.290890961885452
PV.STD.ERR,SO,2006,0.316885411739349
PV.STD.ERR,SO,2005,0.311466783285141
PV.STD.ERR,SO,2004,0.345351129770279
PV.STD.ERR,SO,2003,0.330509543418884
PV.STD.ERR,SO,2002,0.392881572246552
PV.STD.ERR,SO,2001,None
PV.STD.ERR,SO,2000,0.396205484867096
PV.STD.ERR,SO,1999,None
PV.STD.ERR,SO,1998,0.381433337926865
PV.STD.ERR,SO,1997,None
PV.STD.ERR,SO,1996,0.421715974807739
PV.STD.ERR,SO,1995,None
PV.STD.ERR,SS,2019,0.271939843893051
PV.STD.ERR,SS,2018,0.250291615724564
PV.STD.ERR,SS,2017,0.256252259016037
PV.STD.ERR,SS,2016,0.246931627392769
PV.STD.ERR,SS,2015,0.241359040141106
PV.STD.ERR,SS,2014,0.230930730700493
PV.STD.ERR,SS,2013,0.373758584260941
PV.STD.ERR,SS,2012,0.39456307888031
PV.STD.ERR,SS,2011,0.420065194368362
PV.STD.ERR,SS,2010,None
PV.STD.ERR,SS,2009,None
PV.STD.ERR,SS,2008,None
PV.STD.ERR,SS,2007,None
PV.STD.ERR,SS,2006,None
PV.STD.ERR,SS,2005,None
PV.STD.ERR,SS,2004,None
PV.STD.ERR,SS,2003,None
PV.STD.ERR,SS,2002,None
PV.STD.ERR,SS,2001,None
PV.STD.ERR,SS,2000,None
PV.STD.ERR,SS,1999,None
PV.STD.ERR,SS,1998,None
PV.STD.ERR,SS,1997,None
PV.STD.ERR,SS,1996,None
PV.STD.ERR,SS,1995,None
PV.STD.ERR,ST,2019,0.250075668096542
PV.STD.ERR,ST,2018,0.234690293669701
PV.STD.ERR,ST,2017,0.237186849117279
PV.STD.ERR,ST,2016,0.228173807263374
PV.STD.ERR,ST,2015,0.24198617041111
PV.STD.ERR,ST,2014,0.236860454082489
PV.STD.ERR,ST,2013,0.293446391820908
PV.STD.ERR,ST,2012,0.278807580471039
PV.STD.ERR,ST,2011,0.310344904661179
PV.STD.ERR,ST,2010,0.282069832086563
PV.STD.ERR,ST,2009,0.293007612228394
PV.STD.ERR,ST,2008,0.3154336810112
PV.STD.ERR,ST,2007,0.310351073741913
PV.STD.ERR,ST,2006,0.317671149969101
PV.STD.ERR,ST,2005,0.384340941905975
PV.STD.ERR,ST,2004,0.364736646413803
PV.STD.ERR,ST,2003,0.349641561508179
PV.STD.ERR,ST,2002,0.436297506093979
PV.STD.ERR,ST,2001,None
PV.STD.ERR,ST,2000,0.453906059265137
PV.STD.ERR,ST,1999,None
PV.STD.ERR,ST,1998,0.435220897197723
PV.STD.ERR,ST,1997,None
PV.STD.ERR,ST,1996,0.47480720281601
PV.STD.ERR,ST,1995,None
PV.STD.ERR,SZ,2019,0.250075668096542
PV.STD.ERR,SZ,2018,0.23016220331192
PV.STD.ERR,SZ,2017,0.233241319656372
PV.STD.ERR,SZ,2016,0.228173807263374
PV.STD.ERR,SZ,2015,0.21929794549942
PV.STD.ERR,SZ,2014,0.212399378418922
PV.STD.ERR,SZ,2013,0.252466678619385
PV.STD.ERR,SZ,2012,0.246398240327835
PV.STD.ERR,SZ,2011,0.26718533039093
PV.STD.ERR,SZ,2010,0.273786127567291
PV.STD.ERR,SZ,2009,0.293007612228394
PV.STD.ERR,SZ,2008,0.3154336810112
PV.STD.ERR,SZ,2007,0.310351073741913
PV.STD.ERR,SZ,2006,0.317671149969101
PV.STD.ERR,SZ,2005,0.384340941905975
PV.STD.ERR,SZ,2004,0.364736646413803
PV.STD.ERR,SZ,2003,0.349641561508179
PV.STD.ERR,SZ,2002,0.436297506093979
PV.STD.ERR,SZ,2001,None
PV.STD.ERR,SZ,2000,0.453906059265137
PV.STD.ERR,SZ,1999,None
PV.STD.ERR,SZ,1998,0.435220897197723
PV.STD.ERR,SZ,1997,None
PV.STD.ERR,SZ,1996,0.47480720281601
PV.STD.ERR,SZ,1995,None
PV.STD.ERR,SY,2019,0.240575924515724
PV.STD.ERR,SY,2018,0.225699260830879
PV.STD.ERR,SY,2017,0.227142184972763
PV.STD.ERR,SY,2016,0.21855928003788
PV.STD.ERR,SY,2015,0.208575189113617
PV.STD.ERR,SY,2014,0.205589711666107
PV.STD.ERR,SY,2013,0.238264307379723
PV.STD.ERR,SY,2012,0.233037114143372
PV.STD.ERR,SY,2011,0.244249582290649
PV.STD.ERR,SY,2010,0.243547096848488
PV.STD.ERR,SY,2009,0.246055126190186
PV.STD.ERR,SY,2008,0.246047765016556
PV.STD.ERR,SY,2007,0.244294539093971
PV.STD.ERR,SY,2006,0.257249593734741
PV.STD.ERR,SY,2005,0.286872625350952
PV.STD.ERR,SY,2004,0.293032377958298
PV.STD.ERR,SY,2003,0.301584661006927
PV.STD.ERR,SY,2002,0.316015273332596
PV.STD.ERR,SY,2001,None
PV.STD.ERR,SY,2000,0.342506408691406
PV.STD.ERR,SY,1999,None
PV.STD.ERR,SY,1998,0.345668405294418
PV.STD.ERR,SY,1997,None
PV.STD.ERR,SY,1996,0.373912304639816
PV.STD.ERR,SY,1995,None
PV.STD.ERR,TD,2019,0.243729904294014
PV.STD.ERR,TD,2018,0.225225403904915
PV.STD.ERR,TD,2017,0.228199601173401
PV.STD.ERR,TD,2016,0.219450056552887
PV.STD.ERR,TD,2015,0.213819772005081
PV.STD.ERR,TD,2014,0.207291051745415
PV.STD.ERR,TD,2013,0.242341712117195
PV.STD.ERR,TD,2012,0.236767888069153
PV.STD.ERR,TD,2011,0.254974603652954
PV.STD.ERR,TD,2010,0.254323482513428
PV.STD.ERR,TD,2009,0.261115193367004
PV.STD.ERR,TD,2008,0.25637811422348
PV.STD.ERR,TD,2007,0.25422665476799
PV.STD.ERR,TD,2006,0.260218590497971
PV.STD.ERR,TD,2005,0.319400936365128
PV.STD.ERR,TD,2004,0.321850150823593
PV.STD.ERR,TD,2003,0.33503246307373
PV.STD.ERR,TD,2002,0.436297506093979
PV.STD.ERR,TD,2001,None
PV.STD.ERR,TD,2000,0.453906059265137
PV.STD.ERR,TD,1999,None
PV.STD.ERR,TD,1998,0.435220897197723
PV.STD.ERR,TD,1997,None
PV.STD.ERR,TD,1996,0.47480720281601
PV.STD.ERR,TD,1995,None
PV.STD.ERR,TG,2019,0.234910249710083
PV.STD.ERR,TG,2018,0.2210383862257
PV.STD.ERR,TG,2017,0.222477972507477
PV.STD.ERR,TG,2016,0.214360997080803
PV.STD.ERR,TG,2015,0.208575189113617
PV.STD.ERR,TG,2014,0.205589711666107
PV.STD.ERR,TG,2013,0.238264307379723
PV.STD.ERR,TG,2012,0.233037114143372
PV.STD.ERR,TG,2011,0.24933560192585
PV.STD.ERR,TG,2010,0.249322861433029
PV.STD.ERR,TG,2009,0.251998424530029
PV.STD.ERR,TG,2008,0.271060198545456
PV.STD.ERR,TG,2007,0.267617672681808
PV.STD.ERR,TG,2006,0.27938786149025
PV.STD.ERR,TG,2005,0.311466783285141
PV.STD.ERR,TG,2004,0.316001296043396
PV.STD.ERR,TG,2003,0.330509543418884
PV.STD.ERR,TG,2002,0.392881572246552
PV.STD.ERR,TG,2001,None
PV.STD.ERR,TG,2000,0.396205484867096
PV.STD.ERR,TG,1999,None
PV.STD.ERR,TG,1998,0.381433337926865
PV.STD.ERR,TG,1997,None
PV.STD.ERR,TG,1996,0.421715974807739
PV.STD.ERR,TG,1995,None
PV.STD.ERR,TJ,2019,0.243729904294014
PV.STD.ERR,TJ,2018,0.229462996125221
PV.STD.ERR,TJ,2017,0.231890723109245
PV.STD.ERR,TJ,2016,0.219450056552887
PV.STD.ERR,TJ,2015,0.21929794549942
PV.STD.ERR,TJ,2014,0.212399378418922
PV.STD.ERR,TJ,2013,0.261302709579468
PV.STD.ERR,TJ,2012,0.246398240327835
PV.STD.ERR,TJ,2011,0.26718533039093
PV.STD.ERR,TJ,2010,0.273786127567291
PV.STD.ERR,TJ,2009,0.283778816461563
PV.STD.ERR,TJ,2008,0.276413589715958
PV.STD.ERR,TJ,2007,0.275160819292068
PV.STD.ERR,TJ,2006,0.283203154802322
PV.STD.ERR,TJ,2005,0.319400936365128
PV.STD.ERR,TJ,2004,0.330648332834244
PV.STD.ERR,TJ,2003,0.349641561508179
PV.STD.ERR,TJ,2002,0.436297506093979
PV.STD.ERR,TJ,2001,None
PV.STD.ERR,TJ,2000,0.453906059265137
PV.STD.ERR,TJ,1999,None
PV.STD.ERR,TJ,1998,0.435220897197723
PV.STD.ERR,TJ,1997,None
PV.STD.ERR,TJ,1996,0.47480720281601
PV.STD.ERR,TJ,1995,None
PV.STD.ERR,TL,2019,0.250075668096542
PV.STD.ERR,TL,2018,0.234690293669701
PV.STD.ERR,TL,2017,0.237186849117279
PV.STD.ERR,TL,2016,0.228173807263374
PV.STD.ERR,TL,2015,0.223781511187553
PV.STD.ERR,TL,2014,0.212399378418922
PV.STD.ERR,TL,2013,0.252466678619385
PV.STD.ERR,TL,2012,0.246398240327835
PV.STD.ERR,TL,2011,0.26718533039093
PV.STD.ERR,TL,2010,0.273786127567291
PV.STD.ERR,TL,2009,0.283778816461563
PV.STD.ERR,TL,2008,0.298803210258484
PV.STD.ERR,TL,2007,0.300653874874115
PV.STD.ERR,TL,2006,0.322485327720642
PV.STD.ERR,TL,2005,0.319400936365128
PV.STD.ERR,TL,2004,0.330648332834244
PV.STD.ERR,TL,2003,0.349641561508179
PV.STD.ERR,TL,2002,0.436297506093979
PV.STD.ERR,TL,2001,None
PV.STD.ERR,TL,2000,0.586516797542572
PV.STD.ERR,TL,1999,None
PV.STD.ERR,TL,1998,None
PV.STD.ERR,TL,1997,None
PV.STD.ERR,TL,1996,None
PV.STD.ERR,TL,1995,None
PV.STD.ERR,TN,2019,0.229520440101624
PV.STD.ERR,TN,2018,0.212307974696159
PV.STD.ERR,TN,2017,0.213935792446136
PV.STD.ERR,TN,2016,0.206087306141853
PV.STD.ERR,TN,2015,0.201144516468048
PV.STD.ERR,TN,2014,0.196386188268661
PV.STD.ERR,TN,2013,0.228019788861275
PV.STD.ERR,TN,2012,0.227814823389053
PV.STD.ERR,TN,2011,0.244249582290649
PV.STD.ERR,TN,2010,0.243547096848488
PV.STD.ERR,TN,2009,0.246055126190186
PV.STD.ERR,TN,2008,0.246047765016556
PV.STD.ERR,TN,2007,0.244294539093971
PV.STD.ERR,TN,2006,0.252854287624359
PV.STD.ERR,TN,2005,0.278116136789322
PV.STD.ERR,TN,2004,0.286855816841125
PV.STD.ERR,TN,2003,0.29205846786499
PV.STD.ERR,TN,2002,0.300926953554153
PV.STD.ERR,TN,2001,None
PV.STD.ERR,TN,2000,0.342506408691406
PV.STD.ERR,TN,1999,None
PV.STD.ERR,TN,1998,0.345668405294418
PV.STD.ERR,TN,1997,None
PV.STD.ERR,TN,1996,0.373912304639816
PV.STD.ERR,TN,1995,None
PV.STD.ERR,TZ,2019,0.229520440101624
PV.STD.ERR,TZ,2018,0.212307974696159
PV.STD.ERR,TZ,2017,0.213935792446136
PV.STD.ERR,TZ,2016,0.206087306141853
PV.STD.ERR,TZ,2015,0.201144516468048
PV.STD.ERR,TZ,2014,0.196386188268661
PV.STD.ERR,TZ,2013,0.228019788861275
PV.STD.ERR,TZ,2012,0.221984326839447
PV.STD.ERR,TZ,2011,0.244249582290649
PV.STD.ERR,TZ,2010,0.243547096848488
PV.STD.ERR,TZ,2009,0.246055126190186
PV.STD.ERR,TZ,2008,0.263591170310974
PV.STD.ERR,TZ,2007,0.262691110372543
PV.STD.ERR,TZ,2006,0.273782998323441
PV.STD.ERR,TZ,2005,0.278116136789322
PV.STD.ERR,TZ,2004,0.286855816841125
PV.STD.ERR,TZ,2003,0.29205846786499
PV.STD.ERR,TZ,2002,0.316015273332596
PV.STD.ERR,TZ,2001,None
PV.STD.ERR,TZ,2000,0.342506408691406
PV.STD.ERR,TZ,1999,None
PV.STD.ERR,TZ,1998,0.345668405294418
PV.STD.ERR,TZ,1997,None
PV.STD.ERR,TZ,1996,0.373912304639816
PV.STD.ERR,TZ,1995,None
PV.STD.ERR,UG,2019,0.229520440101624
PV.STD.ERR,UG,2018,0.212307974696159
PV.STD.ERR,UG,2017,0.213935792446136
PV.STD.ERR,UG,2016,0.206087306141853
PV.STD.ERR,UG,2015,0.201144516468048
PV.STD.ERR,UG,2014,0.196386188268661
PV.STD.ERR,UG,2013,0.228019788861275
PV.STD.ERR,UG,2012,0.221984326839447
PV.STD.ERR,UG,2011,0.240677565336227
PV.STD.ERR,UG,2010,0.243547096848488
PV.STD.ERR,UG,2009,0.246055126190186
PV.STD.ERR,UG,2008,0.246047765016556
PV.STD.ERR,UG,2007,0.244294539093971
PV.STD.ERR,UG,2006,0.252854287624359
PV.STD.ERR,UG,2005,0.278116136789322
PV.STD.ERR,UG,2004,0.286855816841125
PV.STD.ERR,UG,2003,0.29205846786499
PV.STD.ERR,UG,2002,0.316015273332596
PV.STD.ERR,UG,2001,None
PV.STD.ERR,UG,2000,0.342506408691406
PV.STD.ERR,UG,1999,None
PV.STD.ERR,UG,1998,0.345668405294418
PV.STD.ERR,UG,1997,None
PV.STD.ERR,UG,1996,0.373912304639816
PV.STD.ERR,UG,1995,None
PV.STD.ERR,UZ,2019,0.237725615501404
PV.STD.ERR,UZ,2018,0.223669990897179
PV.STD.ERR,UZ,2017,0.225671410560608
PV.STD.ERR,UZ,2016,0.217759668827057
PV.STD.ERR,UZ,2015,0.213430002331734
PV.STD.ERR,UZ,2014,0.208894610404968
PV.STD.ERR,UZ,2013,0.245741248130798
PV.STD.ERR,UZ,2012,0.237914696335793
PV.STD.ERR,UZ,2011,0.260776847600937
PV.STD.ERR,UZ,2010,0.260921776294708
PV.STD.ERR,UZ,2009,0.268250793218613
PV.STD.ERR,UZ,2008,0.263234734535217
PV.STD.ERR,UZ,2007,0.258684158325195
PV.STD.ERR,UZ,2006,0.265016704797745
PV.STD.ERR,UZ,2005,0.303332567214966
PV.STD.ERR,UZ,2004,0.304597765207291
PV.STD.ERR,UZ,2003,0.315908581018448
PV.STD.ERR,UZ,2002,0.337325215339661
PV.STD.ERR,UZ,2001,None
PV.STD.ERR,UZ,2000,0.444508165121078
PV.STD.ERR,UZ,1999,None
PV.STD.ERR,UZ,1998,0.463879197835922
PV.STD.ERR,UZ,1997,None
PV.STD.ERR,UZ,1996,0.49002593755722
PV.STD.ERR,UZ,1995,None
PV.STD.ERR,VN,2019,0.213274270296097
PV.STD.ERR,VN,2018,0.206027328968048
PV.STD.ERR,VN,2017,0.205391809344292
PV.STD.ERR,VN,2016,0.206087306141853
PV.STD.ERR,VN,2015,0.201144516468048
PV.STD.ERR,VN,2014,0.196386188268661
PV.STD.ERR,VN,2013,0.228019788861275
PV.STD.ERR,VN,2012,0.221984326839447
PV.STD.ERR,VN,2011,0.240677565336227
PV.STD.ERR,VN,2010,0.243547096848488
PV.STD.ERR,VN,2009,0.246055126190186
PV.STD.ERR,VN,2008,0.246047765016556
PV.STD.ERR,VN,2007,0.244294539093971
PV.STD.ERR,VN,2006,0.252854287624359
PV.STD.ERR,VN,2005,0.278116136789322
PV.STD.ERR,VN,2004,0.286855816841125
PV.STD.ERR,VN,2003,0.29205846786499
PV.STD.ERR,VN,2002,0.300926953554153
PV.STD.ERR,VN,2001,None
PV.STD.ERR,VN,2000,0.342506408691406
PV.STD.ERR,VN,1999,None
PV.STD.ERR,VN,1998,0.345668405294418
PV.STD.ERR,VN,1997,None
PV.STD.ERR,VN,1996,0.373912304639816
PV.STD.ERR,VN,1995,None
PV.STD.ERR,VU,2019,0.288534104824066
PV.STD.ERR,VU,2018,0.289012312889099
PV.STD.ERR,VU,2017,0.309247493743896
PV.STD.ERR,VU,2016,0.286816298961639
PV.STD.ERR,VU,2015,0.275287687778473
PV.STD.ERR,VU,2014,0.261565506458282
PV.STD.ERR,VU,2013,0.347427368164063
PV.STD.ERR,VU,2012,0.317384898662567
PV.STD.ERR,VU,2011,0.360775291919708
PV.STD.ERR,VU,2010,0.320087254047394
PV.STD.ERR,VU,2009,0.323601871728897
PV.STD.ERR,VU,2008,0.350017130374908
PV.STD.ERR,VU,2007,0.348420560359955
PV.STD.ERR,VU,2006,0.376439899206162
PV.STD.ERR,VU,2005,0.384340941905975
PV.STD.ERR,VU,2004,0.364736646413803
PV.STD.ERR,VU,2003,0.556768476963043
PV.STD.ERR,VU,2002,0.643847048282623
PV.STD.ERR,VU,2001,None
PV.STD.ERR,VU,2000,0.586516797542572
PV.STD.ERR,VU,1999,None
PV.STD.ERR,VU,1998,0.563318967819214
PV.STD.ERR,VU,1997,None
PV.STD.ERR,VU,1996,0.616059839725494
PV.STD.ERR,VU,1995,None
PV.STD.ERR,WS,2019,0.252529382705688
PV.STD.ERR,WS,2018,0.24618773162365
PV.STD.ERR,WS,2017,0.263454109430313
PV.STD.ERR,WS,2016,0.253411799669266
PV.STD.ERR,WS,2015,0.249322980642319
PV.STD.ERR,WS,2014,0.238057717680931
PV.STD.ERR,WS,2013,0.297252923250198
PV.STD.ERR,WS,2012,0.282746523618698
PV.STD.ERR,WS,2011,0.306695103645325
PV.STD.ERR,WS,2010,0.320087254047394
PV.STD.ERR,WS,2009,0.323601871728897
PV.STD.ERR,WS,2008,0.309818059206009
PV.STD.ERR,WS,2007,0.308105289936066
PV.STD.ERR,WS,2006,0.331756144762039
PV.STD.ERR,WS,2005,0.332869827747345
PV.STD.ERR,WS,2004,0.330648332834244
PV.STD.ERR,WS,2003,0.349641561508179
PV.STD.ERR,WS,2002,0.436297506093979
PV.STD.ERR,WS,2001,None
PV.STD.ERR,WS,2000,0.453906059265137
PV.STD.ERR,WS,1999,None
PV.STD.ERR,WS,1998,0.435220897197723
PV.STD.ERR,WS,1997,None
PV.STD.ERR,WS,1996,0.47480720281601
PV.STD.ERR,WS,1995,None
PV.STD.ERR,YE,2019,0.240575924515724
PV.STD.ERR,YE,2018,0.221663177013397
PV.STD.ERR,YE,2017,0.223669856786728
PV.STD.ERR,YE,2016,0.214848384261131
PV.STD.ERR,YE,2015,0.213650554418564
PV.STD.ERR,YE,2014,0.204697266221046
PV.STD.ERR,YE,2013,0.240286439657211
PV.STD.ERR,YE,2012,0.235229834914207
PV.STD.ERR,YE,2011,0.244249582290649
PV.STD.ERR,YE,2010,0.249322861433029
PV.STD.ERR,YE,2009,0.251998424530029
PV.STD.ERR,YE,2008,0.2520891726017
PV.STD.ERR,YE,2007,0.248241752386093
PV.STD.ERR,YE,2006,0.257249593734741
PV.STD.ERR,YE,2005,0.286872625350952
PV.STD.ERR,YE,2004,0.293032377958298
PV.STD.ERR,YE,2003,0.301584661006927
PV.STD.ERR,YE,2002,0.316015273332596
PV.STD.ERR,YE,2001,None
PV.STD.ERR,YE,2000,0.342506408691406
PV.STD.ERR,YE,1999,None
PV.STD.ERR,YE,1998,0.345668405294418
PV.STD.ERR,YE,1997,None
PV.STD.ERR,YE,1996,0.373912304639816
PV.STD.ERR,YE,1995,None
PV.STD.ERR,ZM,2019,0.23479625582695
PV.STD.ERR,ZM,2018,0.216427937150002
PV.STD.ERR,ZM,2017,0.21807324886322
PV.STD.ERR,ZM,2016,0.209809631109238
PV.STD.ERR,ZM,2015,0.201144516468048
PV.STD.ERR,ZM,2014,0.196386188268661
PV.STD.ERR,ZM,2013,0.228019788861275
PV.STD.ERR,ZM,2012,0.221984326839447
PV.STD.ERR,ZM,2011,0.244249582290649
PV.STD.ERR,ZM,2010,0.243547096848488
PV.STD.ERR,ZM,2009,0.246055126190186
PV.STD.ERR,ZM,2008,0.263591170310974
PV.STD.ERR,ZM,2007,0.262691110372543
PV.STD.ERR,ZM,2006,0.273782998323441
PV.STD.ERR,ZM,2005,0.286872625350952
PV.STD.ERR,ZM,2004,0.286855816841125
PV.STD.ERR,ZM,2003,0.29205846786499
PV.STD.ERR,ZM,2002,0.316015273332596
PV.STD.ERR,ZM,2001,None
PV.STD.ERR,ZM,2000,0.342506408691406
PV.STD.ERR,ZM,1999,None
PV.STD.ERR,ZM,1998,0.345668405294418
PV.STD.ERR,ZM,1997,None
PV.STD.ERR,ZM,1996,0.373912304639816
PV.STD.ERR,ZM,1995,None
