SP.POP.GROW,AF,2023,2.66562820222961
SP.POP.GROW,AF,2022,2.53449831666733
SP.POP.GROW,AF,2021,2.85135765449931
SP.POP.GROW,AF,2020,3.13474690779163
SP.POP.GROW,AF,2019,2.90852909268743
SP.POP.GROW,AF,2018,2.88520797304849
SP.POP.GROW,AF,2017,2.86649214750073
SP.POP.GROW,AF,2016,2.58154939895659
SP.POP.GROW,AF,2015,3.12134122890873
SP.POP.GROW,AF,2014,3.65757606530364
SP.POP.GROW,AF,2013,3.46678830410982
SP.POP.GROW,AF,2012,4.07762772858795
SP.POP.GROW,AF,2011,3.68950830230738
SP.POP.GROW,AF,2010,2.89490410370988
SP.POP.GROW,AF,2009,3.56128837446668
SP.POP.GROW,AF,2008,2.00233326232255
SP.POP.GROW,AF,2007,1.79319572747206
SP.POP.GROW,AF,2006,4.13967803534352
SP.POP.GROW,AF,2005,3.57650800354462
SP.POP.GROW,AF,2004,3.93317768847308
SP.POP.GROW,AF,2003,7.54101896480183
SP.POP.GROW,AF,2002,6.44932147797304
SP.POP.GROW,AF,2001,0.742516834396313
SP.POP.GROW,AF,2000,1.4438030241194
SP.POP.GROW,AF,1999,4.07787948472197
SP.POP.GROW,AF,1998,3.88293060489748
SP.POP.GROW,AF,1997,3.9106052193522
SP.POP.GROW,AF,1996,4.1030220499493
SP.POP.GROW,AF,1995,6.04653555233991
SP.POP.GROW,AO,2023,3.03099631037773
SP.POP.GROW,AO,2022,3.09675267067326
SP.POP.GROW,AO,2021,3.16602986153025
SP.POP.GROW,AO,2020,3.26834840458456
SP.POP.GROW,AO,2019,3.39527779197097
SP.POP.GROW,AO,2018,3.46445698360985
SP.POP.GROW,AO,2017,3.5509866361995
SP.POP.GROW,AO,2016,3.58621100683242
SP.POP.GROW,AO,2015,3.61767751762095
SP.POP.GROW,AO,2014,3.68442896683492
SP.POP.GROW,AO,2013,3.73552542857565
SP.POP.GROW,AO,2012,3.75870252194126
SP.POP.GROW,AO,2011,3.75879638504539
SP.POP.GROW,AO,2010,3.73479765843852
SP.POP.GROW,AO,2009,3.69348247645612
SP.POP.GROW,AO,2008,3.67090920225351
SP.POP.GROW,AO,2007,3.63958930439587
SP.POP.GROW,AO,2006,3.5920133134417
SP.POP.GROW,AO,2005,3.55765898910381
SP.POP.GROW,AO,2004,3.50638882370405
SP.POP.GROW,AO,2003,3.41332121240757
SP.POP.GROW,AO,2002,3.33513160843876
SP.POP.GROW,AO,2001,3.28521723299089
SP.POP.GROW,AO,2000,3.24412146672851
SP.POP.GROW,AO,1999,3.22644785271891
SP.POP.GROW,AO,1998,3.27906774761554
SP.POP.GROW,AO,1997,3.33515378152671
SP.POP.GROW,AO,1996,3.33013249836537
SP.POP.GROW,AO,1995,3.28967582614934
SP.POP.GROW,BI,2023,2.67147850336685
SP.POP.GROW,BI,2022,2.66016084004174
SP.POP.GROW,BI,2021,2.67247846179476
SP.POP.GROW,BI,2020,2.86708219532744
SP.POP.GROW,BI,2019,3.26424857025887
SP.POP.GROW,BI,2018,2.98382355303175
SP.POP.GROW,BI,2017,2.28730144695888
SP.POP.GROW,BI,2016,1.62902475388378
SP.POP.GROW,BI,2015,2.18870609045616
SP.POP.GROW,BI,2014,3.3458633833966
SP.POP.GROW,BI,2013,3.55110770404353
SP.POP.GROW,BI,2012,3.52997284776032
SP.POP.GROW,BI,2011,3.54274498118795
SP.POP.GROW,BI,2010,4.67947760941816
SP.POP.GROW,BI,2009,5.07844376468302
SP.POP.GROW,BI,2008,4.11209752356589
SP.POP.GROW,BI,2007,3.67179220330916
SP.POP.GROW,BI,2006,3.58003081168824
SP.POP.GROW,BI,2005,3.69979693670807
SP.POP.GROW,BI,2004,3.71466281696618
SP.POP.GROW,BI,2003,3.13736150828626
SP.POP.GROW,BI,2002,2.79413757787033
SP.POP.GROW,BI,2001,2.47511575866868
SP.POP.GROW,BI,2000,2.0417212041938
SP.POP.GROW,BI,1999,2.3715206268295
SP.POP.GROW,BI,1998,1.86435899274167
SP.POP.GROW,BI,1997,-0.11211057621028
SP.POP.GROW,BI,1996,-0.0383704693710515
SP.POP.GROW,BI,1995,6.01569069212077
SP.POP.GROW,BJ,2023,2.66008514236957
SP.POP.GROW,BJ,2022,2.70204108933956
SP.POP.GROW,BJ,2021,2.75970517933377
SP.POP.GROW,BJ,2020,2.82913811282206
SP.POP.GROW,BJ,2019,2.88707408493347
SP.POP.GROW,BJ,2018,2.92239218681089
SP.POP.GROW,BJ,2017,2.94632156118807
SP.POP.GROW,BJ,2016,2.94982814392549
SP.POP.GROW,BJ,2015,2.95124912266827
SP.POP.GROW,BJ,2014,2.92622897984691
SP.POP.GROW,BJ,2013,2.89992060914312
SP.POP.GROW,BJ,2012,2.91501212217311
SP.POP.GROW,BJ,2011,2.92811115740547
SP.POP.GROW,BJ,2010,2.93492666293192
SP.POP.GROW,BJ,2009,2.94335369072878
SP.POP.GROW,BJ,2008,2.94774231330122
SP.POP.GROW,BJ,2007,2.87555724136521
SP.POP.GROW,BJ,2006,3.05982347255495
SP.POP.GROW,BJ,2005,3.177348170646
SP.POP.GROW,BJ,2004,3.02645705105477
SP.POP.GROW,BJ,2003,3.01427811282378
SP.POP.GROW,BJ,2002,3.00138127284262
SP.POP.GROW,BJ,2001,3.0124309700982
SP.POP.GROW,BJ,2000,3.03845662138601
SP.POP.GROW,BJ,1999,3.05728567373544
SP.POP.GROW,BJ,1998,3.04015123022948
SP.POP.GROW,BJ,1997,2.90970663666371
SP.POP.GROW,BJ,1996,2.56902674974726
SP.POP.GROW,BJ,1995,2.05718160489378
SP.POP.GROW,BF,2023,2.51606040251666
SP.POP.GROW,BF,2022,2.55998839127434
SP.POP.GROW,BF,2021,2.65037591522147
SP.POP.GROW,BF,2020,2.68878766730686
SP.POP.GROW,BF,2019,2.70387556725288
SP.POP.GROW,BF,2018,2.76868116258088
SP.POP.GROW,BF,2017,2.86565542084027
SP.POP.GROW,BF,2016,2.93481128912484
SP.POP.GROW,BF,2015,2.97234560821631
SP.POP.GROW,BF,2014,2.97977849923872
SP.POP.GROW,BF,2013,3.00842195462805
SP.POP.GROW,BF,2012,3.03188007722477
SP.POP.GROW,BF,2011,2.96973830872596
SP.POP.GROW,BF,2010,2.93926755839508
SP.POP.GROW,BF,2009,2.9314075345183
SP.POP.GROW,BF,2008,2.94356863526933
SP.POP.GROW,BF,2007,3.03278641140169
SP.POP.GROW,BF,2006,3.12248153649463
SP.POP.GROW,BF,2005,3.14899280596388
SP.POP.GROW,BF,2004,3.13802065225682
SP.POP.GROW,BF,2003,3.10451751268277
SP.POP.GROW,BF,2002,3.07479003510637
SP.POP.GROW,BF,2001,3.04072894648829
SP.POP.GROW,BF,2000,2.98388558736392
SP.POP.GROW,BF,1999,2.92518416489156
SP.POP.GROW,BF,1998,2.74887688045847
SP.POP.GROW,BF,1997,2.56669704135617
SP.POP.GROW,BF,1996,2.55512095673786
SP.POP.GROW,BF,1995,2.56324294246536
SP.POP.GROW,BD,2023,1.02746498713519
SP.POP.GROW,BD,2022,1.0748367431585
SP.POP.GROW,BD,2021,1.14931847631384
SP.POP.GROW,BD,2020,1.14420974001656
SP.POP.GROW,BD,2019,1.1131724900167
SP.POP.GROW,BD,2018,1.16137846270492
SP.POP.GROW,BD,2017,1.24972406577957
SP.POP.GROW,BD,2016,1.23079535447054
SP.POP.GROW,BD,2015,1.19106112723824
SP.POP.GROW,BD,2014,1.24596020808779
SP.POP.GROW,BD,2013,1.26715729721878
SP.POP.GROW,BD,2012,1.24357124646827
SP.POP.GROW,BD,2011,1.21893869127295
SP.POP.GROW,BD,2010,1.1415513368569
SP.POP.GROW,BD,2009,0.880093475599957
SP.POP.GROW,BD,2008,0.887833017097369
SP.POP.GROW,BD,2007,1.05111719423699
SP.POP.GROW,BD,2006,1.21058994053819
SP.POP.GROW,BD,2005,1.51797511096499
SP.POP.GROW,BD,2004,1.66119164263389
SP.POP.GROW,BD,2003,1.74653680101613
SP.POP.GROW,BD,2002,1.85802653007171
SP.POP.GROW,BD,2001,1.89925268099487
SP.POP.GROW,BD,2000,1.90552404891968
SP.POP.GROW,BD,1999,1.91507429803985
SP.POP.GROW,BD,1998,1.87614402927933
SP.POP.GROW,BD,1997,1.78774016644232
SP.POP.GROW,BD,1996,1.75333998432405
SP.POP.GROW,BD,1995,1.86669533165568
SP.POP.GROW,BO,2023,1.336412296715
SP.POP.GROW,BO,2022,1.1902748132628
SP.POP.GROW,BO,2021,1.19348671867883
SP.POP.GROW,BO,2020,1.33973922043111
SP.POP.GROW,BO,2019,1.45750439141779
SP.POP.GROW,BO,2018,1.48747419672442
SP.POP.GROW,BO,2017,1.52010888105833
SP.POP.GROW,BO,2016,1.54728829634713
SP.POP.GROW,BO,2015,1.5731449401483
SP.POP.GROW,BO,2014,1.60331510672219
SP.POP.GROW,BO,2013,1.62957319915505
SP.POP.GROW,BO,2012,1.65463539887486
SP.POP.GROW,BO,2011,1.67782849865133
SP.POP.GROW,BO,2010,1.69628237644672
SP.POP.GROW,BO,2009,1.71311404940389
SP.POP.GROW,BO,2008,1.72976143588269
SP.POP.GROW,BO,2007,1.75023288737608
SP.POP.GROW,BO,2006,1.74713275481179
SP.POP.GROW,BO,2005,1.7329882488039
SP.POP.GROW,BO,2004,1.73917027368374
SP.POP.GROW,BO,2003,1.74628939852943
SP.POP.GROW,BO,2002,1.75107228754869
SP.POP.GROW,BO,2001,1.76981723900868
SP.POP.GROW,BO,2000,1.80379049207336
SP.POP.GROW,BO,1999,1.81906465021901
SP.POP.GROW,BO,1998,1.81817024384979
SP.POP.GROW,BO,1997,1.83860984739205
SP.POP.GROW,BO,1996,1.86850882962671
SP.POP.GROW,BO,1995,1.9021772687113
SP.POP.GROW,BT,2023,0.63304453326495
SP.POP.GROW,BT,2022,0.63707753130368
SP.POP.GROW,BT,2021,0.642586172837449
SP.POP.GROW,BT,2020,0.655471789302584
SP.POP.GROW,BT,2019,0.701252583573764
SP.POP.GROW,BT,2018,0.787111572078005
SP.POP.GROW,BT,2017,0.844692720380736
SP.POP.GROW,BT,2016,0.868973710626164
SP.POP.GROW,BT,2015,0.934969649654716
SP.POP.GROW,BT,2014,1.0193598434941
SP.POP.GROW,BT,2013,1.06812304057562
SP.POP.GROW,BT,2012,1.08946783207717
SP.POP.GROW,BT,2011,1.10160983275966
SP.POP.GROW,BT,2010,1.11717717159158
SP.POP.GROW,BT,2009,1.14473127595882
SP.POP.GROW,BT,2008,1.18468503010311
SP.POP.GROW,BT,2007,1.23319303054383
SP.POP.GROW,BT,2006,1.48695338651854
SP.POP.GROW,BT,2005,2.03035343996667
SP.POP.GROW,BT,2004,2.39210919099831
SP.POP.GROW,BT,2003,2.48546106253177
SP.POP.GROW,BT,2002,2.58776329516912
SP.POP.GROW,BT,2001,2.69277829428078
SP.POP.GROW,BT,2000,2.80057018423756
SP.POP.GROW,BT,1999,2.45497568951543
SP.POP.GROW,BT,1998,1.86199682422406
SP.POP.GROW,BT,1997,1.72843740815916
SP.POP.GROW,BT,1996,1.87004876817793
SP.POP.GROW,BT,1995,1.19681518857701
SP.POP.GROW,CF,2023,2.88270795208001
SP.POP.GROW,CF,2022,2.21079511675969
SP.POP.GROW,CF,2021,2.11363722558977
SP.POP.GROW,CF,2020,2.5340939316943
SP.POP.GROW,CF,2019,2.22336107125156
SP.POP.GROW,CF,2018,1.94305862344608
SP.POP.GROW,CF,2017,1.86986089522388
SP.POP.GROW,CF,2016,1.74517542237586
SP.POP.GROW,CF,2015,0.428340361843656
SP.POP.GROW,CF,2014,-0.0769490230926806
SP.POP.GROW,CF,2013,0.608247676561223
SP.POP.GROW,CF,2012,0.868655128872181
SP.POP.GROW,CF,2011,1.53227695856897
SP.POP.GROW,CF,2010,2.071208345015
SP.POP.GROW,CF,2009,2.15485409702233
SP.POP.GROW,CF,2008,2.07326328004891
SP.POP.GROW,CF,2007,1.8735897550277
SP.POP.GROW,CF,2006,2.01150212315221
SP.POP.GROW,CF,2005,2.25132803027483
SP.POP.GROW,CF,2004,2.16901718078334
SP.POP.GROW,CF,2003,2.41778998181238
SP.POP.GROW,CF,2002,2.20897342817341
SP.POP.GROW,CF,2001,2.25163751502407
SP.POP.GROW,CF,2000,2.80036047898137
SP.POP.GROW,CF,1999,2.78215176573503
SP.POP.GROW,CF,1998,2.7546192875739
SP.POP.GROW,CF,1997,2.78239631088654
SP.POP.GROW,CF,1996,2.61642604333973
SP.POP.GROW,CF,1995,2.74938232580347
SP.POP.GROW,CI,2023,2.49863016801663
SP.POP.GROW,CI,2022,2.45270320081193
SP.POP.GROW,CI,2021,2.455303010444
SP.POP.GROW,CI,2020,2.50861820334885
SP.POP.GROW,CI,2019,2.53128744560298
SP.POP.GROW,CI,2018,2.56647493405036
SP.POP.GROW,CI,2017,2.58625429610958
SP.POP.GROW,CI,2016,2.58067580845527
SP.POP.GROW,CI,2015,2.58076728931826
SP.POP.GROW,CI,2014,2.31524274847183
SP.POP.GROW,CI,2013,2.06192649501195
SP.POP.GROW,CI,2012,2.05543493401974
SP.POP.GROW,CI,2011,2.0752447134814
SP.POP.GROW,CI,2010,2.1163624191381
SP.POP.GROW,CI,2009,2.11781907640103
SP.POP.GROW,CI,2008,2.13051547484823
SP.POP.GROW,CI,2007,2.16087988372223
SP.POP.GROW,CI,2006,2.20965613638884
SP.POP.GROW,CI,2005,2.26751371599435
SP.POP.GROW,CI,2004,2.33745599030944
SP.POP.GROW,CI,2003,2.41659690314912
SP.POP.GROW,CI,2002,2.51050671514096
SP.POP.GROW,CI,2001,2.61901409623771
SP.POP.GROW,CI,2000,2.73825090531507
SP.POP.GROW,CI,1999,3.0240202346513
SP.POP.GROW,CI,1998,3.35691945622114
SP.POP.GROW,CI,1997,3.48008353979121
SP.POP.GROW,CI,1996,3.51260558248228
SP.POP.GROW,CI,1995,3.54062880080402
SP.POP.GROW,CM,2023,2.59113967946452
SP.POP.GROW,CM,2022,2.59810258830226
SP.POP.GROW,CM,2021,2.63581940586039
SP.POP.GROW,CM,2020,2.71185365793296
SP.POP.GROW,CM,2019,2.7748797807221
SP.POP.GROW,CM,2018,2.7637376380325
SP.POP.GROW,CM,2017,2.83379809494988
SP.POP.GROW,CM,2016,2.99217541611777
SP.POP.GROW,CM,2015,3.14758224896897
SP.POP.GROW,CM,2014,3.03550756998046
SP.POP.GROW,CM,2013,2.81353839574426
SP.POP.GROW,CM,2012,2.81498378244419
SP.POP.GROW,CM,2011,2.83123673541846
SP.POP.GROW,CM,2010,2.85121531529997
SP.POP.GROW,CM,2009,2.84662200490483
SP.POP.GROW,CM,2008,2.83697090124967
SP.POP.GROW,CM,2007,2.78067096838021
SP.POP.GROW,CM,2006,2.71903433909344
SP.POP.GROW,CM,2005,2.73315981250508
SP.POP.GROW,CM,2004,2.74462206750134
SP.POP.GROW,CM,2003,2.72911509031776
SP.POP.GROW,CM,2002,2.67966597627532
SP.POP.GROW,CM,2001,2.62667387658374
SP.POP.GROW,CM,2000,2.63602726719356
SP.POP.GROW,CM,1999,2.64977018150173
SP.POP.GROW,CM,1998,2.64328036101189
SP.POP.GROW,CM,1997,2.65933890348849
SP.POP.GROW,CM,1996,2.71549439019134
SP.POP.GROW,CM,1995,2.784354192833
SP.POP.GROW,CD,2023,3.23230523620325
SP.POP.GROW,CD,2022,3.19783510453186
SP.POP.GROW,CD,2021,3.22252815991252
SP.POP.GROW,CD,2020,3.22447844328183
SP.POP.GROW,CD,2019,3.18628838899818
SP.POP.GROW,CD,2018,3.27282723445499
SP.POP.GROW,CD,2017,3.44276695760094
SP.POP.GROW,CD,2016,3.46603464808537
SP.POP.GROW,CD,2015,3.38939131180859
SP.POP.GROW,CD,2014,3.44601675819051
SP.POP.GROW,CD,2013,3.4091449670035
SP.POP.GROW,CD,2012,3.35665613143748
SP.POP.GROW,CD,2011,3.35179391507681
SP.POP.GROW,CD,2010,3.24688069782067
SP.POP.GROW,CD,2009,3.19424675479088
SP.POP.GROW,CD,2008,3.19974361408747
SP.POP.GROW,CD,2007,3.21553799022491
SP.POP.GROW,CD,2006,3.1871715188242
SP.POP.GROW,CD,2005,3.11546176922533
SP.POP.GROW,CD,2004,2.98105657054334
SP.POP.GROW,CD,2003,2.94405110630979
SP.POP.GROW,CD,2002,3.05700023925831
SP.POP.GROW,CD,2001,3.01946582164363
SP.POP.GROW,CD,2000,2.89884128806625
SP.POP.GROW,CD,1999,2.8603206446613
SP.POP.GROW,CD,1998,2.36640881944012
SP.POP.GROW,CD,1997,1.58195749260887
SP.POP.GROW,CD,1996,1.90595041213998
SP.POP.GROW,CD,1995,4.18422480056387
SP.POP.GROW,CG,2023,2.25962565586274
SP.POP.GROW,CG,2022,2.28055584966535
SP.POP.GROW,CG,2021,2.31648825280279
SP.POP.GROW,CG,2020,2.33208625068898
SP.POP.GROW,CG,2019,2.355238072353
SP.POP.GROW,CG,2018,2.39418462530963
SP.POP.GROW,CG,2017,2.3910852337636
SP.POP.GROW,CG,2016,2.38886575467523
SP.POP.GROW,CG,2015,2.38840507871515
SP.POP.GROW,CG,2014,2.39028820797079
SP.POP.GROW,CG,2013,2.40667969204573
SP.POP.GROW,CG,2012,2.77600777570712
SP.POP.GROW,CG,2011,3.24414124523082
SP.POP.GROW,CG,2010,4.15589722236467
SP.POP.GROW,CG,2009,4.01710592389119
SP.POP.GROW,CG,2008,3.3131079690881
SP.POP.GROW,CG,2007,3.68155876257458
SP.POP.GROW,CG,2006,3.75360549915507
SP.POP.GROW,CG,2005,3.59877196603076
SP.POP.GROW,CG,2004,3.39770601248237
SP.POP.GROW,CG,2003,2.76801614231128
SP.POP.GROW,CG,2002,2.34039442531377
SP.POP.GROW,CG,2001,3.75963307173171
SP.POP.GROW,CG,2000,3.81697887153797
SP.POP.GROW,CG,1999,2.67047567259907
SP.POP.GROW,CG,1998,2.13796271463219
SP.POP.GROW,CG,1997,2.05368351414271
SP.POP.GROW,CG,1996,2.67284423332925
SP.POP.GROW,CG,1995,2.70139713559943
SP.POP.GROW,KM,2023,1.81205290418229
SP.POP.GROW,KM,2022,1.82699354985146
SP.POP.GROW,KM,2021,1.89944099480128
SP.POP.GROW,KM,2020,1.90094081397491
SP.POP.GROW,KM,2019,1.87244791212477
SP.POP.GROW,KM,2018,1.90502758147562
SP.POP.GROW,KM,2017,2.04689697470843
SP.POP.GROW,KM,2016,2.1696163026429
SP.POP.GROW,KM,2015,2.16006427268952
SP.POP.GROW,KM,2014,2.15269220591586
SP.POP.GROW,KM,2013,2.14467454892257
SP.POP.GROW,KM,2012,2.13823935913559
SP.POP.GROW,KM,2011,2.11863032791113
SP.POP.GROW,KM,2010,2.08414518723241
SP.POP.GROW,KM,2009,2.04777262901454
SP.POP.GROW,KM,2008,2.0172880272233
SP.POP.GROW,KM,2007,2.00423062675791
SP.POP.GROW,KM,2006,2.00033228573184
SP.POP.GROW,KM,2005,1.96439041104988
SP.POP.GROW,KM,2004,1.915137697063
SP.POP.GROW,KM,2003,1.96308566673178
SP.POP.GROW,KM,2002,2.04310008455716
SP.POP.GROW,KM,2001,2.02552063213452
SP.POP.GROW,KM,2000,1.94042775607481
SP.POP.GROW,KM,1999,2.01157586446852
SP.POP.GROW,KM,1998,2.14035312852964
SP.POP.GROW,KM,1997,2.15054304118003
SP.POP.GROW,KM,1996,2.15294272982638
SP.POP.GROW,KM,1995,2.14834669314402
SP.POP.GROW,CV,2023,0.928494014669758
SP.POP.GROW,CV,2022,0.884624344860865
SP.POP.GROW,CV,2021,0.90298888332359
SP.POP.GROW,CV,2020,0.96752416855618
SP.POP.GROW,CV,2019,1.01513458042928
SP.POP.GROW,CV,2018,1.09986005170242
SP.POP.GROW,CV,2017,1.16795054980192
SP.POP.GROW,CV,2016,1.12160806985756
SP.POP.GROW,CV,2015,1.1090565508692
SP.POP.GROW,CV,2014,1.13001379235817
SP.POP.GROW,CV,2013,1.13168973985358
SP.POP.GROW,CV,2012,1.19524498910285
SP.POP.GROW,CV,2011,1.20318062074503
SP.POP.GROW,CV,2010,1.07518998845602
SP.POP.GROW,CV,2009,1.03356365735023
SP.POP.GROW,CV,2008,1.10397557326972
SP.POP.GROW,CV,2007,1.16559727886391
SP.POP.GROW,CV,2006,1.22154041180103
SP.POP.GROW,CV,2005,1.27507062329957
SP.POP.GROW,CV,2004,1.34359900654352
SP.POP.GROW,CV,2003,1.43878620109395
SP.POP.GROW,CV,2002,1.54881400616773
SP.POP.GROW,CV,2001,1.66784323760593
SP.POP.GROW,CV,2000,1.89987187752495
SP.POP.GROW,CV,1999,2.11573778449194
SP.POP.GROW,CV,1998,2.19559888350156
SP.POP.GROW,CV,1997,2.26555228546592
SP.POP.GROW,CV,1996,2.31272373992786
SP.POP.GROW,CV,1995,2.39287120315999
SP.POP.GROW,DJ,2023,1.38273344206501
SP.POP.GROW,DJ,2022,1.37371534912362
SP.POP.GROW,DJ,2021,1.40284750995694
SP.POP.GROW,DJ,2020,1.49363957876332
SP.POP.GROW,DJ,2019,1.57623975223144
SP.POP.GROW,DJ,2018,1.61772854346232
SP.POP.GROW,DJ,2017,1.64501401282776
SP.POP.GROW,DJ,2016,1.67550925836571
SP.POP.GROW,DJ,2015,1.72124773942831
SP.POP.GROW,DJ,2014,1.7680638456514
SP.POP.GROW,DJ,2013,1.81267131886039
SP.POP.GROW,DJ,2012,1.84933894374145
SP.POP.GROW,DJ,2011,1.89789156839079
SP.POP.GROW,DJ,2010,1.9883070131748
SP.POP.GROW,DJ,2009,2.04234815532952
SP.POP.GROW,DJ,2008,2.02400160866773
SP.POP.GROW,DJ,2007,2.13179519553233
SP.POP.GROW,DJ,2006,1.91756063912333
SP.POP.GROW,DJ,2005,1.51442896223044
SP.POP.GROW,DJ,2004,1.47246847937649
SP.POP.GROW,DJ,2003,2.16637325167082
SP.POP.GROW,DJ,2002,3.04136539252469
SP.POP.GROW,DJ,2001,3.11224350831744
SP.POP.GROW,DJ,2000,3.1016497493543
SP.POP.GROW,DJ,1999,3.45804880527132
SP.POP.GROW,DJ,1998,3.98289680964869
SP.POP.GROW,DJ,1997,3.52617803029176
SP.POP.GROW,DJ,1996,2.35911080877199
SP.POP.GROW,DJ,1995,0.980299863135974
SP.POP.GROW,EG,2023,1.54356509805617
SP.POP.GROW,EG,2022,1.56907383039584
SP.POP.GROW,EG,2021,1.65838367949689
SP.POP.GROW,EG,2020,1.73312957205986
SP.POP.GROW,EG,2019,1.79400212546566
SP.POP.GROW,EG,2018,1.89893076814734
SP.POP.GROW,EG,2017,1.98976849465685
SP.POP.GROW,EG,2016,2.08630284573945
SP.POP.GROW,EG,2015,2.20525980686911
SP.POP.GROW,EG,2014,2.34379305041137
SP.POP.GROW,EG,2013,2.31570750353087
SP.POP.GROW,EG,2012,2.26158734403113
SP.POP.GROW,EG,2011,2.20764281063758
SP.POP.GROW,EG,2010,2.02763965508429
SP.POP.GROW,EG,2009,1.95615522230144
SP.POP.GROW,EG,2008,1.95838290327697
SP.POP.GROW,EG,2007,1.95167431348286
SP.POP.GROW,EG,2006,1.94660064062847
SP.POP.GROW,EG,2005,1.98334143708702
SP.POP.GROW,EG,2004,2.03166566101876
SP.POP.GROW,EG,2003,2.08785646198219
SP.POP.GROW,EG,2002,2.09110329331686
SP.POP.GROW,EG,2001,2.0564198428314
SP.POP.GROW,EG,2000,2.07183470577985
SP.POP.GROW,EG,1999,2.11332015702818
SP.POP.GROW,EG,1998,2.14462708535911
SP.POP.GROW,EG,1997,2.15540119420392
SP.POP.GROW,EG,1996,2.15573650351395
SP.POP.GROW,EG,1995,2.19172285065762
SP.POP.GROW,ER,2023,1.74549257972489
SP.POP.GROW,ER,2022,1.74475945969517
SP.POP.GROW,ER,2021,1.7961013366299
SP.POP.GROW,ER,2020,1.61739994313834
SP.POP.GROW,ER,2019,1.53927354632927
SP.POP.GROW,ER,2018,1.41594960093608
SP.POP.GROW,ER,2017,0.935971649156141
SP.POP.GROW,ER,2016,0.754064581294597
SP.POP.GROW,ER,2015,0.49767257206961
SP.POP.GROW,ER,2014,0.817492473750786
SP.POP.GROW,ER,2013,1.33675062099253
SP.POP.GROW,ER,2012,1.39398056061833
SP.POP.GROW,ER,2011,1.88330360533393
SP.POP.GROW,ER,2010,2.04894664970192
SP.POP.GROW,ER,2009,2.56543695688394
SP.POP.GROW,ER,2008,2.68430517830464
SP.POP.GROW,ER,2007,1.58711319244676
SP.POP.GROW,ER,2006,1.69340467080078
SP.POP.GROW,ER,2005,2.45208243654581
SP.POP.GROW,ER,2004,4.0529646475642
SP.POP.GROW,ER,2003,4.07554152440981
SP.POP.GROW,ER,2002,3.41382758677749
SP.POP.GROW,ER,2001,2.84467152232301
SP.POP.GROW,ER,2000,1.53299543125693
SP.POP.GROW,ER,1999,1.44145869854362
SP.POP.GROW,ER,1998,1.35198753803808
SP.POP.GROW,ER,1997,1.2067841093189
SP.POP.GROW,ER,1996,4.83450479218313
SP.POP.GROW,ER,1995,5.46458079635181
SP.POP.GROW,ET,2023,2.5187790536759
SP.POP.GROW,ET,2022,2.54208920295403
SP.POP.GROW,ET,2021,2.60431928274974
SP.POP.GROW,ET,2020,2.65485915620519
SP.POP.GROW,ET,2019,2.656010133459
SP.POP.GROW,ET,2018,2.67332102071494
SP.POP.GROW,ET,2017,2.72133142564532
SP.POP.GROW,ET,2016,2.71605397227228
SP.POP.GROW,ET,2015,2.69539316663887
SP.POP.GROW,ET,2014,2.70542811266671
SP.POP.GROW,ET,2013,2.74962070654197
SP.POP.GROW,ET,2012,2.82765624318832
SP.POP.GROW,ET,2011,2.85029677836164
SP.POP.GROW,ET,2010,2.82098186260834
SP.POP.GROW,ET,2009,2.80357593483215
SP.POP.GROW,ET,2008,2.83863160180599
SP.POP.GROW,ET,2007,2.85154384116412
SP.POP.GROW,ET,2006,2.82672932299161
SP.POP.GROW,ET,2005,2.83962299391293
SP.POP.GROW,ET,2004,2.87241402666675
SP.POP.GROW,ET,2003,2.90590770385319
SP.POP.GROW,ET,2002,2.93296991314103
SP.POP.GROW,ET,2001,2.92127105923873
SP.POP.GROW,ET,2000,2.95880518919236
SP.POP.GROW,ET,1999,3.0281142940097
SP.POP.GROW,ET,1998,3.06048395903298
SP.POP.GROW,ET,1997,3.12815909570078
SP.POP.GROW,ET,1996,3.203571284763
SP.POP.GROW,ET,1995,3.28301525569969
SP.POP.GROW,FM,2023,0.924204879960664
SP.POP.GROW,FM,2022,0.908957180951961
SP.POP.GROW,FM,2021,0.910158700223977
SP.POP.GROW,FM,2020,0.650605243674555
SP.POP.GROW,FM,2019,0.404844283265269
SP.POP.GROW,FM,2018,0.450852095694507
SP.POP.GROW,FM,2017,0.45835209921657
SP.POP.GROW,FM,2016,0.422085800331518
SP.POP.GROW,FM,2015,0.400941558500249
SP.POP.GROW,FM,2014,0.381376448431569
SP.POP.GROW,FM,2013,0.347720569318122
SP.POP.GROW,FM,2012,0.319268822321146
SP.POP.GROW,FM,2011,0.277526573301423
SP.POP.GROW,FM,2010,-0.259914003442924
SP.POP.GROW,FM,2009,-0.772033459891083
SP.POP.GROW,FM,2008,-0.758815202826041
SP.POP.GROW,FM,2007,-0.699624839506227
SP.POP.GROW,FM,2006,-0.577652222559237
SP.POP.GROW,FM,2005,-0.447886780617126
SP.POP.GROW,FM,2004,-0.328790000684937
SP.POP.GROW,FM,2003,-0.167115773241494
SP.POP.GROW,FM,2002,0.0392962405699845
SP.POP.GROW,FM,2001,0.213720197420152
SP.POP.GROW,FM,2000,0.152297026498527
SP.POP.GROW,FM,1999,0.119311952075623
SP.POP.GROW,FM,1998,0.245350376291555
SP.POP.GROW,FM,1997,0.31362961567264
SP.POP.GROW,FM,1996,0.413363891520276
SP.POP.GROW,FM,1995,1.35420827378859
SP.POP.GROW,GH,2023,1.91170171695852
SP.POP.GROW,GH,2022,1.93898294382388
SP.POP.GROW,GH,2021,2.00774487031161
SP.POP.GROW,GH,2020,2.06626880077022
SP.POP.GROW,GH,2019,2.08893118401294
SP.POP.GROW,GH,2018,2.1226797659381
SP.POP.GROW,GH,2017,2.23494542871956
SP.POP.GROW,GH,2016,2.33938325896993
SP.POP.GROW,GH,2015,2.36426975910316
SP.POP.GROW,GH,2014,2.40764489206261
SP.POP.GROW,GH,2013,2.45242725553535
SP.POP.GROW,GH,2012,2.46059584044277
SP.POP.GROW,GH,2011,2.43818163019966
SP.POP.GROW,GH,2010,2.46999616717291
SP.POP.GROW,GH,2009,2.53550492031822
SP.POP.GROW,GH,2008,2.57232722220713
SP.POP.GROW,GH,2007,2.60546378550717
SP.POP.GROW,GH,2006,2.63916146161943
SP.POP.GROW,GH,2005,2.65989488010389
SP.POP.GROW,GH,2004,2.66890927022094
SP.POP.GROW,GH,2003,2.71443282052613
SP.POP.GROW,GH,2002,2.74837991725016
SP.POP.GROW,GH,2001,2.65976868907588
SP.POP.GROW,GH,2000,2.51651873851715
SP.POP.GROW,GH,1999,2.43910069831105
SP.POP.GROW,GH,1998,2.41566538352003
SP.POP.GROW,GH,1997,2.3485207263226
SP.POP.GROW,GH,1996,2.29660255020337
SP.POP.GROW,GH,1995,2.30882146600629
SP.POP.GROW,GN,2023,2.36211734721627
SP.POP.GROW,GN,2022,2.39091413366776
SP.POP.GROW,GN,2021,2.44431721949133
SP.POP.GROW,GN,2020,2.51225012110646
SP.POP.GROW,GN,2019,2.5376470778001
SP.POP.GROW,GN,2018,2.53344244221774
SP.POP.GROW,GN,2017,2.56349381271807
SP.POP.GROW,GN,2016,2.58950004128743
SP.POP.GROW,GN,2015,2.54927671891363
SP.POP.GROW,GN,2014,2.48293200818758
SP.POP.GROW,GN,2013,2.44231614129791
SP.POP.GROW,GN,2012,2.44875299812511
SP.POP.GROW,GN,2011,2.47131110815721
SP.POP.GROW,GN,2010,2.45827846352306
SP.POP.GROW,GN,2009,2.43976227038861
SP.POP.GROW,GN,2008,2.40819421004136
SP.POP.GROW,GN,2007,2.29335572388692
SP.POP.GROW,GN,2006,2.06291427897393
SP.POP.GROW,GN,2005,1.9786677950531
SP.POP.GROW,GN,2004,2.12923941806619
SP.POP.GROW,GN,2003,2.24174813408231
SP.POP.GROW,GN,2002,1.55168555991374
SP.POP.GROW,GN,2001,1.29599678025488
SP.POP.GROW,GN,2000,1.96313638467112
SP.POP.GROW,GN,1999,2.25588851011695
SP.POP.GROW,GN,1998,1.89125537226619
SP.POP.GROW,GN,1997,2.05716146068419
SP.POP.GROW,GN,1996,2.83513743678971
SP.POP.GROW,GN,1995,2.80029938952256
SP.POP.GROW,GM,2023,2.45217756522986
SP.POP.GROW,GM,2022,2.47214748808282
SP.POP.GROW,GM,2021,2.52879318000917
SP.POP.GROW,GM,2020,2.56215324974841
SP.POP.GROW,GM,2019,2.58268676641821
SP.POP.GROW,GM,2018,2.64137634537543
SP.POP.GROW,GM,2017,2.72348534857532
SP.POP.GROW,GM,2016,2.80404574599256
SP.POP.GROW,GM,2015,2.88681938435009
SP.POP.GROW,GM,2014,2.9743344848207
SP.POP.GROW,GM,2013,3.05120587130278
SP.POP.GROW,GM,2012,3.09453140006576
SP.POP.GROW,GM,2011,3.09704342340045
SP.POP.GROW,GM,2010,3.10116024088171
SP.POP.GROW,GM,2009,3.11364851085582
SP.POP.GROW,GM,2008,3.10498597160244
SP.POP.GROW,GM,2007,3.08345897475552
SP.POP.GROW,GM,2006,3.02105449420899
SP.POP.GROW,GM,2005,2.94240520384811
SP.POP.GROW,GM,2004,2.89265160161859
SP.POP.GROW,GM,2003,2.85169300452624
SP.POP.GROW,GM,2002,2.85020452877525
SP.POP.GROW,GM,2001,2.87370974027546
SP.POP.GROW,GM,2000,2.89642334291935
SP.POP.GROW,GM,1999,2.92898299903204
SP.POP.GROW,GM,1998,2.93206189737374
SP.POP.GROW,GM,1997,2.92246900058025
SP.POP.GROW,GM,1996,2.9285476920743
SP.POP.GROW,GM,1995,2.96365250311541
SP.POP.GROW,GW,2023,2.12750787782784
SP.POP.GROW,GW,2022,2.15283930362989
SP.POP.GROW,GW,2021,2.20258924567144
SP.POP.GROW,GW,2020,2.27645335668636
SP.POP.GROW,GW,2019,2.33629046990663
SP.POP.GROW,GW,2018,2.37233714760758
SP.POP.GROW,GW,2017,2.43789093573311
SP.POP.GROW,GW,2016,2.51887831990535
SP.POP.GROW,GW,2015,2.58264954343545
SP.POP.GROW,GW,2014,2.6479419321498
SP.POP.GROW,GW,2013,2.68850117447374
SP.POP.GROW,GW,2012,2.67971667869759
SP.POP.GROW,GW,2011,2.63200843432739
SP.POP.GROW,GW,2010,2.58699749262038
SP.POP.GROW,GW,2009,2.5710829245713
SP.POP.GROW,GW,2008,2.57645836046792
SP.POP.GROW,GW,2007,2.54710395639989
SP.POP.GROW,GW,2006,2.46114153135878
SP.POP.GROW,GW,2005,2.39889276052679
SP.POP.GROW,GW,2004,2.35534585979133
SP.POP.GROW,GW,2003,2.30469146620396
SP.POP.GROW,GW,2002,2.22560146575472
SP.POP.GROW,GW,2001,2.1326015824877
SP.POP.GROW,GW,2000,2.00021192650957
SP.POP.GROW,GW,1999,1.87435550327809
SP.POP.GROW,GW,1998,1.84346758609391
SP.POP.GROW,GW,1997,1.89658783588579
SP.POP.GROW,GW,1996,2.0712699677972
SP.POP.GROW,GW,1995,2.5018988635159
SP.POP.GROW,HN,2023,1.53082951071852
SP.POP.GROW,HN,2022,1.49211855882432
SP.POP.GROW,HN,2021,1.5351396675707
SP.POP.GROW,HN,2020,1.622836376932
SP.POP.GROW,HN,2019,1.68069668453135
SP.POP.GROW,HN,2018,1.7097289071087
SP.POP.GROW,HN,2017,1.73985038012617
SP.POP.GROW,HN,2016,1.77333693683233
SP.POP.GROW,HN,2015,1.8093624065659
SP.POP.GROW,HN,2014,1.84861910603263
SP.POP.GROW,HN,2013,1.89595914681821
SP.POP.GROW,HN,2012,1.95084289919704
SP.POP.GROW,HN,2011,2.00986802562652
SP.POP.GROW,HN,2010,2.07597795876773
SP.POP.GROW,HN,2009,2.14336495538161
SP.POP.GROW,HN,2008,2.21289893099486
SP.POP.GROW,HN,2007,2.28811343765187
SP.POP.GROW,HN,2006,2.35921073577649
SP.POP.GROW,HN,2005,2.42460040894439
SP.POP.GROW,HN,2004,2.48929432977264
SP.POP.GROW,HN,2003,2.5592129363433
SP.POP.GROW,HN,2002,2.62751491094002
SP.POP.GROW,HN,2001,2.68473415634022
SP.POP.GROW,HN,2000,2.73138300029784
SP.POP.GROW,HN,1999,2.64099963918582
SP.POP.GROW,HN,1998,2.64095706252099
SP.POP.GROW,HN,1997,2.7650746444425
SP.POP.GROW,HN,1996,2.77755908396057
SP.POP.GROW,HN,1995,2.78931851535589
SP.POP.GROW,HT,2023,1.19922882982183
SP.POP.GROW,HT,2022,1.19334195623455
SP.POP.GROW,HT,2021,1.23729899666313
SP.POP.GROW,HT,2020,1.30291995864045
SP.POP.GROW,HT,2019,1.33513859245585
SP.POP.GROW,HT,2018,1.36113131762731
SP.POP.GROW,HT,2017,1.38753007437198
SP.POP.GROW,HT,2016,1.41082121304761
SP.POP.GROW,HT,2015,1.43989350727897
SP.POP.GROW,HT,2014,1.46596797524852
SP.POP.GROW,HT,2013,1.49898644905428
SP.POP.GROW,HT,2012,1.53746880756048
SP.POP.GROW,HT,2011,1.12574729606877
SP.POP.GROW,HT,2010,1.1468886718608
SP.POP.GROW,HT,2009,1.6098133370454
SP.POP.GROW,HT,2008,1.62585605595915
SP.POP.GROW,HT,2007,1.65399026348443
SP.POP.GROW,HT,2006,1.68016163386105
SP.POP.GROW,HT,2005,1.66448553299086
SP.POP.GROW,HT,2004,1.67941646661672
SP.POP.GROW,HT,2003,1.72490029683628
SP.POP.GROW,HT,2002,1.744825137965
SP.POP.GROW,HT,2001,1.79596365914658
SP.POP.GROW,HT,2000,1.82614145032597
SP.POP.GROW,HT,1999,1.81992095136481
SP.POP.GROW,HT,1998,1.82432926055518
SP.POP.GROW,HT,1997,1.84349433438618
SP.POP.GROW,HT,1996,1.861046656428
SP.POP.GROW,HT,1995,1.86892486465026
SP.POP.GROW,IN,2023,0.805014301342575
SP.POP.GROW,IN,2022,0.680372581057012
SP.POP.GROW,IN,2021,0.797216093898126
SP.POP.GROW,IN,2020,0.95522085775158
SP.POP.GROW,IN,2019,1.02531077187097
SP.POP.GROW,IN,2018,1.08752772157855
SP.POP.GROW,IN,2017,1.15562449067646
SP.POP.GROW,IN,2016,1.18504622906796
SP.POP.GROW,IN,2015,1.18779532005068
SP.POP.GROW,IN,2014,1.24036218382689
SP.POP.GROW,IN,2013,1.29754883539168
SP.POP.GROW,IN,2012,1.33219204981494
SP.POP.GROW,IN,2011,1.36158808453343
SP.POP.GROW,IN,2010,1.37759581159767
SP.POP.GROW,IN,2009,1.39119493033754
SP.POP.GROW,IN,2008,1.42239150883577
SP.POP.GROW,IN,2007,1.46637175001498
SP.POP.GROW,IN,2006,1.52430796041014
SP.POP.GROW,IN,2005,1.60412916927926
SP.POP.GROW,IN,2004,1.67281087022876
SP.POP.GROW,IN,2003,1.72426903226703
SP.POP.GROW,IN,2002,1.77676787418134
SP.POP.GROW,IN,2001,1.80844642123748
SP.POP.GROW,IN,2000,1.82218400218023
SP.POP.GROW,IN,1999,1.8493332514954
SP.POP.GROW,IN,1998,1.88755786468172
SP.POP.GROW,IN,1997,1.91926259528322
SP.POP.GROW,IN,1996,1.95143550144522
SP.POP.GROW,IN,1995,1.99187122902055
SP.POP.GROW,JO,2023,0.452488759778546
SP.POP.GROW,JO,2022,1.22663656612596
SP.POP.GROW,JO,2021,1.98907685592122
SP.POP.GROW,JO,2020,2.12736281777905
SP.POP.GROW,JO,2019,2.25750975365016
SP.POP.GROW,JO,2018,2.36510265786667
SP.POP.GROW,JO,2017,2.48500934190509
SP.POP.GROW,JO,2016,4.83585013508326
SP.POP.GROW,JO,2015,9.21991788769051
SP.POP.GROW,JO,2014,11.7940156559538
SP.POP.GROW,JO,2013,6.48192864156847
SP.POP.GROW,JO,2012,1.42278781713891
SP.POP.GROW,JO,2011,2.54581045628308
SP.POP.GROW,JO,2010,2.19915131357546
SP.POP.GROW,JO,2009,2.20117695037558
SP.POP.GROW,JO,2008,2.43277656402626
SP.POP.GROW,JO,2007,6.34380871094335
SP.POP.GROW,JO,2006,6.75790900912969
SP.POP.GROW,JO,2005,2.60672257408209
SP.POP.GROW,JO,2004,2.49462542491271
SP.POP.GROW,JO,2003,2.26000934810202
SP.POP.GROW,JO,2002,2.1501680651457
SP.POP.GROW,JO,2001,2.09677758965608
SP.POP.GROW,JO,2000,2.10659408273097
SP.POP.GROW,JO,1999,2.17201120457383
SP.POP.GROW,JO,1998,2.31242740294799
SP.POP.GROW,JO,1997,2.67591298839406
SP.POP.GROW,JO,1996,3.31966384276846
SP.POP.GROW,JO,1995,4.12195625087521
SP.POP.GROW,KE,2023,1.96674157342146
SP.POP.GROW,KE,2022,1.90951031059953
SP.POP.GROW,KE,2021,1.94276128252757
SP.POP.GROW,KE,2020,2.00970011079671
SP.POP.GROW,KE,2019,1.97845694844255
SP.POP.GROW,KE,2018,2.03273400450275
SP.POP.GROW,KE,2017,2.17570842690355
SP.POP.GROW,KE,2016,2.20214556198549
SP.POP.GROW,KE,2015,2.20032211952888
SP.POP.GROW,KE,2014,2.2941780158286
SP.POP.GROW,KE,2013,2.40993136403743
SP.POP.GROW,KE,2012,2.52595644302294
SP.POP.GROW,KE,2011,2.65543505812038
SP.POP.GROW,KE,2010,2.8175240671163
SP.POP.GROW,KE,2009,2.96069187652137
SP.POP.GROW,KE,2008,2.97884515479232
SP.POP.GROW,KE,2007,2.96582480091057
SP.POP.GROW,KE,2006,2.97471111652036
SP.POP.GROW,KE,2005,2.97658073983056
SP.POP.GROW,KE,2004,2.98951543624097
SP.POP.GROW,KE,2003,2.96744335273422
SP.POP.GROW,KE,2002,3.03360977756994
SP.POP.GROW,KE,2001,3.02882685482353
SP.POP.GROW,KE,2000,2.91544684198394
SP.POP.GROW,KE,1999,2.80126932153904
SP.POP.GROW,KE,1998,2.68916027366031
SP.POP.GROW,KE,1997,2.67442877916419
SP.POP.GROW,KE,1996,2.70647369514666
SP.POP.GROW,KE,1995,2.8093665377808
SP.POP.GROW,KG,2023,1.78894630690457
SP.POP.GROW,KG,2022,2.93148141736729
SP.POP.GROW,KG,2021,2.89836288600667
SP.POP.GROW,KG,2020,1.89786382312175
SP.POP.GROW,KG,2019,2.08787614010317
SP.POP.GROW,KG,2018,1.99032207024617
SP.POP.GROW,KG,2017,1.93364715643057
SP.POP.GROW,KG,2016,2.0372244221997
SP.POP.GROW,KG,2015,2.05902596620676
SP.POP.GROW,KG,2014,2.0061078993716
SP.POP.GROW,KG,2013,1.98473866725772
SP.POP.GROW,KG,2012,1.66523655939962
SP.POP.GROW,KG,2011,1.21689072909974
SP.POP.GROW,KG,2010,1.19286442880631
SP.POP.GROW,KG,2009,1.20726564406139
SP.POP.GROW,KG,2008,0.950220144755314
SP.POP.GROW,KG,2007,0.953586964300523
SP.POP.GROW,KG,2006,1.07505129401544
SP.POP.GROW,KG,2005,1.12786445855189
SP.POP.GROW,KG,2004,1.21010542490902
SP.POP.GROW,KG,2003,1.0484449238834
SP.POP.GROW,KG,2002,0.917899316903102
SP.POP.GROW,KG,2001,0.948856613551314
SP.POP.GROW,KG,2000,1.19112592398474
SP.POP.GROW,KG,1999,1.48607226256731
SP.POP.GROW,KG,1998,1.53403815421676
SP.POP.GROW,KG,1997,1.45850217538744
SP.POP.GROW,KG,1996,1.48008970426178
SP.POP.GROW,KG,1995,0.998300395950931
SP.POP.GROW,KH,2023,1.04996511061926
SP.POP.GROW,KH,2022,1.07216738142292
SP.POP.GROW,KH,2021,1.16513584860257
SP.POP.GROW,KH,2020,1.16005769739725
SP.POP.GROW,KH,2019,1.13244216195679
SP.POP.GROW,KH,2018,1.22144565921597
SP.POP.GROW,KH,2017,1.3104826630319
SP.POP.GROW,KH,2016,1.33408515743887
SP.POP.GROW,KH,2015,1.34979002036239
SP.POP.GROW,KH,2014,1.3977751944463
SP.POP.GROW,KH,2013,1.43049971596447
SP.POP.GROW,KH,2012,1.44928419333369
SP.POP.GROW,KH,2011,1.4538734073168
SP.POP.GROW,KH,2010,1.45722988351436
SP.POP.GROW,KH,2009,1.50789194873236
SP.POP.GROW,KH,2008,1.65663905731394
SP.POP.GROW,KH,2007,1.74325561857738
SP.POP.GROW,KH,2006,1.73026969167735
SP.POP.GROW,KH,2005,1.75317594902836
SP.POP.GROW,KH,2004,1.77233194606874
SP.POP.GROW,KH,2003,1.78257622928652
SP.POP.GROW,KH,2002,1.79592987916956
SP.POP.GROW,KH,2001,1.79381433398266
SP.POP.GROW,KH,2000,1.83064817889597
SP.POP.GROW,KH,1999,1.95125157344804
SP.POP.GROW,KH,1998,2.05636127552475
SP.POP.GROW,KH,1997,2.20186668030533
SP.POP.GROW,KH,1996,2.38073259847866
SP.POP.GROW,KH,1995,2.62750839404899
SP.POP.GROW,KI,2023,1.72470818693557
SP.POP.GROW,KI,2022,1.81315663594675
SP.POP.GROW,KI,2021,1.88854075847608
SP.POP.GROW,KI,2020,1.77265475198411
SP.POP.GROW,KI,2019,1.60651238884126
SP.POP.GROW,KI,2018,1.56542354171621
SP.POP.GROW,KI,2017,1.54812092405828
SP.POP.GROW,KI,2016,1.53561388437723
SP.POP.GROW,KI,2015,1.48648352823644
SP.POP.GROW,KI,2014,1.46654343733585
SP.POP.GROW,KI,2013,1.50539234360214
SP.POP.GROW,KI,2012,1.57753769269312
SP.POP.GROW,KI,2011,1.72220205807577
SP.POP.GROW,KI,2010,1.86835722052213
SP.POP.GROW,KI,2009,1.93374349375449
SP.POP.GROW,KI,2008,1.9110717364553
SP.POP.GROW,KI,2007,1.89533635203291
SP.POP.GROW,KI,2006,1.93602923599118
SP.POP.GROW,KI,2005,1.99607425625382
SP.POP.GROW,KI,2004,2.01764084838712
SP.POP.GROW,KI,2003,2.03754196746088
SP.POP.GROW,KI,2002,2.04346451592179
SP.POP.GROW,KI,2001,1.90129335529483
SP.POP.GROW,KI,2000,1.74549473198221
SP.POP.GROW,KI,1999,1.71471727613839
SP.POP.GROW,KI,1998,1.76005201794657
SP.POP.GROW,KI,1997,1.76622995152552
SP.POP.GROW,KI,1996,1.64445959258351
SP.POP.GROW,KI,1995,1.50486626103987
SP.POP.GROW,LA,2023,1.37576862016302
SP.POP.GROW,LA,2022,1.39649568386606
SP.POP.GROW,LA,2021,1.43321406495938
SP.POP.GROW,LA,2020,1.47745666003059
SP.POP.GROW,LA,2019,1.49540481526456
SP.POP.GROW,LA,2018,1.51870726808495
SP.POP.GROW,LA,2017,1.53436449506028
SP.POP.GROW,LA,2016,1.51981369057872
SP.POP.GROW,LA,2015,1.42395616494124
SP.POP.GROW,LA,2014,1.36491228821043
SP.POP.GROW,LA,2013,1.40264986092754
SP.POP.GROW,LA,2012,1.43097327467587
SP.POP.GROW,LA,2011,1.45859508479977
SP.POP.GROW,LA,2010,1.4894787970459
SP.POP.GROW,LA,2009,1.52146861670776
SP.POP.GROW,LA,2008,1.55232447601189
SP.POP.GROW,LA,2007,1.58087153393389
SP.POP.GROW,LA,2006,1.58692257953256
SP.POP.GROW,LA,2005,1.45948723125249
SP.POP.GROW,LA,2004,1.38084411454621
SP.POP.GROW,LA,2003,1.46904422700425
SP.POP.GROW,LA,2002,1.55306898212099
SP.POP.GROW,LA,2001,1.62285673222063
SP.POP.GROW,LA,2000,1.68600720393729
SP.POP.GROW,LA,1999,1.75945208519293
SP.POP.GROW,LA,1998,1.85404437177053
SP.POP.GROW,LA,1997,2.09188072418956
SP.POP.GROW,LA,1996,2.33644081489273
SP.POP.GROW,LA,1995,2.45471620036543
SP.POP.GROW,LB,2023,-2.50498427319778
SP.POP.GROW,LB,2022,-1.85691249289585
SP.POP.GROW,LB,2021,-1.24903516691702
SP.POP.GROW,LB,2020,-2.07933690590844
SP.POP.GROW,LB,2019,-2.87986589552119
SP.POP.GROW,LB,2018,-2.62721254105458
SP.POP.GROW,LB,2017,-2.4155210315248
SP.POP.GROW,LB,2016,-2.2172797902348
SP.POP.GROW,LB,2015,1.96637326864653
SP.POP.GROW,LB,2014,9.97196954242858
SP.POP.GROW,LB,2013,9.22649612823576
SP.POP.GROW,LB,2012,2.60752084121081
SP.POP.GROW,LB,2011,0.98111944066669
SP.POP.GROW,LB,2010,0.898071621012191
SP.POP.GROW,LB,2009,1.29127979774658
SP.POP.GROW,LB,2008,1.60884613336982
SP.POP.GROW,LB,2007,1.88355982920981
SP.POP.GROW,LB,2006,1.64097999986534
SP.POP.GROW,LB,2005,1.48078594660326
SP.POP.GROW,LB,2004,1.54172773032086
SP.POP.GROW,LB,2003,1.29904469608094
SP.POP.GROW,LB,2002,1.30076237598121
SP.POP.GROW,LB,2001,1.57429758089142
SP.POP.GROW,LB,2000,1.6480313517987
SP.POP.GROW,LB,1999,1.69033936841079
SP.POP.GROW,LB,1998,1.71933079596685
SP.POP.GROW,LB,1997,1.80083114688498
SP.POP.GROW,LB,1996,1.86655636519815
SP.POP.GROW,LB,1995,1.82211890936227
SP.POP.GROW,LR,2023,2.15837823978606
SP.POP.GROW,LR,2022,2.08208722249815
SP.POP.GROW,LR,2021,2.05886078022756
SP.POP.GROW,LR,2020,2.03116860337744
SP.POP.GROW,LR,2019,1.94236198013985
SP.POP.GROW,LR,2018,1.91539593694733
SP.POP.GROW,LR,2017,1.90548944068251
SP.POP.GROW,LR,2016,2.01259665687601
SP.POP.GROW,LR,2015,2.03541363752766
SP.POP.GROW,LR,2014,2.05859453753694
SP.POP.GROW,LR,2013,2.18235448876975
SP.POP.GROW,LR,2012,3.53829805549154
SP.POP.GROW,LR,2011,3.93153710180299
SP.POP.GROW,LR,2010,2.89962727401251
SP.POP.GROW,LR,2009,3.15228963928178
SP.POP.GROW,LR,2008,4.07646036851064
SP.POP.GROW,LR,2007,5.00498279274666
SP.POP.GROW,LR,2006,5.62739999338956
SP.POP.GROW,LR,2005,4.50463673233063
SP.POP.GROW,LR,2004,1.20092557138433
SP.POP.GROW,LR,2003,0.799708513941131
SP.POP.GROW,LR,2002,2.61344806491648
SP.POP.GROW,LR,2001,2.94136849764656
SP.POP.GROW,LR,2000,3.71130059206802
SP.POP.GROW,LR,1999,5.54645423394803
SP.POP.GROW,LR,1998,10.1998852629619
SP.POP.GROW,LR,1997,7.82276172516147
SP.POP.GROW,LR,1996,2.83214999149979
SP.POP.GROW,LR,1995,0.807199025309224
SP.POP.GROW,LK,2023,-0.651320770103285
SP.POP.GROW,LK,2022,0.112772639779474
SP.POP.GROW,LK,2021,1.07544995696428
SP.POP.GROW,LK,2020,0.530626559530355
SP.POP.GROW,LK,2019,0.611875945764341
SP.POP.GROW,LK,2018,0.755904689076255
SP.POP.GROW,LK,2017,0.378824726327831
SP.POP.GROW,LK,2016,0.415306725656826
SP.POP.GROW,LK,2015,0.45678230624613
SP.POP.GROW,LK,2014,0.508369830959759
SP.POP.GROW,LK,2013,0.543830440686779
SP.POP.GROW,LK,2012,0.751749909210563
SP.POP.GROW,LK,2011,0.920756933062761
SP.POP.GROW,LK,2010,0.904381981259747
SP.POP.GROW,LK,2009,0.965634566813524
SP.POP.GROW,LK,2008,1.02560839468499
SP.POP.GROW,LK,2007,1.04107236247173
SP.POP.GROW,LK,2006,0.995543083594748
SP.POP.GROW,LK,2005,0.936752886822428
SP.POP.GROW,LK,2004,0.965377800187379
SP.POP.GROW,LK,2003,1.00210952728229
SP.POP.GROW,LK,2002,1.00146555030075
SP.POP.GROW,LK,2001,0.763488078116277
SP.POP.GROW,LK,2000,0.565924638324724
SP.POP.GROW,LK,1999,0.588824911399156
SP.POP.GROW,LK,1998,0.603488664199439
SP.POP.GROW,LK,1997,0.68866951973823
SP.POP.GROW,LK,1996,0.794161380909098
SP.POP.GROW,LK,1995,0.916453688368816
SP.POP.GROW,LS,2023,1.05662089697663
SP.POP.GROW,LS,2022,1.06255709738439
SP.POP.GROW,LS,2021,1.2062178802275
SP.POP.GROW,LS,2020,1.26784087310275
SP.POP.GROW,LS,2019,1.25167812193172
SP.POP.GROW,LS,2018,1.25441313204544
SP.POP.GROW,LS,2017,1.2397919001165
SP.POP.GROW,LS,2016,1.18953362244047
SP.POP.GROW,LS,2015,1.10491438799432
SP.POP.GROW,LS,2014,1.02193622193702
SP.POP.GROW,LS,2013,0.931108535565663
SP.POP.GROW,LS,2012,0.832817872899488
SP.POP.GROW,LS,2011,0.735394495013464
SP.POP.GROW,LS,2010,0.673528482706333
SP.POP.GROW,LS,2009,0.707013588718218
SP.POP.GROW,LS,2008,0.580575262050289
SP.POP.GROW,LS,2007,0.337605696087044
SP.POP.GROW,LS,2006,-0.0325729277343265
SP.POP.GROW,LS,2005,-0.401735875452327
SP.POP.GROW,LS,2004,-0.384374749020571
SP.POP.GROW,LS,2003,-0.22573259882656
SP.POP.GROW,LS,2002,-0.0970226047692506
SP.POP.GROW,LS,2001,0.0421699997470092
SP.POP.GROW,LS,2000,0.219741612882212
SP.POP.GROW,LS,1999,0.432375301790158
SP.POP.GROW,LS,1998,0.659895306055731
SP.POP.GROW,LS,1997,0.890150357476258
SP.POP.GROW,LS,1996,1.08090758779064
SP.POP.GROW,LS,1995,1.2191932944884
SP.POP.GROW,MA,2023,1.01483758667745
SP.POP.GROW,MA,2022,1.02339197878946
SP.POP.GROW,MA,2021,1.05148431222073
SP.POP.GROW,MA,2020,1.05316017914606
SP.POP.GROW,MA,2019,1.04358412669917
SP.POP.GROW,MA,2018,1.1178970270223
SP.POP.GROW,MA,2017,1.1916294240897
SP.POP.GROW,MA,2016,1.22317023430594
SP.POP.GROW,MA,2015,1.25305827289905
SP.POP.GROW,MA,2014,1.3080629397791
SP.POP.GROW,MA,2013,1.34423384293623
SP.POP.GROW,MA,2012,1.35377246657382
SP.POP.GROW,MA,2011,1.34266554348538
SP.POP.GROW,MA,2010,1.30835154510463
SP.POP.GROW,MA,2009,1.28110624620562
SP.POP.GROW,MA,2008,1.28003720148764
SP.POP.GROW,MA,2007,1.28772191974814
SP.POP.GROW,MA,2006,1.30947924386268
SP.POP.GROW,MA,2005,1.31905268782034
SP.POP.GROW,MA,2004,1.2458784781145
SP.POP.GROW,MA,2003,1.21926266518875
SP.POP.GROW,MA,2002,1.27670558488657
SP.POP.GROW,MA,2001,1.30709067761953
SP.POP.GROW,MA,2000,1.33056292746569
SP.POP.GROW,MA,1999,1.37640231495404
SP.POP.GROW,MA,1998,1.43040873226662
SP.POP.GROW,MA,1997,1.46345525327148
SP.POP.GROW,MA,1996,1.4927847173982
SP.POP.GROW,MA,1995,1.50568181853375
SP.POP.GROW,MG,2023,2.38265667508188
SP.POP.GROW,MG,2022,2.37869514981706
SP.POP.GROW,MG,2021,2.41686937370051
SP.POP.GROW,MG,2020,2.48242289292055
SP.POP.GROW,MG,2019,2.52531662828285
SP.POP.GROW,MG,2018,2.55407704067255
SP.POP.GROW,MG,2017,2.58416485189804
SP.POP.GROW,MG,2016,2.58601148442291
SP.POP.GROW,MG,2015,2.58818714317603
SP.POP.GROW,MG,2014,2.6271377711217
SP.POP.GROW,MG,2013,2.67158913972617
SP.POP.GROW,MG,2012,2.72814099743688
SP.POP.GROW,MG,2011,2.80016501090231
SP.POP.GROW,MG,2010,2.86594914827117
SP.POP.GROW,MG,2009,2.8994727895916
SP.POP.GROW,MG,2008,2.91149152987358
SP.POP.GROW,MG,2007,2.92652452166253
SP.POP.GROW,MG,2006,2.92675246207207
SP.POP.GROW,MG,2005,2.92328568439833
SP.POP.GROW,MG,2004,2.9270346495312
SP.POP.GROW,MG,2003,2.93341631578179
SP.POP.GROW,MG,2002,2.96156859041379
SP.POP.GROW,MG,2001,2.99623070466098
SP.POP.GROW,MG,2000,3.03990100767654
SP.POP.GROW,MG,1999,3.0985230327836
SP.POP.GROW,MG,1998,3.14400562356494
SP.POP.GROW,MG,1997,3.17213384146486
SP.POP.GROW,MG,1996,3.18132685558576
SP.POP.GROW,MG,1995,3.17194065075098
SP.POP.GROW,ML,2023,3.05166141549371
SP.POP.GROW,ML,2022,3.09520925424978
SP.POP.GROW,ML,2021,3.15796436945004
SP.POP.GROW,ML,2020,3.14260365885334
SP.POP.GROW,ML,2019,3.12666991376831
SP.POP.GROW,ML,2018,3.17485008918529
SP.POP.GROW,ML,2017,3.21640725807966
SP.POP.GROW,ML,2016,3.1904414229907
SP.POP.GROW,ML,2015,3.14674716699948
SP.POP.GROW,ML,2014,3.17067551792802
SP.POP.GROW,ML,2013,2.92004450187922
SP.POP.GROW,ML,2012,2.91810874359862
SP.POP.GROW,ML,2011,3.23481196285064
SP.POP.GROW,ML,2010,3.2497394697786
SP.POP.GROW,ML,2009,3.2555744003116
SP.POP.GROW,ML,2008,3.28476390707979
SP.POP.GROW,ML,2007,3.30208691127537
SP.POP.GROW,ML,2006,3.30569182799157
SP.POP.GROW,ML,2005,3.30546040144123
SP.POP.GROW,ML,2004,3.26662811589565
SP.POP.GROW,ML,2003,3.20676010440896
SP.POP.GROW,ML,2002,3.13442055916044
SP.POP.GROW,ML,2001,3.02107830973822
SP.POP.GROW,ML,2000,2.90782929642605
SP.POP.GROW,ML,1999,2.75368243522379
SP.POP.GROW,ML,1998,2.48989782313008
SP.POP.GROW,ML,1997,2.21953089527186
SP.POP.GROW,ML,1996,2.10262570856693
SP.POP.GROW,ML,1995,2.13218653524473
SP.POP.GROW,MM,2023,0.733178876221607
SP.POP.GROW,MM,2022,0.706117426957398
SP.POP.GROW,MM,2021,0.699278204168444
SP.POP.GROW,MM,2020,0.71947282559554
SP.POP.GROW,MM,2019,0.70799909760206
SP.POP.GROW,MM,2018,0.719693108790769
SP.POP.GROW,MM,2017,0.760205959612812
SP.POP.GROW,MM,2016,0.790127200535222
SP.POP.GROW,MM,2015,0.802515042929721
SP.POP.GROW,MM,2014,0.833860100341235
SP.POP.GROW,MM,2013,0.852912565826152
SP.POP.GROW,MM,2012,0.847223411648512
SP.POP.GROW,MM,2011,0.81369995783056
SP.POP.GROW,MM,2010,0.7624548830356
SP.POP.GROW,MM,2009,0.585912068881096
SP.POP.GROW,MM,2008,0.584181978347596
SP.POP.GROW,MM,2007,0.740412549138029
SP.POP.GROW,MM,2006,0.759407839480453
SP.POP.GROW,MM,2005,0.812150802847322
SP.POP.GROW,MM,2004,0.878726142111789
SP.POP.GROW,MM,2003,0.95084548671382
SP.POP.GROW,MM,2002,1.00634119882684
SP.POP.GROW,MM,2001,1.0409216084204
SP.POP.GROW,MM,2000,1.09671263838614
SP.POP.GROW,MM,1999,1.17344755282764
SP.POP.GROW,MM,1998,1.22987170753621
SP.POP.GROW,MM,1997,1.2556361424304
SP.POP.GROW,MM,1996,1.25878979723184
SP.POP.GROW,MM,1995,1.27458716499467
SP.POP.GROW,MZ,2023,2.77535206169073
SP.POP.GROW,MZ,2022,2.7441930613512
SP.POP.GROW,MZ,2021,2.84211234895462
SP.POP.GROW,MZ,2020,2.90481965930954
SP.POP.GROW,MZ,2019,2.88656653514774
SP.POP.GROW,MZ,2018,2.94688715052533
SP.POP.GROW,MZ,2017,3.1031851393148
SP.POP.GROW,MZ,2016,3.12915549916881
SP.POP.GROW,MZ,2015,3.04301971715626
SP.POP.GROW,MZ,2014,3.0689338689503
SP.POP.GROW,MZ,2013,3.07273916417179
SP.POP.GROW,MZ,2012,3.01461029926612
SP.POP.GROW,MZ,2011,2.93267756135951
SP.POP.GROW,MZ,2010,2.79982093572927
SP.POP.GROW,MZ,2009,2.66980274555
SP.POP.GROW,MZ,2008,2.62064294405699
SP.POP.GROW,MZ,2007,2.59213192117964
SP.POP.GROW,MZ,2006,2.5637800990406
SP.POP.GROW,MZ,2005,2.5897761215382
SP.POP.GROW,MZ,2004,2.6114744795382
SP.POP.GROW,MZ,2003,2.59669251607104
SP.POP.GROW,MZ,2002,2.56940314170631
SP.POP.GROW,MZ,2001,2.51316804647212
SP.POP.GROW,MZ,2000,2.45330550582502
SP.POP.GROW,MZ,1999,2.42092868728063
SP.POP.GROW,MZ,1998,2.40090451378223
SP.POP.GROW,MZ,1997,2.71276561444166
SP.POP.GROW,MZ,1996,3.06090157864062
SP.POP.GROW,MZ,1995,4.47146493859959
SP.POP.GROW,MR,2023,2.6431022627714
SP.POP.GROW,MR,2022,2.59160126770452
SP.POP.GROW,MR,2021,2.55391077109444
SP.POP.GROW,MR,2020,2.58400208033153
SP.POP.GROW,MR,2019,2.6146547551014
SP.POP.GROW,MR,2018,2.62618780349529
SP.POP.GROW,MR,2017,2.63352411058118
SP.POP.GROW,MR,2016,2.64252802228661
SP.POP.GROW,MR,2015,2.64595710222511
SP.POP.GROW,MR,2014,2.64221126030642
SP.POP.GROW,MR,2013,2.89612211417799
SP.POP.GROW,MR,2012,3.12478900195865
SP.POP.GROW,MR,2011,3.01844276057634
SP.POP.GROW,MR,2010,2.87305118502029
SP.POP.GROW,MR,2009,2.72380028814205
SP.POP.GROW,MR,2008,2.49989376010022
SP.POP.GROW,MR,2007,2.31869406123366
SP.POP.GROW,MR,2006,2.26047186619935
SP.POP.GROW,MR,2005,2.20803458075482
SP.POP.GROW,MR,2004,2.16989899804321
SP.POP.GROW,MR,2003,2.16038855352539
SP.POP.GROW,MR,2002,2.14496344480591
SP.POP.GROW,MR,2001,2.4491651403647
SP.POP.GROW,MR,2000,2.79918208413242
SP.POP.GROW,MR,1999,2.71176862308068
SP.POP.GROW,MR,1998,2.63077363875871
SP.POP.GROW,MR,1997,2.25781782604059
SP.POP.GROW,MR,1996,2.01601410816646
SP.POP.GROW,MR,1995,2.7751565196712
SP.POP.GROW,MW,2023,2.54716886319793
SP.POP.GROW,MW,2022,2.5591382705715
SP.POP.GROW,MW,2021,2.61141776637435
SP.POP.GROW,MW,2020,2.66577178304392
SP.POP.GROW,MW,2019,2.68285756018368
SP.POP.GROW,MW,2018,2.68556142714987
SP.POP.GROW,MW,2017,2.69546636843743
SP.POP.GROW,MW,2016,2.71781408401004
SP.POP.GROW,MW,2015,2.75911370133102
SP.POP.GROW,MW,2014,2.78881323875244
SP.POP.GROW,MW,2013,2.80676296771096
SP.POP.GROW,MW,2012,2.83256555379816
SP.POP.GROW,MW,2011,2.86427704641241
SP.POP.GROW,MW,2010,2.89150573052371
SP.POP.GROW,MW,2009,2.90572339354206
SP.POP.GROW,MW,2008,2.87740603419066
SP.POP.GROW,MW,2007,2.83448193292953
SP.POP.GROW,MW,2006,2.80345816457226
SP.POP.GROW,MW,2005,2.736342194188
SP.POP.GROW,MW,2004,2.64004024351051
SP.POP.GROW,MW,2003,2.54253905729233
SP.POP.GROW,MW,2002,2.45406914818211
SP.POP.GROW,MW,2001,2.3710066148072
SP.POP.GROW,MW,2000,2.30093521781424
SP.POP.GROW,MW,1999,2.22524077408069
SP.POP.GROW,MW,1998,2.06904640317321
SP.POP.GROW,MW,1997,1.94164482465729
SP.POP.GROW,MW,1996,1.93619787814188
SP.POP.GROW,MW,1995,-0.187536345478363
SP.POP.GROW,NE,2023,3.72576598230791
SP.POP.GROW,NE,2022,3.71298781842953
SP.POP.GROW,NE,2021,3.70742378461307
SP.POP.GROW,NE,2020,3.72710072523223
SP.POP.GROW,NE,2019,3.76544488542259
SP.POP.GROW,NE,2018,3.78759649907003
SP.POP.GROW,NE,2017,3.82693398223338
SP.POP.GROW,NE,2016,3.86709120542471
SP.POP.GROW,NE,2015,3.82885938381233
SP.POP.GROW,NE,2014,3.78117877025801
SP.POP.GROW,NE,2013,3.81820594100195
SP.POP.GROW,NE,2012,3.810576036689
SP.POP.GROW,NE,2011,3.74672017840573
SP.POP.GROW,NE,2010,3.73070315116356
SP.POP.GROW,NE,2009,3.70117077417358
SP.POP.GROW,NE,2008,3.67254476327787
SP.POP.GROW,NE,2007,3.64120636284668
SP.POP.GROW,NE,2006,3.61442583471313
SP.POP.GROW,NE,2005,3.58817494323712
SP.POP.GROW,NE,2004,3.54918298730086
SP.POP.GROW,NE,2003,3.50446100307726
SP.POP.GROW,NE,2002,3.47215473567164
SP.POP.GROW,NE,2001,3.45653213318518
SP.POP.GROW,NE,2000,3.42375005583503
SP.POP.GROW,NE,1999,3.41011370974371
SP.POP.GROW,NE,1998,3.37956145442033
SP.POP.GROW,NE,1997,3.33553203112791
SP.POP.GROW,NE,1996,3.36659163498146
SP.POP.GROW,NE,1995,3.32127674930526
SP.POP.GROW,NG,2023,2.37988826918731
SP.POP.GROW,NG,2022,2.38000715491565
SP.POP.GROW,NG,2021,2.40636338101405
SP.POP.GROW,NG,2020,2.44060888477318
SP.POP.GROW,NG,2019,2.44820069834557
SP.POP.GROW,NG,2018,2.49664490408847
SP.POP.GROW,NG,2017,2.52731691971774
SP.POP.GROW,NG,2016,2.50703408562558
SP.POP.GROW,NG,2015,2.54118746244735
SP.POP.GROW,NG,2014,2.6281238528085
SP.POP.GROW,NG,2013,2.69747404339158
SP.POP.GROW,NG,2012,2.74928887763244
SP.POP.GROW,NG,2011,2.76406237855304
SP.POP.GROW,NG,2010,2.74437885223698
SP.POP.GROW,NG,2009,2.72738484297876
SP.POP.GROW,NG,2008,2.7196868027914
SP.POP.GROW,NG,2007,2.70962693730599
SP.POP.GROW,NG,2006,2.69592582302795
SP.POP.GROW,NG,2005,2.69369341754265
SP.POP.GROW,NG,2004,2.69550346507859
SP.POP.GROW,NG,2003,2.69276790616125
SP.POP.GROW,NG,2002,2.68288995606035
SP.POP.GROW,NG,2001,2.65126549448063
SP.POP.GROW,NG,2000,2.60286876961431
SP.POP.GROW,NG,1999,2.54261988693615
SP.POP.GROW,NG,1998,2.51603389644629
SP.POP.GROW,NG,1997,2.52296474517798
SP.POP.GROW,NG,1996,2.52685259419513
SP.POP.GROW,NG,1995,2.55718979815601
SP.POP.GROW,NI,2023,1.39938096442621
SP.POP.GROW,NI,2022,1.41827846169398
SP.POP.GROW,NI,2021,1.39120241997296
SP.POP.GROW,NI,2020,1.37069568464204
SP.POP.GROW,NI,2019,1.38548472522896
SP.POP.GROW,NI,2018,1.40510472256985
SP.POP.GROW,NI,2017,1.41880628469208
SP.POP.GROW,NI,2016,1.42874739634574
SP.POP.GROW,NI,2015,1.43794002440995
SP.POP.GROW,NI,2014,1.44870479177075
SP.POP.GROW,NI,2013,1.46129517647149
SP.POP.GROW,NI,2012,1.47088300051398
SP.POP.GROW,NI,2011,1.4717486887592
SP.POP.GROW,NI,2010,1.4638532507888
SP.POP.GROW,NI,2009,1.44691351664322
SP.POP.GROW,NI,2008,1.4217078710387
SP.POP.GROW,NI,2007,1.39429680103578
SP.POP.GROW,NI,2006,1.36800486065092
SP.POP.GROW,NI,2005,1.26291919571256
SP.POP.GROW,NI,2004,1.1795695481415
SP.POP.GROW,NI,2003,1.21066661820809
SP.POP.GROW,NI,2002,1.26759174707907
SP.POP.GROW,NI,2001,1.34825800349086
SP.POP.GROW,NI,2000,1.44194534225615
SP.POP.GROW,NI,1999,1.50287682750751
SP.POP.GROW,NI,1998,1.59245325625362
SP.POP.GROW,NI,1997,1.72167337352435
SP.POP.GROW,NI,1996,1.89766474581677
SP.POP.GROW,NI,1995,2.06848169480527
SP.POP.GROW,NP,2023,1.13603537496157
SP.POP.GROW,NP,2022,1.69224660146888
SP.POP.GROW,NP,2021,2.31172371212952
SP.POP.GROW,NP,2020,1.77426805557613
SP.POP.GROW,NP,2019,1.13635160669166
SP.POP.GROW,NP,2018,1.1405493652354
SP.POP.GROW,NP,2017,1.14995372279388
SP.POP.GROW,NP,2016,0.90447404681918
SP.POP.GROW,NP,2015,0.538270619899636
SP.POP.GROW,NP,2014,0.293747924382451
SP.POP.GROW,NP,2013,0.185921856916927
SP.POP.GROW,NP,2012,0.235525469173116
SP.POP.GROW,NP,2011,0.385214210038506
SP.POP.GROW,NP,2010,0.496881283325948
SP.POP.GROW,NP,2009,0.539422885134866
SP.POP.GROW,NP,2008,0.626509658660505
SP.POP.GROW,NP,2007,0.731449423498353
SP.POP.GROW,NP,2006,0.885774450092644
SP.POP.GROW,NP,2005,1.07535927644443
SP.POP.GROW,NP,2004,1.24233141085399
SP.POP.GROW,NP,2003,1.37502669708874
SP.POP.GROW,NP,2002,1.49583260634063
SP.POP.GROW,NP,2001,1.6018374486186
SP.POP.GROW,NP,2000,1.70977588565454
SP.POP.GROW,NP,1999,1.83855256851984
SP.POP.GROW,NP,1998,1.93354037736176
SP.POP.GROW,NP,1997,2.02228818254512
SP.POP.GROW,NP,1996,2.12207067308082
SP.POP.GROW,NP,1995,2.31673069074833
SP.POP.GROW,PK,2023,1.9571034315941
SP.POP.GROW,PK,2022,1.89324559780014
SP.POP.GROW,PK,2021,1.83406208240793
SP.POP.GROW,PK,2020,1.73302782045863
SP.POP.GROW,PK,2019,1.6079813474837
SP.POP.GROW,PK,2018,1.5371724033626
SP.POP.GROW,PK,2017,1.32813543357738
SP.POP.GROW,PK,2016,1.20405567252781
SP.POP.GROW,PK,2015,1.29655172364692
SP.POP.GROW,PK,2014,1.40918297342086
SP.POP.GROW,PK,2013,1.53689764905925
SP.POP.GROW,PK,2012,1.7979754297027
SP.POP.GROW,PK,2011,2.11083457768435
SP.POP.GROW,PK,2010,2.25257934512803
SP.POP.GROW,PK,2009,2.2291625346925
SP.POP.GROW,PK,2008,2.17888921699852
SP.POP.GROW,PK,2007,2.14152397156301
SP.POP.GROW,PK,2006,2.0985131417675
SP.POP.GROW,PK,2005,2.15849215504399
SP.POP.GROW,PK,2004,2.23514920732307
SP.POP.GROW,PK,2003,2.1893881210377
SP.POP.GROW,PK,2002,2.50885975954029
SP.POP.GROW,PK,2001,3.09207918437975
SP.POP.GROW,PK,2000,3.07555291166784
SP.POP.GROW,PK,1999,2.8584443558606
SP.POP.GROW,PK,1998,2.89123826209315
SP.POP.GROW,PK,1997,2.94060702615898
SP.POP.GROW,PK,1996,3.04613837555745
SP.POP.GROW,PK,1995,2.95211131596515
SP.POP.GROW,PH,2023,1.52719727728693
SP.POP.GROW,PH,2022,1.46331572990702
SP.POP.GROW,PH,2021,1.49455716704944
SP.POP.GROW,PH,2020,1.62663290469171
SP.POP.GROW,PH,2019,1.65518369204871
SP.POP.GROW,PH,2018,1.70024776555145
SP.POP.GROW,PH,2017,1.76102262001195
SP.POP.GROW,PH,2016,1.77382446993613
SP.POP.GROW,PH,2015,1.66983002094225
SP.POP.GROW,PH,2014,1.6168406041295
SP.POP.GROW,PH,2013,1.68695605708093
SP.POP.GROW,PH,2012,1.74352515093364
SP.POP.GROW,PH,2011,1.78165880217122
SP.POP.GROW,PH,2010,1.80164390376145
SP.POP.GROW,PH,2009,1.84004284987183
SP.POP.GROW,PH,2008,1.87043157688419
SP.POP.GROW,PH,2007,1.87034863111627
SP.POP.GROW,PH,2006,1.88401982804789
SP.POP.GROW,PH,2005,1.93575552038701
SP.POP.GROW,PH,2004,1.98712673013663
SP.POP.GROW,PH,2003,2.01831250528467
SP.POP.GROW,PH,2002,2.06267818983041
SP.POP.GROW,PH,2001,2.1168672092615
SP.POP.GROW,PH,2000,2.21679406368577
SP.POP.GROW,PH,1999,2.33145037230345
SP.POP.GROW,PH,1998,2.40901793872555
SP.POP.GROW,PH,1997,2.46959648910774
SP.POP.GROW,PH,1996,2.41745888336185
SP.POP.GROW,PH,1995,2.33783652629301
SP.POP.GROW,PG,2023,1.82993546980529
SP.POP.GROW,PG,2022,1.92302821820746
SP.POP.GROW,PG,2021,2.02856054038959
SP.POP.GROW,PG,2020,2.14763227357632
SP.POP.GROW,PG,2019,2.26018781066996
SP.POP.GROW,PG,2018,2.325313321969
SP.POP.GROW,PG,2017,2.39411255967524
SP.POP.GROW,PG,2016,2.46859434505795
SP.POP.GROW,PG,2015,2.54320066295637
SP.POP.GROW,PG,2014,2.61569523033674
SP.POP.GROW,PG,2013,2.69288253584226
SP.POP.GROW,PG,2012,2.77799045268741
SP.POP.GROW,PG,2011,2.90298961470657
SP.POP.GROW,PG,2010,3.00352670267458
SP.POP.GROW,PG,2009,3.0478162226257
SP.POP.GROW,PG,2008,3.08611399149295
SP.POP.GROW,PG,2007,3.12366111372057
SP.POP.GROW,PG,2006,3.17128786595142
SP.POP.GROW,PG,2005,3.2156031499028
SP.POP.GROW,PG,2004,3.26552943968256
SP.POP.GROW,PG,2003,3.31123407239589
SP.POP.GROW,PG,2002,3.34955956126701
SP.POP.GROW,PG,2001,3.39455509979259
SP.POP.GROW,PG,2000,3.4521329401203
SP.POP.GROW,PG,1999,3.49089390798656
SP.POP.GROW,PG,1998,3.53309876155072
SP.POP.GROW,PG,1997,3.58211946279432
SP.POP.GROW,PG,1996,3.60494215869651
SP.POP.GROW,PG,1995,3.63389307724082
SP.POP.GROW,KP,2023,0.35000834215513
SP.POP.GROW,KP,2022,0.374729560022698
SP.POP.GROW,KP,2021,0.402945210274924
SP.POP.GROW,KP,2020,0.434017300434564
SP.POP.GROW,KP,2019,0.456446820087896
SP.POP.GROW,KP,2018,0.476315091651054
SP.POP.GROW,KP,2017,0.497821203562078
SP.POP.GROW,KP,2016,0.519654351165206
SP.POP.GROW,KP,2015,0.523515080357903
SP.POP.GROW,KP,2014,0.49597980701513
SP.POP.GROW,KP,2013,0.457206407016513
SP.POP.GROW,KP,2012,0.418674807001654
SP.POP.GROW,KP,2011,0.393586759082814
SP.POP.GROW,KP,2010,0.425940886169344
SP.POP.GROW,KP,2009,0.458556258017028
SP.POP.GROW,KP,2008,0.460993034958389
SP.POP.GROW,KP,2007,0.496973102800538
SP.POP.GROW,KP,2006,0.557668311641366
SP.POP.GROW,KP,2005,0.632894010472634
SP.POP.GROW,KP,2004,0.700697475242568
SP.POP.GROW,KP,2003,0.60436980005948
SP.POP.GROW,KP,2002,0.533984339747177
SP.POP.GROW,KP,2001,0.620583476817431
SP.POP.GROW,KP,2000,0.698115634060685
SP.POP.GROW,KP,1999,0.782479876039855
SP.POP.GROW,KP,1998,0.856095440228289
SP.POP.GROW,KP,1997,0.937585815556236
SP.POP.GROW,KP,1996,1.01694918601768
SP.POP.GROW,KP,1995,1.26010300930167
SP.POP.GROW,PS,2023,2.39326476511584
SP.POP.GROW,PS,2022,2.42553777623863
SP.POP.GROW,PS,2021,2.45703865277568
SP.POP.GROW,PS,2020,2.48654993848325
SP.POP.GROW,PS,2019,2.51178246264674
SP.POP.GROW,PS,2018,2.5330114844554
SP.POP.GROW,PS,2017,1.98868634871278
SP.POP.GROW,PS,2016,2.24610527580178
SP.POP.GROW,PS,2015,2.29048005844149
SP.POP.GROW,PS,2014,2.3440772109436
SP.POP.GROW,PS,2013,2.40084831983677
SP.POP.GROW,PS,2012,2.46768715003228
SP.POP.GROW,PS,2011,2.52518683079236
SP.POP.GROW,PS,2010,2.59703221798976
SP.POP.GROW,PS,2009,2.66795074941001
SP.POP.GROW,PS,2008,2.75135880229092
SP.POP.GROW,PS,2007,2.55525196026943
SP.POP.GROW,PS,2006,2.55525867519272
SP.POP.GROW,PS,2005,2.5552623734323
SP.POP.GROW,PS,2004,2.55527589181892
SP.POP.GROW,PS,2003,2.55524755562296
SP.POP.GROW,PS,2002,2.55528456623402
SP.POP.GROW,PS,2001,2.5552675698799
SP.POP.GROW,PS,2000,2.55523569844846
SP.POP.GROW,PS,1999,2.55526837039158
SP.POP.GROW,PS,1998,2.55526947769926
SP.POP.GROW,PS,1997,4.47787204469171
SP.POP.GROW,PS,1996,4.47787800224899
SP.POP.GROW,PS,1995,4.47787288220599
SP.POP.GROW,RW,2023,2.28190198384881
SP.POP.GROW,RW,2022,2.31160323907511
SP.POP.GROW,RW,2021,2.3717515483557
SP.POP.GROW,RW,2020,2.3967070500013
SP.POP.GROW,RW,2019,2.39079436618151
SP.POP.GROW,RW,2018,2.43503841544025
SP.POP.GROW,RW,2017,2.47880785239257
SP.POP.GROW,RW,2016,2.44299698959529
SP.POP.GROW,RW,2015,2.38595568459796
SP.POP.GROW,RW,2014,2.3775340228914
SP.POP.GROW,RW,2013,2.3792915199656
SP.POP.GROW,RW,2012,2.45984040638473
SP.POP.GROW,RW,2011,2.56550960901795
SP.POP.GROW,RW,2010,2.6071051025344
SP.POP.GROW,RW,2009,2.64057029628242
SP.POP.GROW,RW,2008,2.68159866469225
SP.POP.GROW,RW,2007,2.6937067262308
SP.POP.GROW,RW,2006,2.66480719140037
SP.POP.GROW,RW,2005,2.63169301631945
SP.POP.GROW,RW,2004,2.57920977781251
SP.POP.GROW,RW,2003,2.31040451162765
SP.POP.GROW,RW,2002,1.78798197593577
SP.POP.GROW,RW,2001,1.39530227863448
SP.POP.GROW,RW,2000,1.24573125745531
SP.POP.GROW,RW,1999,1.19243584222433
SP.POP.GROW,RW,1998,3.18243918155598
SP.POP.GROW,RW,1997,13.2470672505578
SP.POP.GROW,RW,1996,16.6255019779963
SP.POP.GROW,RW,1995,-16.8806296708643
SP.POP.GROW,SD,2023,2.6001891699622
SP.POP.GROW,SD,2022,2.63061426078782
SP.POP.GROW,SD,2021,2.70104593999388
SP.POP.GROW,SD,2020,2.75677878454575
SP.POP.GROW,SD,2019,2.89358996893094
SP.POP.GROW,SD,2018,3.19148702209797
SP.POP.GROW,SD,2017,3.25461617065729
SP.POP.GROW,SD,2016,3.11054531285464
SP.POP.GROW,SD,2015,3.10751167131043
SP.POP.GROW,SD,2014,2.77449286124806
SP.POP.GROW,SD,2013,2.3357525902736
SP.POP.GROW,SD,2012,2.12762901437903
SP.POP.GROW,SD,2011,1.9944775499975
SP.POP.GROW,SD,2010,2.37468258916878
SP.POP.GROW,SD,2009,2.71626568948597
SP.POP.GROW,SD,2008,2.76377910390166
SP.POP.GROW,SD,2007,2.78996436965565
SP.POP.GROW,SD,2006,2.64703640708656
SP.POP.GROW,SD,2005,2.42945361033328
SP.POP.GROW,SD,2004,2.25392586427754
SP.POP.GROW,SD,2003,2.21912557576201
SP.POP.GROW,SD,2002,2.28583965848042
SP.POP.GROW,SD,2001,2.43590785577774
SP.POP.GROW,SD,2000,2.55963690837227
SP.POP.GROW,SD,1999,2.38850091216307
SP.POP.GROW,SD,1998,2.3231892056128
SP.POP.GROW,SD,1997,2.45109662763757
SP.POP.GROW,SD,1996,2.42481159995041
SP.POP.GROW,SD,1995,2.55250639227257
SP.POP.GROW,SN,2023,2.54699595340171
SP.POP.GROW,SN,2022,2.57217015290678
SP.POP.GROW,SN,2021,2.64538054494311
SP.POP.GROW,SN,2020,2.68438184925041
SP.POP.GROW,SN,2019,2.69763115886709
SP.POP.GROW,SN,2018,2.71464328183934
SP.POP.GROW,SN,2017,2.7179778377713
SP.POP.GROW,SN,2016,2.7154429589038
SP.POP.GROW,SN,2015,2.72463609047466
SP.POP.GROW,SN,2014,2.71905100988297
SP.POP.GROW,SN,2013,2.71181928883915
SP.POP.GROW,SN,2012,2.72697235540654
SP.POP.GROW,SN,2011,2.72203680436678
SP.POP.GROW,SN,2010,2.71070159961371
SP.POP.GROW,SN,2009,2.67674749775798
SP.POP.GROW,SN,2008,2.63754388814397
SP.POP.GROW,SN,2007,2.63281190597884
SP.POP.GROW,SN,2006,2.60233440516001
SP.POP.GROW,SN,2005,2.54126351828797
SP.POP.GROW,SN,2004,2.50033904791585
SP.POP.GROW,SN,2003,2.45996800523196
SP.POP.GROW,SN,2002,2.41498169831971
SP.POP.GROW,SN,2001,2.38007633836581
SP.POP.GROW,SN,2000,2.35349186373024
SP.POP.GROW,SN,1999,2.31639981025849
SP.POP.GROW,SN,1998,2.29340313946298
SP.POP.GROW,SN,1997,2.32607796078074
SP.POP.GROW,SN,1996,2.41189015578578
SP.POP.GROW,SN,1995,2.53020035291858
SP.POP.GROW,SB,2023,2.20546019496427
SP.POP.GROW,SB,2022,2.29347735670131
SP.POP.GROW,SB,2021,2.3817422996453
SP.POP.GROW,SB,2020,2.3713876123354
SP.POP.GROW,SB,2019,2.36010120913781
SP.POP.GROW,SB,2018,2.39710667907408
SP.POP.GROW,SB,2017,2.44276679046656
SP.POP.GROW,SB,2016,2.48924408661005
SP.POP.GROW,SB,2015,2.52650758971794
SP.POP.GROW,SB,2014,2.54476579755385
SP.POP.GROW,SB,2013,2.5393320797232
SP.POP.GROW,SB,2012,2.50431283407337
SP.POP.GROW,SB,2011,2.43624466471624
SP.POP.GROW,SB,2010,2.35185573397427
SP.POP.GROW,SB,2009,2.26712423337321
SP.POP.GROW,SB,2008,2.23050143791026
SP.POP.GROW,SB,2007,2.2422684243981
SP.POP.GROW,SB,2006,2.24291000270575
SP.POP.GROW,SB,2005,2.24285314785611
SP.POP.GROW,SB,2004,2.26568934347868
SP.POP.GROW,SB,2003,2.29314328165436
SP.POP.GROW,SB,2002,2.3262995615241
SP.POP.GROW,SB,2001,2.39380068808573
SP.POP.GROW,SB,2000,2.53167345846883
SP.POP.GROW,SB,1999,2.67948065791714
SP.POP.GROW,SB,1998,2.75602860829703
SP.POP.GROW,SB,1997,2.80461073747403
SP.POP.GROW,SB,1996,2.85862109614102
SP.POP.GROW,SB,1995,2.88896302293146
SP.POP.GROW,SL,2023,2.13120700196935
SP.POP.GROW,SL,2022,2.17409124204784
SP.POP.GROW,SL,2021,2.24176737112654
SP.POP.GROW,SL,2020,2.29903034010859
SP.POP.GROW,SL,2019,2.33284062492806
SP.POP.GROW,SL,2018,2.36471306664028
SP.POP.GROW,SL,2017,2.42113485779471
SP.POP.GROW,SL,2016,2.4195089151865
SP.POP.GROW,SL,2015,2.40868716120881
SP.POP.GROW,SL,2014,2.49317673033998
SP.POP.GROW,SL,2013,2.56345431818352
SP.POP.GROW,SL,2012,2.62984140386497
SP.POP.GROW,SL,2011,2.6928730024304
SP.POP.GROW,SL,2010,2.78607305276662
SP.POP.GROW,SL,2009,2.73656583182459
SP.POP.GROW,SL,2008,2.52210725035976
SP.POP.GROW,SL,2007,2.20265426987169
SP.POP.GROW,SL,2006,2.20036392928469
SP.POP.GROW,SL,2005,2.6748408801911
SP.POP.GROW,SL,2004,3.35235443124014
SP.POP.GROW,SL,2003,4.01910155879324
SP.POP.GROW,SL,2002,5.66343352057259
SP.POP.GROW,SL,2001,5.785413309402
SP.POP.GROW,SL,2000,2.40478419249569
SP.POP.GROW,SL,1999,0.564027525167457
SP.POP.GROW,SL,1998,1.0151862403732
SP.POP.GROW,SL,1997,1.31755512245558
SP.POP.GROW,SL,1996,0.535570653886934
SP.POP.GROW,SL,1995,0.212892577799668
SP.POP.GROW,SO,2023,3.05481740638644
SP.POP.GROW,SO,2022,3.06938435160534
SP.POP.GROW,SO,2021,3.14623658777376
SP.POP.GROW,SO,2020,3.41819734760827
SP.POP.GROW,SO,2019,3.63316490449428
SP.POP.GROW,SO,2018,3.61305895751929
SP.POP.GROW,SO,2017,3.91978477697357
SP.POP.GROW,SO,2016,3.77095438271416
SP.POP.GROW,SO,2015,3.35915033288915
SP.POP.GROW,SO,2014,3.49209773142402
SP.POP.GROW,SO,2013,3.25938851032774
SP.POP.GROW,SO,2012,1.81282104868689
SP.POP.GROW,SO,2011,1.56901447012171
SP.POP.GROW,SO,2010,2.49721206017534
SP.POP.GROW,SO,2009,2.46112222974988
SP.POP.GROW,SO,2008,2.89679033014887
SP.POP.GROW,SO,2007,3.04199150056875
SP.POP.GROW,SO,2006,2.98984286765814
SP.POP.GROW,SO,2005,3.40031804628923
SP.POP.GROW,SO,2004,3.61359093578303
SP.POP.GROW,SO,2003,3.62260954076201
SP.POP.GROW,SO,2002,3.68355422936353
SP.POP.GROW,SO,2001,3.92673917655211
SP.POP.GROW,SO,2000,3.94049698165867
SP.POP.GROW,SO,1999,3.98581078951555
SP.POP.GROW,SO,1998,4.08574876698392
SP.POP.GROW,SO,1997,3.44437390627736
SP.POP.GROW,SO,1996,3.56249934564789
SP.POP.GROW,SO,1995,3.54431690987324
SP.POP.GROW,SS,2023,1.59654622262538
SP.POP.GROW,SS,2022,1.52247694994588
SP.POP.GROW,SS,2021,1.33037160015506
SP.POP.GROW,SS,2020,1.50626772829854
SP.POP.GROW,SS,2019,0.502203354157719
SP.POP.GROW,SS,2018,-2.49754177378349
SP.POP.GROW,SS,2017,-3.75548445756917
SP.POP.GROW,SS,2016,-1.15177978960304
SP.POP.GROW,SS,2015,-0.169451605224622
SP.POP.GROW,SS,2014,0.961085280307357
SP.POP.GROW,SS,2013,3.70946573244568
SP.POP.GROW,SS,2012,4.37942099501625
SP.POP.GROW,SS,2011,5.29881502099888
SP.POP.GROW,SS,2010,5.12359802529756
SP.POP.GROW,SS,2009,4.49127071476695
SP.POP.GROW,SS,2008,4.71113454589955
SP.POP.GROW,SS,2007,4.72268670452429
SP.POP.GROW,SS,2006,4.67659777703664
SP.POP.GROW,SS,2005,4.61418643398604
SP.POP.GROW,SS,2004,4.53974090656815
SP.POP.GROW,SS,2003,4.47883810222676
SP.POP.GROW,SS,2002,4.4603289201929
SP.POP.GROW,SS,2001,4.47742684509793
SP.POP.GROW,SS,2000,4.4186739597559
SP.POP.GROW,SS,1999,2.6099224684906
SP.POP.GROW,SS,1998,1.9493486596966
SP.POP.GROW,SS,1997,2.80337188163924
SP.POP.GROW,SS,1996,2.47479877886108
SP.POP.GROW,SS,1995,3.04821010854634
SP.POP.GROW,ST,2023,1.94938626026079
SP.POP.GROW,ST,2022,1.89711496901471
SP.POP.GROW,ST,2021,2.02203616729568
SP.POP.GROW,ST,2020,1.86599449843616
SP.POP.GROW,ST,2019,1.52840326719874
SP.POP.GROW,ST,2018,1.57759960331955
SP.POP.GROW,ST,2017,1.64978976233713
SP.POP.GROW,ST,2016,1.72916107570727
SP.POP.GROW,ST,2015,1.81982389154769
SP.POP.GROW,ST,2014,1.91185977393148
SP.POP.GROW,ST,2013,1.99808044739302
SP.POP.GROW,ST,2012,2.06407872618616
SP.POP.GROW,ST,2011,2.12185633623001
SP.POP.GROW,ST,2010,2.22622485286332
SP.POP.GROW,ST,2009,2.34241055303069
SP.POP.GROW,ST,2008,2.4192031021932
SP.POP.GROW,ST,2007,2.45564683066573
SP.POP.GROW,ST,2006,2.47107150320897
SP.POP.GROW,ST,2005,2.49436027695914
SP.POP.GROW,ST,2004,2.52695179043068
SP.POP.GROW,ST,2003,2.58312205225329
SP.POP.GROW,ST,2002,2.42025464283049
SP.POP.GROW,ST,2001,1.7546971939805
SP.POP.GROW,ST,2000,1.33511835347824
SP.POP.GROW,ST,1999,1.43327335130049
SP.POP.GROW,ST,1998,1.53834770321806
SP.POP.GROW,ST,1997,1.6435836607293
SP.POP.GROW,ST,1996,1.73940747787607
SP.POP.GROW,ST,1995,1.8283458996282
SP.POP.GROW,SZ,2023,0.758721181538574
SP.POP.GROW,SZ,2022,0.785236419347899
SP.POP.GROW,SZ,2021,0.9790522575795
SP.POP.GROW,SZ,2020,0.939644435809807
SP.POP.GROW,SZ,2019,0.788402227821078
SP.POP.GROW,SZ,2018,0.781899444165432
SP.POP.GROW,SZ,2017,0.773005801268303
SP.POP.GROW,SZ,2016,0.754508380699921
SP.POP.GROW,SZ,2015,0.7143137221497
SP.POP.GROW,SZ,2014,0.672496411974745
SP.POP.GROW,SZ,2013,0.616659419518733
SP.POP.GROW,SZ,2012,0.547904556093655
SP.POP.GROW,SZ,2011,0.494357533893043
SP.POP.GROW,SZ,2010,0.458720162719754
SP.POP.GROW,SZ,2009,0.459182518639854
SP.POP.GROW,SZ,2008,0.539314000922246
SP.POP.GROW,SZ,2007,0.580366640025196
SP.POP.GROW,SZ,2006,0.544190295359054
SP.POP.GROW,SZ,2005,0.572780084427945
SP.POP.GROW,SZ,2004,0.655855489540335
SP.POP.GROW,SZ,2003,0.757301427499704
SP.POP.GROW,SZ,2002,0.899822293950695
SP.POP.GROW,SZ,2001,1.05218810260185
SP.POP.GROW,SZ,2000,1.18369298761011
SP.POP.GROW,SZ,1999,1.30585667693013
SP.POP.GROW,SZ,1998,1.44539395083494
SP.POP.GROW,SZ,1997,1.74588934803509
SP.POP.GROW,SZ,1996,2.07712069261552
SP.POP.GROW,SZ,1995,-0.0171969947626994
SP.POP.GROW,SY,2023,4.85965527721486
SP.POP.GROW,SY,2022,3.68690356008785
SP.POP.GROW,SY,2021,2.62158395663386
SP.POP.GROW,SY,2020,3.30017735470972
SP.POP.GROW,SY,2019,3.87953676012686
SP.POP.GROW,SY,2018,1.82739379772332
SP.POP.GROW,SY,2017,0.100775748776037
SP.POP.GROW,SY,2016,-1.2624196887222
SP.POP.GROW,SY,2015,-4.41574372125213
SP.POP.GROW,SY,2014,-6.85211767607702
SP.POP.GROW,SY,2013,-5.03381015991677
SP.POP.GROW,SY,2012,-0.552123972765832
SP.POP.GROW,SY,2011,1.74481846238131
SP.POP.GROW,SY,2010,2.31118860851256
SP.POP.GROW,SY,2009,1.63121662489933
SP.POP.GROW,SY,2008,3.65667896993469
SP.POP.GROW,SY,2007,6.33572039641122
SP.POP.GROW,SY,2006,4.46444973791979
SP.POP.GROW,SY,2005,2.72492009593396
SP.POP.GROW,SY,2004,2.64840352675744
SP.POP.GROW,SY,2003,2.57285306276557
SP.POP.GROW,SY,2002,2.57345370585541
SP.POP.GROW,SY,2001,2.54462854098906
SP.POP.GROW,SY,2000,2.52399271863257
SP.POP.GROW,SY,1999,2.5519649909008
SP.POP.GROW,SY,1998,2.59156464831778
SP.POP.GROW,SY,1997,2.65080195252649
SP.POP.GROW,SY,1996,2.72516703897855
SP.POP.GROW,SY,1995,2.76843681180551
SP.POP.GROW,TD,2023,3.08482215474986
SP.POP.GROW,TD,2022,3.11502218647071
SP.POP.GROW,TD,2021,3.16388750517031
SP.POP.GROW,TD,2020,3.16053305963688
SP.POP.GROW,TD,2019,3.29458272753979
SP.POP.GROW,TD,2018,3.37812774879537
SP.POP.GROW,TD,2017,3.32459491646661
SP.POP.GROW,TD,2016,3.14864850561675
SP.POP.GROW,TD,2015,3.18410081276683
SP.POP.GROW,TD,2014,3.56998546576354
SP.POP.GROW,TD,2013,3.55701932397684
SP.POP.GROW,TD,2012,3.48762940257558
SP.POP.GROW,TD,2011,3.49444952100308
SP.POP.GROW,TD,2010,3.40849096495518
SP.POP.GROW,TD,2009,3.51855423082844
SP.POP.GROW,TD,2008,3.44588600538683
SP.POP.GROW,TD,2007,3.38718987073326
SP.POP.GROW,TD,2006,3.54078145175603
SP.POP.GROW,TD,2005,3.99174947439079
SP.POP.GROW,TD,2004,4.43602666694242
SP.POP.GROW,TD,2003,3.97060486574728
SP.POP.GROW,TD,2002,3.44814062098756
SP.POP.GROW,TD,2001,3.3300848498951
SP.POP.GROW,TD,2000,3.41450024149477
SP.POP.GROW,TD,1999,3.47717052460942
SP.POP.GROW,TD,1998,3.40720540478119
SP.POP.GROW,TD,1997,3.42098990748474
SP.POP.GROW,TD,1996,4.42164083680175
SP.POP.GROW,TD,1995,4.38968567248508
SP.POP.GROW,TG,2023,2.29140060710712
SP.POP.GROW,TG,2022,2.33091038438886
SP.POP.GROW,TG,2021,2.36733896209991
SP.POP.GROW,TG,2020,2.39121902175851
SP.POP.GROW,TG,2019,2.41162991553907
SP.POP.GROW,TG,2018,2.43899403472361
SP.POP.GROW,TG,2017,2.46807888446754
SP.POP.GROW,TG,2016,2.48615624048351
SP.POP.GROW,TG,2015,2.50454574117742
SP.POP.GROW,TG,2014,2.53099873501229
SP.POP.GROW,TG,2013,2.55975980782637
SP.POP.GROW,TG,2012,2.60283805012609
SP.POP.GROW,TG,2011,2.65496081549196
SP.POP.GROW,TG,2010,2.6713169382967
SP.POP.GROW,TG,2009,2.791410472239
SP.POP.GROW,TG,2008,2.85177808134201
SP.POP.GROW,TG,2007,2.90743917538544
SP.POP.GROW,TG,2006,2.80780206331491
SP.POP.GROW,TG,2005,2.59625119615377
SP.POP.GROW,TG,2004,2.6255672619467
SP.POP.GROW,TG,2003,2.60631415651139
SP.POP.GROW,TG,2002,2.61091784886825
SP.POP.GROW,TG,2001,2.70645421009308
SP.POP.GROW,TG,2000,2.8372567506566
SP.POP.GROW,TG,1999,2.9105959694942
SP.POP.GROW,TG,1998,2.91296700256051
SP.POP.GROW,TG,1997,3.24569259578892
SP.POP.GROW,TG,1996,3.81268968232353
SP.POP.GROW,TG,1995,4.46682055593466
SP.POP.GROW,TJ,2023,1.89847329660101
SP.POP.GROW,TJ,2022,2.05787633614157
SP.POP.GROW,TJ,2021,2.14442565988658
SP.POP.GROW,TJ,2020,2.18442696878278
SP.POP.GROW,TJ,2019,2.26242493497438
SP.POP.GROW,TJ,2018,2.24459239892603
SP.POP.GROW,TJ,2017,2.26862350493592
SP.POP.GROW,TJ,2016,2.33358093103683
SP.POP.GROW,TJ,2015,2.34681604248609
SP.POP.GROW,TJ,2014,2.30513133268516
SP.POP.GROW,TJ,2013,2.23992574371256
SP.POP.GROW,TJ,2012,2.17988187402675
SP.POP.GROW,TJ,2011,2.11657481593722
SP.POP.GROW,TJ,2010,2.03027773445303
SP.POP.GROW,TJ,2009,1.94647975674617
SP.POP.GROW,TJ,2008,1.87748684470733
SP.POP.GROW,TJ,2007,1.83882431198902
SP.POP.GROW,TJ,2006,1.83426915710039
SP.POP.GROW,TJ,2005,1.86367736343867
SP.POP.GROW,TJ,2004,1.91062519876215
SP.POP.GROW,TJ,2003,1.97879252509967
SP.POP.GROW,TJ,2002,2.05318718218435
SP.POP.GROW,TJ,2001,2.14192159842275
SP.POP.GROW,TJ,2000,1.33895806972214
SP.POP.GROW,TJ,1999,0.530683543156332
SP.POP.GROW,TJ,1998,0.647491392300949
SP.POP.GROW,TJ,1997,1.34077905786843
SP.POP.GROW,TJ,1996,1.99854825047908
SP.POP.GROW,TJ,1995,1.91436581961373
SP.POP.GROW,TL,2023,1.42865283050419
SP.POP.GROW,TL,2022,1.52911922954277
SP.POP.GROW,TL,2021,1.59847001383189
SP.POP.GROW,TL,2020,1.51582114075127
SP.POP.GROW,TL,2019,1.46272712419968
SP.POP.GROW,TL,2018,1.48580822686323
SP.POP.GROW,TL,2017,1.51336243484312
SP.POP.GROW,TL,2016,1.54292008005404
SP.POP.GROW,TL,2015,1.755472385901
SP.POP.GROW,TL,2014,1.98396797115519
SP.POP.GROW,TL,2013,2.07720395195997
SP.POP.GROW,TL,2012,2.19500764303754
SP.POP.GROW,TL,2011,2.22497688451797
SP.POP.GROW,TL,2010,2.1306026960996
SP.POP.GROW,TL,2009,2.13076728178527
SP.POP.GROW,TL,2008,2.29970986950706
SP.POP.GROW,TL,2007,2.46277702115281
SP.POP.GROW,TL,2006,2.57168770210506
SP.POP.GROW,TL,2005,2.43566320717601
SP.POP.GROW,TL,2004,2.05783916860514
SP.POP.GROW,TL,2003,1.86047318846223
SP.POP.GROW,TL,2002,1.84601168099225
SP.POP.GROW,TL,2001,1.65311683189099
SP.POP.GROW,TL,2000,1.34224818594807
SP.POP.GROW,TL,1999,1.30543333873511
SP.POP.GROW,TL,1998,1.42083332097339
SP.POP.GROW,TL,1997,1.44179350695245
SP.POP.GROW,TL,1996,1.45934567888559
SP.POP.GROW,TL,1995,1.48938308476044
SP.POP.GROW,TN,2023,0.822964272088378
SP.POP.GROW,TN,2022,0.756904881532985
SP.POP.GROW,TN,2021,0.828863470070942
SP.POP.GROW,TN,2020,0.928583172377061
SP.POP.GROW,TN,2019,0.969662162376028
SP.POP.GROW,TN,2018,1.02422998971065
SP.POP.GROW,TN,2017,1.07057592442396
SP.POP.GROW,TN,2016,1.10043313328375
SP.POP.GROW,TN,2015,1.12092816818669
SP.POP.GROW,TN,2014,1.13215769298935
SP.POP.GROW,TN,2013,1.12039316984351
SP.POP.GROW,TN,2012,1.27759263330169
SP.POP.GROW,TN,2011,1.25382492654963
SP.POP.GROW,TN,2010,1.019946186598
SP.POP.GROW,TN,2009,0.970187555948585
SP.POP.GROW,TN,2008,0.940565309661396
SP.POP.GROW,TN,2007,0.919463523549751
SP.POP.GROW,TN,2006,0.912371670625613
SP.POP.GROW,TN,2005,0.929565256440937
SP.POP.GROW,TN,2004,0.960925967691636
SP.POP.GROW,TN,2003,0.978273219919924
SP.POP.GROW,TN,2002,0.989948991480907
SP.POP.GROW,TN,2001,1.02378964217481
SP.POP.GROW,TN,2000,1.06953869345051
SP.POP.GROW,TN,1999,1.13967608955401
SP.POP.GROW,TN,1998,1.23941701054769
SP.POP.GROW,TN,1997,1.34186402316025
SP.POP.GROW,TN,1996,1.45744140158175
SP.POP.GROW,TN,1995,1.63760247276154
SP.POP.GROW,TZ,2023,2.91944687054643
SP.POP.GROW,TZ,2022,2.95857345225459
SP.POP.GROW,TZ,2021,3.00728723340751
SP.POP.GROW,TZ,2020,3.01385328385348
SP.POP.GROW,TZ,2019,3.02174626028
SP.POP.GROW,TZ,2018,3.18923717091341
SP.POP.GROW,TZ,2017,3.37115080503874
SP.POP.GROW,TZ,2016,3.47687650082591
SP.POP.GROW,TZ,2015,3.34457430485523
SP.POP.GROW,TZ,2014,3.11994358308313
SP.POP.GROW,TZ,2013,3.02477579129254
SP.POP.GROW,TZ,2012,2.90906812607356
SP.POP.GROW,TZ,2011,2.85292613461509
SP.POP.GROW,TZ,2010,2.58825254940751
SP.POP.GROW,TZ,2009,2.50402075339375
SP.POP.GROW,TZ,2008,2.7296238795863
SP.POP.GROW,TZ,2007,2.80637123627598
SP.POP.GROW,TZ,2006,2.80649707734517
SP.POP.GROW,TZ,2005,2.77298146987654
SP.POP.GROW,TZ,2004,2.71359210283265
SP.POP.GROW,TZ,2003,2.6610905029697
SP.POP.GROW,TZ,2002,2.61708727425256
SP.POP.GROW,TZ,2001,2.72137531815627
SP.POP.GROW,TZ,2000,2.83680794271469
SP.POP.GROW,TZ,1999,2.64138525401348
SP.POP.GROW,TZ,1998,2.6103683934955
SP.POP.GROW,TZ,1997,2.05043913770272
SP.POP.GROW,TZ,1996,1.88224173915435
SP.POP.GROW,TZ,1995,3.19765832744191
SP.POP.GROW,UG,2023,2.78160960502728
SP.POP.GROW,UG,2022,2.99862763969552
SP.POP.GROW,UG,2021,3.211427903809
SP.POP.GROW,UG,2020,3.33280874526165
SP.POP.GROW,UG,2019,3.39509056427404
SP.POP.GROW,UG,2018,3.40127795850029
SP.POP.GROW,UG,2017,3.49646846553214
SP.POP.GROW,UG,2016,3.33499474701031
SP.POP.GROW,UG,2015,3.09130915647166
SP.POP.GROW,UG,2014,2.96898607347744
SP.POP.GROW,UG,2013,2.8767478792897
SP.POP.GROW,UG,2012,2.89370786919312
SP.POP.GROW,UG,2011,2.90711158037377
SP.POP.GROW,UG,2010,2.91517454447869
SP.POP.GROW,UG,2009,2.9156563947553
SP.POP.GROW,UG,2008,2.92692289648893
SP.POP.GROW,UG,2007,2.93354099227772
SP.POP.GROW,UG,2006,2.91502197083402
SP.POP.GROW,UG,2005,2.90623167656329
SP.POP.GROW,UG,2004,2.95848070670913
SP.POP.GROW,UG,2003,3.12028672115224
SP.POP.GROW,UG,2002,3.10813979944162
SP.POP.GROW,UG,2001,3.04478942602344
SP.POP.GROW,UG,2000,3.13535567369772
SP.POP.GROW,UG,1999,3.23746779364357
SP.POP.GROW,UG,1998,2.97547135684212
SP.POP.GROW,UG,1997,2.90961314833138
SP.POP.GROW,UG,1996,2.71295214058182
SP.POP.GROW,UG,1995,2.72433658029574
SP.POP.GROW,UZ,2023,2.12121533052509
SP.POP.GROW,UZ,2022,2.07764491149254
SP.POP.GROW,UZ,2021,1.97570606573325
SP.POP.GROW,UZ,2020,1.92212652692564
SP.POP.GROW,UZ,2019,1.87647016682647
SP.POP.GROW,UZ,2018,1.73698637655233
SP.POP.GROW,UZ,2017,1.68350632535532
SP.POP.GROW,UZ,2016,1.73884926199094
SP.POP.GROW,UZ,2015,1.74425837484667
SP.POP.GROW,UZ,2014,1.68690035915161
SP.POP.GROW,UZ,2013,1.56190433294848
SP.POP.GROW,UZ,2012,1.47209998811321
SP.POP.GROW,UZ,2011,2.68401550537804
SP.POP.GROW,UZ,2010,2.82284968340424
SP.POP.GROW,UZ,2009,1.687340968602
SP.POP.GROW,UZ,2008,1.60532736295221
SP.POP.GROW,UZ,2007,1.42347489680303
SP.POP.GROW,UZ,2006,1.22021635439699
SP.POP.GROW,UZ,2005,1.1633502238127
SP.POP.GROW,UZ,2004,1.15376921505544
SP.POP.GROW,UZ,2003,1.16367524443693
SP.POP.GROW,UZ,2002,1.22383151928578
SP.POP.GROW,UZ,2001,1.26596853291421
SP.POP.GROW,UZ,2000,1.38374682096563
SP.POP.GROW,UZ,1999,1.07790835989868
SP.POP.GROW,UZ,1998,1.6094902947862
SP.POP.GROW,UZ,1997,1.88523880811601
SP.POP.GROW,UZ,1996,1.91268599840564
SP.POP.GROW,UZ,1995,1.806877907471
SP.POP.GROW,VN,2023,0.682172962745761
SP.POP.GROW,VN,2022,0.734794057662508
SP.POP.GROW,VN,2021,0.84418167703331
SP.POP.GROW,VN,2020,0.906299234852032
SP.POP.GROW,VN,2019,0.904491214904611
SP.POP.GROW,VN,2018,0.932840031984421
SP.POP.GROW,VN,2017,0.968719959338428
SP.POP.GROW,VN,2016,1.00922663268309
SP.POP.GROW,VN,2015,1.04227094610537
SP.POP.GROW,VN,2014,1.06639876535975
SP.POP.GROW,VN,2013,1.07637953190022
SP.POP.GROW,VN,2012,1.07201322213276
SP.POP.GROW,VN,2011,1.06749342269972
SP.POP.GROW,VN,2010,1.06742976658398
SP.POP.GROW,VN,2009,1.02939211623888
SP.POP.GROW,VN,2008,0.980254857535931
SP.POP.GROW,VN,2007,0.96076781166711
SP.POP.GROW,VN,2006,0.969169266037147
SP.POP.GROW,VN,2005,1.00436180353196
SP.POP.GROW,VN,2004,1.02011634543028
SP.POP.GROW,VN,2003,1.02829255325908
SP.POP.GROW,VN,2002,1.02771758753322
SP.POP.GROW,VN,2001,1.02839410111569
SP.POP.GROW,VN,2000,1.11686737378671
SP.POP.GROW,VN,1999,1.28217576188593
SP.POP.GROW,VN,1998,1.39677414492004
SP.POP.GROW,VN,1997,1.47303034216213
SP.POP.GROW,VN,1996,1.59693188161723
SP.POP.GROW,VN,1995,1.72029581633391
SP.POP.GROW,VU,2023,2.34900690287816
SP.POP.GROW,VU,2022,2.35442699234713
SP.POP.GROW,VU,2021,2.3627415254938
SP.POP.GROW,VU,2020,2.36372959142916
SP.POP.GROW,VU,2019,2.36207637358082
SP.POP.GROW,VU,2018,2.40302812734935
SP.POP.GROW,VU,2017,2.44878023745694
SP.POP.GROW,VU,2016,2.42303547677723
SP.POP.GROW,VU,2015,2.38350122826717
SP.POP.GROW,VU,2014,2.39691601558107
SP.POP.GROW,VU,2013,2.38891492248033
SP.POP.GROW,VU,2012,2.36696742718214
SP.POP.GROW,VU,2011,2.35180855409793
SP.POP.GROW,VU,2010,2.37632331873076
SP.POP.GROW,VU,2009,2.42262835797189
SP.POP.GROW,VU,2008,2.42583229315783
SP.POP.GROW,VU,2007,2.40312228258581
SP.POP.GROW,VU,2006,2.40208573602407
SP.POP.GROW,VU,2005,2.42307008348654
SP.POP.GROW,VU,2004,2.46104681641835
SP.POP.GROW,VU,2003,2.50780760969082
SP.POP.GROW,VU,2002,2.55100152185343
SP.POP.GROW,VU,2001,2.54955882382133
SP.POP.GROW,VU,2000,2.44646014761845
SP.POP.GROW,VU,1999,2.34492013889799
SP.POP.GROW,VU,1998,2.3302035933403
SP.POP.GROW,VU,1997,2.35145243344103
SP.POP.GROW,VU,1996,2.37583787471536
SP.POP.GROW,VU,1995,2.40363676937333
SP.POP.GROW,WS,2023,1.47258738875474
SP.POP.GROW,WS,2022,1.64031006593833
SP.POP.GROW,WS,2021,1.76857821590665
SP.POP.GROW,WS,2020,1.41696799990075
SP.POP.GROW,WS,2019,1.04553544180183
SP.POP.GROW,WS,2018,0.992505709183727
SP.POP.GROW,WS,2017,1.00975265821375
SP.POP.GROW,WS,2016,0.964528455768062
SP.POP.GROW,WS,2015,0.895083542746833
SP.POP.GROW,WS,2014,0.905168292851843
SP.POP.GROW,WS,2013,0.911922272588174
SP.POP.GROW,WS,2012,0.898922334287627
SP.POP.GROW,WS,2011,0.858778291222582
SP.POP.GROW,WS,2010,0.771440058555094
SP.POP.GROW,WS,2009,0.721630924369264
SP.POP.GROW,WS,2008,0.684867888236991
SP.POP.GROW,WS,2007,0.578640418070375
SP.POP.GROW,WS,2006,0.39840795546279
SP.POP.GROW,WS,2005,0.293603326396777
SP.POP.GROW,WS,2004,0.337139113464018
SP.POP.GROW,WS,2003,0.433074700450214
SP.POP.GROW,WS,2002,0.591145315625182
SP.POP.GROW,WS,2001,0.82373591140834
SP.POP.GROW,WS,2000,0.981387870498847
SP.POP.GROW,WS,1999,1.00719006069827
SP.POP.GROW,WS,1998,1.02639870453636
SP.POP.GROW,WS,1997,1.03025209235978
SP.POP.GROW,WS,1996,1.03011305788199
SP.POP.GROW,WS,1995,1.03159166478529
SP.POP.GROW,YE,2023,2.21065600879913
SP.POP.GROW,YE,2022,2.14462842106017
SP.POP.GROW,YE,2021,2.137789700681
SP.POP.GROW,YE,2020,2.31044739697631
SP.POP.GROW,YE,2019,2.42620792944992
SP.POP.GROW,YE,2018,2.48635978893057
SP.POP.GROW,YE,2017,2.56432067801961
SP.POP.GROW,YE,2016,2.6215373231585
SP.POP.GROW,YE,2015,2.71295489821162
SP.POP.GROW,YE,2014,2.81107242907205
SP.POP.GROW,YE,2013,2.85923731473568
SP.POP.GROW,YE,2012,2.8930274863714
SP.POP.GROW,YE,2011,2.914067083312
SP.POP.GROW,YE,2010,2.92949070515169
SP.POP.GROW,YE,2009,2.95885526727336
SP.POP.GROW,YE,2008,2.99112094190605
SP.POP.GROW,YE,2007,3.02768141948774
SP.POP.GROW,YE,2006,2.98322980970804
SP.POP.GROW,YE,2005,2.79308557038497
SP.POP.GROW,YE,2004,2.66182702320952
SP.POP.GROW,YE,2003,2.65086168454782
SP.POP.GROW,YE,2002,2.66583425909229
SP.POP.GROW,YE,2001,2.72575839716245
SP.POP.GROW,YE,2000,2.79878090986914
SP.POP.GROW,YE,1999,2.83546955747621
SP.POP.GROW,YE,1998,2.877490206929
SP.POP.GROW,YE,1997,2.93206602812607
SP.POP.GROW,YE,1996,3.12386934377468
SP.POP.GROW,YE,1995,3.47621011267703
SP.POP.GROW,ZM,2023,2.72052846961362
SP.POP.GROW,ZM,2022,2.7580323433586
SP.POP.GROW,ZM,2021,2.84080597789489
SP.POP.GROW,ZM,2020,2.9338181351684
SP.POP.GROW,ZM,2019,3.00761810683645
SP.POP.GROW,ZM,2018,3.06188780166712
SP.POP.GROW,ZM,2017,3.11359549302693
SP.POP.GROW,ZM,2016,3.14740749310829
SP.POP.GROW,ZM,2015,3.19189626183661
SP.POP.GROW,ZM,2014,3.24711800314636
SP.POP.GROW,ZM,2013,3.27129894213508
SP.POP.GROW,ZM,2012,3.30148019166725
SP.POP.GROW,ZM,2011,3.3771096377685
SP.POP.GROW,ZM,2010,3.49719132212533
SP.POP.GROW,ZM,2009,3.5548434351805
SP.POP.GROW,ZM,2008,3.57109657699196
SP.POP.GROW,ZM,2007,3.53292144460649
SP.POP.GROW,ZM,2006,3.45623668042667
SP.POP.GROW,ZM,2005,3.31267042148986
SP.POP.GROW,ZM,2004,3.17893646862542
SP.POP.GROW,ZM,2003,3.08911357914686
SP.POP.GROW,ZM,2002,3.05652834733399
SP.POP.GROW,ZM,2001,2.99605641046682
SP.POP.GROW,ZM,2000,2.76660559103692
SP.POP.GROW,ZM,1999,2.62005456846976
