DT.ODA.ODAT.CD,AF,2019,4136990234.375
DT.ODA.ODAT.CD,AF,2018,3792489990.23438
DT.ODA.ODAT.CD,AF,2017,3811739990.23438
DT.ODA.ODAT.CD,AF,2016,4069409912.10938
DT.ODA.ODAT.CD,AF,2015,4274229980.46875
DT.ODA.ODAT.CD,AF,2014,4942970214.84375
DT.ODA.ODAT.CD,AF,2013,5152540039.0625
DT.ODA.ODAT.CD,AF,2012,6666770019.53125
DT.ODA.ODAT.CD,AF,2011,6745740234.375
DT.ODA.ODAT.CD,AF,2010,6235319824.21875
DT.ODA.ODAT.CD,AF,2009,5766540039.0625
DT.ODA.ODAT.CD,AF,2008,4645399902.34375
DT.ODA.ODAT.CD,AF,2007,4540379882.8125
DT.ODA.ODAT.CD,AF,2006,2895830078.125
DT.ODA.ODAT.CD,AF,2005,2815100097.65625
DT.ODA.ODAT.CD,AF,2004,2268530029.29688
DT.ODA.ODAT.CD,AF,2003,1538229980.46875
DT.ODA.ODAT.CD,AF,2002,1223290039.0625
DT.ODA.ODAT.CD,AF,2001,410359985.351563
DT.ODA.ODAT.CD,AF,2000,136009994.506836
DT.ODA.ODAT.CD,AF,1999,142860000.610352
DT.ODA.ODAT.CD,AF,1998,164199996.948242
DT.ODA.ODAT.CD,AF,1997,230750000
DT.ODA.ODAT.CD,AF,1996,169630004.882813
DT.ODA.ODAT.CD,AF,1995,212529998.779297
DT.ODA.ODAT.CD,AO,2019,20920000.0762939
DT.ODA.ODAT.CD,AO,2018,162639999.389648
DT.ODA.ODAT.CD,AO,2017,223139999.389648
DT.ODA.ODAT.CD,AO,2016,206509994.506836
DT.ODA.ODAT.CD,AO,2015,380059997.558594
DT.ODA.ODAT.CD,AO,2014,235389999.389648
DT.ODA.ODAT.CD,AO,2013,285540008.544922
DT.ODA.ODAT.CD,AO,2012,243610000.610352
DT.ODA.ODAT.CD,AO,2011,192940002.441406
DT.ODA.ODAT.CD,AO,2010,235169998.168945
DT.ODA.ODAT.CD,AO,2009,218600006.103516
DT.ODA.ODAT.CD,AO,2008,346589996.337891
DT.ODA.ODAT.CD,AO,2007,219910003.662109
DT.ODA.ODAT.CD,AO,2006,163520004.272461
DT.ODA.ODAT.CD,AO,2005,414679992.675781
DT.ODA.ODAT.CD,AO,2004,1144569946.28906
DT.ODA.ODAT.CD,AO,2003,493500000
DT.ODA.ODAT.CD,AO,2002,414029998.779297
DT.ODA.ODAT.CD,AO,2001,282730010.986328
DT.ODA.ODAT.CD,AO,2000,302209991.455078
DT.ODA.ODAT.CD,AO,1999,387540008.544922
DT.ODA.ODAT.CD,AO,1998,335269989.013672
DT.ODA.ODAT.CD,AO,1997,354660003.662109
DT.ODA.ODAT.CD,AO,1996,459309997.558594
DT.ODA.ODAT.CD,AO,1995,416420013.427734
DT.ODA.ODAT.CD,BI,2019,554169982.910156
DT.ODA.ODAT.CD,BI,2018,451420013.427734
DT.ODA.ODAT.CD,BI,2017,435820007.324219
DT.ODA.ODAT.CD,BI,2016,742640014.648438
DT.ODA.ODAT.CD,BI,2015,366920013.427734
DT.ODA.ODAT.CD,BI,2014,515400024.414063
DT.ODA.ODAT.CD,BI,2013,558830017.089844
DT.ODA.ODAT.CD,BI,2012,524169982.910156
DT.ODA.ODAT.CD,BI,2011,572239990.234375
DT.ODA.ODAT.CD,BI,2010,627609985.351563
DT.ODA.ODAT.CD,BI,2009,514690002.441406
DT.ODA.ODAT.CD,BI,2008,454890014.648438
DT.ODA.ODAT.CD,BI,2007,396350006.103516
DT.ODA.ODAT.CD,BI,2006,432019989.013672
DT.ODA.ODAT.CD,BI,2005,365579986.572266
DT.ODA.ODAT.CD,BI,2004,358820007.324219
DT.ODA.ODAT.CD,BI,2003,227600006.103516
DT.ODA.ODAT.CD,BI,2002,171910003.662109
DT.ODA.ODAT.CD,BI,2001,139250000
DT.ODA.ODAT.CD,BI,2000,93309997.5585938
DT.ODA.ODAT.CD,BI,1999,75099998.4741211
DT.ODA.ODAT.CD,BI,1998,68750000
DT.ODA.ODAT.CD,BI,1997,56400001.5258789
DT.ODA.ODAT.CD,BI,1996,110519996.643066
DT.ODA.ODAT.CD,BI,1995,286950012.207031
DT.ODA.ODAT.CD,BJ,2019,593159973.144531
DT.ODA.ODAT.CD,BJ,2018,574679992.675781
DT.ODA.ODAT.CD,BJ,2017,680000000
DT.ODA.ODAT.CD,BJ,2016,500760009.765625
DT.ODA.ODAT.CD,BJ,2015,436630004.882813
DT.ODA.ODAT.CD,BJ,2014,599320007.324219
DT.ODA.ODAT.CD,BJ,2013,660200012.207031
DT.ODA.ODAT.CD,BJ,2012,507880004.882813
DT.ODA.ODAT.CD,BJ,2011,672609985.351563
DT.ODA.ODAT.CD,BJ,2010,689270019.53125
DT.ODA.ODAT.CD,BJ,2009,587049987.792969
DT.ODA.ODAT.CD,BJ,2008,543330017.089844
DT.ODA.ODAT.CD,BJ,2007,413609985.351563
DT.ODA.ODAT.CD,BJ,2006,400309997.558594
DT.ODA.ODAT.CD,BJ,2005,349079986.572266
DT.ODA.ODAT.CD,BJ,2004,391790008.544922
DT.ODA.ODAT.CD,BJ,2003,301989990.234375
DT.ODA.ODAT.CD,BJ,2002,221539993.286133
DT.ODA.ODAT.CD,BJ,2001,280420013.427734
DT.ODA.ODAT.CD,BJ,2000,244770004.272461
DT.ODA.ODAT.CD,BJ,1999,212440002.441406
DT.ODA.ODAT.CD,BJ,1998,205229995.727539
DT.ODA.ODAT.CD,BJ,1997,221149993.896484
DT.ODA.ODAT.CD,BJ,1996,288290008.544922
DT.ODA.ODAT.CD,BJ,1995,280559997.558594
DT.ODA.ODAT.CD,BF,2019,1107790039.0625
DT.ODA.ODAT.CD,BF,2018,1187560058.59375
DT.ODA.ODAT.CD,BF,2017,892150024.414063
DT.ODA.ODAT.CD,BF,2016,1029479980.46875
DT.ODA.ODAT.CD,BF,2015,998390014.648438
DT.ODA.ODAT.CD,BF,2014,1123359985.35156
DT.ODA.ODAT.CD,BF,2013,1045079956.05469
DT.ODA.ODAT.CD,BF,2012,1152319946.28906
DT.ODA.ODAT.CD,BF,2011,981979980.46875
DT.ODA.ODAT.CD,BF,2010,1044619995.11719
DT.ODA.ODAT.CD,BF,2009,858599975.585938
DT.ODA.ODAT.CD,BF,2008,821520019.53125
DT.ODA.ODAT.CD,BF,2007,772260009.765625
DT.ODA.ODAT.CD,BF,2006,900549987.792969
DT.ODA.ODAT.CD,BF,2005,698190002.441406
DT.ODA.ODAT.CD,BF,2004,647380004.882813
DT.ODA.ODAT.CD,BF,2003,540840026.855469
DT.ODA.ODAT.CD,BF,2002,440269989.013672
DT.ODA.ODAT.CD,BF,2001,390940002.441406
DT.ODA.ODAT.CD,BF,2000,179779998.779297
DT.ODA.ODAT.CD,BF,1999,398760009.765625
DT.ODA.ODAT.CD,BF,1998,400119995.117188
DT.ODA.ODAT.CD,BF,1997,369109985.351563
DT.ODA.ODAT.CD,BF,1996,419239990.234375
DT.ODA.ODAT.CD,BF,1995,490450012.207031
DT.ODA.ODAT.CD,BD,2019,4381589843.75
DT.ODA.ODAT.CD,BD,2018,3044760009.76563
DT.ODA.ODAT.CD,BD,2017,3781770019.53125
DT.ODA.ODAT.CD,BD,2016,2532820068.35938
DT.ODA.ODAT.CD,BD,2015,2592909912.10938
DT.ODA.ODAT.CD,BD,2014,2422639892.57813
DT.ODA.ODAT.CD,BD,2013,2633590087.89063
DT.ODA.ODAT.CD,BD,2012,2154050048.82813
DT.ODA.ODAT.CD,BD,2011,1437520019.53125
DT.ODA.ODAT.CD,BD,2010,1327329956.05469
DT.ODA.ODAT.CD,BD,2009,978770019.53125
DT.ODA.ODAT.CD,BD,2008,1142310058.59375
DT.ODA.ODAT.CD,BD,2007,887989990.234375
DT.ODA.ODAT.CD,BD,2006,1027819946.28906
DT.ODA.ODAT.CD,BD,2005,1251619995.11719
DT.ODA.ODAT.CD,BD,2004,1421300048.82813
DT.ODA.ODAT.CD,BD,2003,1301790039.0625
DT.ODA.ODAT.CD,BD,2002,807400024.414063
DT.ODA.ODAT.CD,BD,2001,918450012.207031
DT.ODA.ODAT.CD,BD,2000,976340026.855469
DT.ODA.ODAT.CD,BD,1999,1005429992.67578
DT.ODA.ODAT.CD,BD,1998,979549987.792969
DT.ODA.ODAT.CD,BD,1997,863150024.414063
DT.ODA.ODAT.CD,BD,1996,964880004.882813
DT.ODA.ODAT.CD,BD,1995,1033109985.35156
DT.ODA.ODAT.CD,BO,2019,708200012.207031
DT.ODA.ODAT.CD,BO,2018,728869995.117188
DT.ODA.ODAT.CD,BO,2017,949159973.144531
DT.ODA.ODAT.CD,BO,2016,696510009.765625
DT.ODA.ODAT.CD,BO,2015,791309997.558594
DT.ODA.ODAT.CD,BO,2014,674559997.558594
DT.ODA.ODAT.CD,BO,2013,702299987.792969
DT.ODA.ODAT.CD,BO,2012,661719970.703125
DT.ODA.ODAT.CD,BO,2011,545969970.703125
DT.ODA.ODAT.CD,BO,2010,560270019.53125
DT.ODA.ODAT.CD,BO,2009,579429992.675781
DT.ODA.ODAT.CD,BO,2008,564390014.648438
DT.ODA.ODAT.CD,BO,2007,424720001.220703
DT.ODA.ODAT.CD,BO,2006,807599975.585938
DT.ODA.ODAT.CD,BO,2005,542880004.882813
DT.ODA.ODAT.CD,BO,2004,706659973.144531
DT.ODA.ODAT.CD,BO,2003,762630004.882813
DT.ODA.ODAT.CD,BO,2002,600330017.089844
DT.ODA.ODAT.CD,BO,2001,675960021.972656
DT.ODA.ODAT.CD,BO,2000,426079986.572266
DT.ODA.ODAT.CD,BO,1999,519809997.558594
DT.ODA.ODAT.CD,BO,1998,549390014.648438
DT.ODA.ODAT.CD,BO,1997,628289978.027344
DT.ODA.ODAT.CD,BO,1996,760099975.585938
DT.ODA.ODAT.CD,BO,1995,678820007.324219
DT.ODA.ODAT.CD,BT,2019,178669998.168945
DT.ODA.ODAT.CD,BT,2018,107919998.168945
DT.ODA.ODAT.CD,BT,2017,118540000.915527
DT.ODA.ODAT.CD,BT,2016,51599998.4741211
DT.ODA.ODAT.CD,BT,2015,97279998.7792969
DT.ODA.ODAT.CD,BT,2014,130639999.389648
DT.ODA.ODAT.CD,BT,2013,136800003.051758
DT.ODA.ODAT.CD,BT,2012,161649993.896484
DT.ODA.ODAT.CD,BT,2011,118650001.525879
DT.ODA.ODAT.CD,BT,2010,97239997.8637695
DT.ODA.ODAT.CD,BT,2009,70269996.6430664
DT.ODA.ODAT.CD,BT,2008,68589996.3378906
DT.ODA.ODAT.CD,BT,2007,59650001.5258789
DT.ODA.ODAT.CD,BT,2006,92419998.1689453
DT.ODA.ODAT.CD,BT,2005,78769996.6430664
DT.ODA.ODAT.CD,BT,2004,72129997.253418
DT.ODA.ODAT.CD,BT,2003,72860000.6103516
DT.ODA.ODAT.CD,BT,2002,60020000.4577637
DT.ODA.ODAT.CD,BT,2001,54610000.6103516
DT.ODA.ODAT.CD,BT,2000,47099998.4741211
DT.ODA.ODAT.CD,BT,1999,65620002.746582
DT.ODA.ODAT.CD,BT,1998,52439998.626709
DT.ODA.ODAT.CD,BT,1997,59340000.1525879
DT.ODA.ODAT.CD,BT,1996,57099998.4741211
DT.ODA.ODAT.CD,BT,1995,69459999.0844727
DT.ODA.ODAT.CD,CF,2019,676419982.910156
DT.ODA.ODAT.CD,CF,2018,641049987.792969
DT.ODA.ODAT.CD,CF,2017,511980010.986328
DT.ODA.ODAT.CD,CF,2016,506760009.765625
DT.ODA.ODAT.CD,CF,2015,486920013.427734
DT.ODA.ODAT.CD,CF,2014,611000000
DT.ODA.ODAT.CD,CF,2013,202820007.324219
DT.ODA.ODAT.CD,CF,2012,228020004.272461
DT.ODA.ODAT.CD,CF,2011,268769989.013672
DT.ODA.ODAT.CD,CF,2010,260980010.986328
DT.ODA.ODAT.CD,CF,2009,212360000.610352
DT.ODA.ODAT.CD,CF,2008,245649993.896484
DT.ODA.ODAT.CD,CF,2007,179270004.272461
DT.ODA.ODAT.CD,CF,2006,133589996.337891
DT.ODA.ODAT.CD,CF,2005,88970001.2207031
DT.ODA.ODAT.CD,CF,2004,110059997.558594
DT.ODA.ODAT.CD,CF,2003,51500000
DT.ODA.ODAT.CD,CF,2002,60009998.3215332
DT.ODA.ODAT.CD,CF,2001,76209999.0844727
DT.ODA.ODAT.CD,CF,2000,75900001.5258789
DT.ODA.ODAT.CD,CF,1999,118760002.13623
DT.ODA.ODAT.CD,CF,1998,120620002.746582
DT.ODA.ODAT.CD,CF,1997,91550003.0517578
DT.ODA.ODAT.CD,CF,1996,169130004.882813
DT.ODA.ODAT.CD,CF,1995,167779998.779297
DT.ODA.ODAT.CD,CI,2019,1173609985.35156
DT.ODA.ODAT.CD,CI,2018,960070007.324219
DT.ODA.ODAT.CD,CI,2017,829150024.414063
DT.ODA.ODAT.CD,CI,2016,615780029.296875
DT.ODA.ODAT.CD,CI,2015,651770019.53125
DT.ODA.ODAT.CD,CI,2014,925039978.027344
DT.ODA.ODAT.CD,CI,2013,1273439941.40625
DT.ODA.ODAT.CD,CI,2012,2908330078.125
DT.ODA.ODAT.CD,CI,2011,1437709960.9375
DT.ODA.ODAT.CD,CI,2010,845309997.558594
DT.ODA.ODAT.CD,CI,2009,2217520019.53125
DT.ODA.ODAT.CD,CI,2008,390350006.103516
DT.ODA.ODAT.CD,CI,2007,186860000.610352
DT.ODA.ODAT.CD,CI,2006,247139999.389648
DT.ODA.ODAT.CD,CI,2005,91279998.7792969
DT.ODA.ODAT.CD,CI,2004,160710006.713867
DT.ODA.ODAT.CD,CI,2003,253699996.948242
DT.ODA.ODAT.CD,CI,2002,1067500000
DT.ODA.ODAT.CD,CI,2001,186080001.831055
DT.ODA.ODAT.CD,CI,2000,350920013.427734
DT.ODA.ODAT.CD,CI,1999,447779998.779297
DT.ODA.ODAT.CD,CI,1998,967270019.53125
DT.ODA.ODAT.CD,CI,1997,447000000
DT.ODA.ODAT.CD,CI,1996,964770019.53125
DT.ODA.ODAT.CD,CI,1995,1212439941.40625
DT.ODA.ODAT.CD,CM,2019,1297489990.23438
DT.ODA.ODAT.CD,CM,2018,1165349975.58594
DT.ODA.ODAT.CD,CM,2017,1216800048.82813
DT.ODA.ODAT.CD,CM,2016,756590026.855469
DT.ODA.ODAT.CD,CM,2015,664159973.144531
DT.ODA.ODAT.CD,CM,2014,856119995.117188
DT.ODA.ODAT.CD,CM,2013,751960021.972656
DT.ODA.ODAT.CD,CM,2012,597159973.144531
DT.ODA.ODAT.CD,CM,2011,612080017.089844
DT.ODA.ODAT.CD,CM,2010,540229980.46875
DT.ODA.ODAT.CD,CM,2009,596159973.144531
DT.ODA.ODAT.CD,CM,2008,522450012.207031
DT.ODA.ODAT.CD,CM,2007,1897869995.11719
DT.ODA.ODAT.CD,CM,2006,1716239990.23438
DT.ODA.ODAT.CD,CM,2005,416540008.544922
DT.ODA.ODAT.CD,CM,2004,780739990.234375
DT.ODA.ODAT.CD,CM,2003,885619995.117188
DT.ODA.ODAT.CD,CM,2002,605739990.234375
DT.ODA.ODAT.CD,CM,2001,458089996.337891
DT.ODA.ODAT.CD,CM,2000,377160003.662109
DT.ODA.ODAT.CD,CM,1999,434480010.986328
DT.ODA.ODAT.CD,CM,1998,498690002.441406
DT.ODA.ODAT.CD,CM,1997,500059997.558594
DT.ODA.ODAT.CD,CM,1996,411380004.882813
DT.ODA.ODAT.CD,CM,1995,443989990.234375
DT.ODA.ODAT.CD,CD,2019,2809199951.17188
DT.ODA.ODAT.CD,CD,2018,2513899902.34375
DT.ODA.ODAT.CD,CD,2017,2292399902.34375
DT.ODA.ODAT.CD,CD,2016,2102260009.76563
DT.ODA.ODAT.CD,CD,2015,2599149902.34375
DT.ODA.ODAT.CD,CD,2014,2400020019.53125
DT.ODA.ODAT.CD,CD,2013,2584000000
DT.ODA.ODAT.CD,CD,2012,2846120117.1875
DT.ODA.ODAT.CD,CD,2011,5526459960.9375
DT.ODA.ODAT.CD,CD,2010,3483649902.34375
DT.ODA.ODAT.CD,CD,2009,1960719970.70313
DT.ODA.ODAT.CD,CD,2008,1476130004.88281
DT.ODA.ODAT.CD,CD,2007,1128010009.76563
DT.ODA.ODAT.CD,CD,2006,2197239990.23438
DT.ODA.ODAT.CD,CD,2005,1881800048.82813
DT.ODA.ODAT.CD,CD,2004,1919150024.41406
DT.ODA.ODAT.CD,CD,2003,5417029785.15625
DT.ODA.ODAT.CD,CD,2002,1176170043.94531
DT.ODA.ODAT.CD,CD,2001,246639999.389648
DT.ODA.ODAT.CD,CD,2000,178440002.441406
DT.ODA.ODAT.CD,CD,1999,135509994.506836
DT.ODA.ODAT.CD,CD,1998,127019996.643066
DT.ODA.ODAT.CD,CD,1997,157880004.882813
DT.ODA.ODAT.CD,CD,1996,166160003.662109
DT.ODA.ODAT.CD,CD,1995,194750000
DT.ODA.ODAT.CD,CG,2019,176669998.168945
DT.ODA.ODAT.CD,CG,2018,146550003.051758
DT.ODA.ODAT.CD,CG,2017,106940002.441406
DT.ODA.ODAT.CD,CG,2016,86959999.0844727
DT.ODA.ODAT.CD,CG,2015,88800003.0517578
DT.ODA.ODAT.CD,CG,2014,106180000.305176
DT.ODA.ODAT.CD,CG,2013,150970001.220703
DT.ODA.ODAT.CD,CG,2012,140130004.882813
DT.ODA.ODAT.CD,CG,2011,261239990.234375
DT.ODA.ODAT.CD,CG,2010,1315089965.82031
DT.ODA.ODAT.CD,CG,2009,272440002.441406
DT.ODA.ODAT.CD,CG,2008,467720001.220703
DT.ODA.ODAT.CD,CG,2007,101089996.337891
DT.ODA.ODAT.CD,CG,2006,258299987.792969
DT.ODA.ODAT.CD,CG,2005,1425550048.82813
DT.ODA.ODAT.CD,CG,2004,115809997.558594
DT.ODA.ODAT.CD,CG,2003,69279998.7792969
DT.ODA.ODAT.CD,CG,2002,57130001.0681152
DT.ODA.ODAT.CD,CG,2001,73889999.3896484
DT.ODA.ODAT.CD,CG,2000,32150001.5258789
DT.ODA.ODAT.CD,CG,1999,140539993.286133
DT.ODA.ODAT.CD,CG,1998,64989997.8637695
DT.ODA.ODAT.CD,CG,1997,268670013.427734
DT.ODA.ODAT.CD,CG,1996,431290008.544922
DT.ODA.ODAT.CD,CG,1995,126860000.610352
DT.ODA.ODAT.CD,KM,2019,73529998.7792969
DT.ODA.ODAT.CD,KM,2018,90930000.3051758
DT.ODA.ODAT.CD,KM,2017,67220001.2207031
DT.ODA.ODAT.CD,KM,2016,53740001.6784668
DT.ODA.ODAT.CD,KM,2015,65830001.8310547
DT.ODA.ODAT.CD,KM,2014,74949996.9482422
DT.ODA.ODAT.CD,KM,2013,81230003.3569336
DT.ODA.ODAT.CD,KM,2012,101610000.610352
DT.ODA.ODAT.CD,KM,2011,55349998.4741211
DT.ODA.ODAT.CD,KM,2010,69910003.6621094
DT.ODA.ODAT.CD,KM,2009,51159999.8474121
DT.ODA.ODAT.CD,KM,2008,41979999.5422363
DT.ODA.ODAT.CD,KM,2007,42549999.2370605
DT.ODA.ODAT.CD,KM,2006,32000000
DT.ODA.ODAT.CD,KM,2005,23139999.3896484
DT.ODA.ODAT.CD,KM,2004,25879999.1607666
DT.ODA.ODAT.CD,KM,2003,24610000.6103516
DT.ODA.ODAT.CD,KM,2002,27579999.9237061
DT.ODA.ODAT.CD,KM,2001,27670000.0762939
DT.ODA.ODAT.CD,KM,2000,19309999.4659424
DT.ODA.ODAT.CD,KM,1999,22090000.1525879
DT.ODA.ODAT.CD,KM,1998,40619998.9318848
DT.ODA.ODAT.CD,KM,1997,30200000.7629395
DT.ODA.ODAT.CD,KM,1996,39200000.7629395
DT.ODA.ODAT.CD,KM,1995,41599998.4741211
DT.ODA.ODAT.CD,CV,2019,151940002.441406
DT.ODA.ODAT.CD,CV,2018,84279998.7792969
DT.ODA.ODAT.CD,CV,2017,123010002.13623
DT.ODA.ODAT.CD,CV,2016,115239997.86377
DT.ODA.ODAT.CD,CV,2015,153250000
DT.ODA.ODAT.CD,CV,2014,231389999.389648
DT.ODA.ODAT.CD,CV,2013,245160003.662109
DT.ODA.ODAT.CD,CV,2012,245639999.389648
DT.ODA.ODAT.CD,CV,2011,251369995.117188
DT.ODA.ODAT.CD,CV,2010,326980010.986328
DT.ODA.ODAT.CD,CV,2009,196279998.779297
DT.ODA.ODAT.CD,CV,2008,203649993.896484
DT.ODA.ODAT.CD,CV,2007,145100006.103516
DT.ODA.ODAT.CD,CV,2006,139110000.610352
DT.ODA.ODAT.CD,CV,2005,162869995.117188
DT.ODA.ODAT.CD,CV,2004,143779998.779297
DT.ODA.ODAT.CD,CV,2003,145330001.831055
DT.ODA.ODAT.CD,CV,2002,92500000
DT.ODA.ODAT.CD,CV,2001,78059997.5585938
DT.ODA.ODAT.CD,CV,2000,94650001.5258789
DT.ODA.ODAT.CD,CV,1999,136970001.220703
DT.ODA.ODAT.CD,CV,1998,129770004.272461
DT.ODA.ODAT.CD,CV,1997,111010002.13623
DT.ODA.ODAT.CD,CV,1996,116459999.084473
DT.ODA.ODAT.CD,CV,1995,115730003.356934
DT.ODA.ODAT.CD,DJ,2019,262480010.986328
DT.ODA.ODAT.CD,DJ,2018,179220001.220703
DT.ODA.ODAT.CD,DJ,2017,142610000.610352
DT.ODA.ODAT.CD,DJ,2016,185350006.103516
DT.ODA.ODAT.CD,DJ,2015,173389999.389648
DT.ODA.ODAT.CD,DJ,2014,166110000.610352
DT.ODA.ODAT.CD,DJ,2013,149250000
DT.ODA.ODAT.CD,DJ,2012,148460006.713867
DT.ODA.ODAT.CD,DJ,2011,141399993.896484
DT.ODA.ODAT.CD,DJ,2010,132029998.779297
DT.ODA.ODAT.CD,DJ,2009,156860000.610352
DT.ODA.ODAT.CD,DJ,2008,132740005.493164
DT.ODA.ODAT.CD,DJ,2007,101989997.86377
DT.ODA.ODAT.CD,DJ,2006,115379997.253418
DT.ODA.ODAT.CD,DJ,2005,74169998.1689453
DT.ODA.ODAT.CD,DJ,2004,64330001.8310547
DT.ODA.ODAT.CD,DJ,2003,79260002.1362305
DT.ODA.ODAT.CD,DJ,2002,74099998.4741211
DT.ODA.ODAT.CD,DJ,2001,59400001.5258789
DT.ODA.ODAT.CD,DJ,2000,72239997.8637695
DT.ODA.ODAT.CD,DJ,1999,75150001.5258789
DT.ODA.ODAT.CD,DJ,1998,80980003.3569336
DT.ODA.ODAT.CD,DJ,1997,85650001.5258789
DT.ODA.ODAT.CD,DJ,1996,97080001.8310547
DT.ODA.ODAT.CD,DJ,1995,105559997.558594
DT.ODA.ODAT.CD,EG,2019,1706400024.41406
DT.ODA.ODAT.CD,EG,2018,2080899902.34375
DT.ODA.ODAT.CD,EG,2017,33110000.6103516
DT.ODA.ODAT.CD,EG,2016,2437350097.65625
DT.ODA.ODAT.CD,EG,2015,2524530029.29688
DT.ODA.ODAT.CD,EG,2014,3537600097.65625
DT.ODA.ODAT.CD,EG,2013,5512509765.625
DT.ODA.ODAT.CD,EG,2012,1813430053.71094
DT.ODA.ODAT.CD,EG,2011,423730010.986328
DT.ODA.ODAT.CD,EG,2010,599159973.144531
DT.ODA.ODAT.CD,EG,2009,976830017.089844
DT.ODA.ODAT.CD,EG,2008,1739439941.40625
DT.ODA.ODAT.CD,EG,2007,1171989990.23438
DT.ODA.ODAT.CD,EG,2006,909030029.296875
DT.ODA.ODAT.CD,EG,2005,1046310058.59375
DT.ODA.ODAT.CD,EG,2004,1502839965.82031
DT.ODA.ODAT.CD,EG,2003,1017179992.67578
DT.ODA.ODAT.CD,EG,2002,1308729980.46875
DT.ODA.ODAT.CD,EG,2001,1300390014.64844
DT.ODA.ODAT.CD,EG,2000,1370829956.05469
DT.ODA.ODAT.CD,EG,1999,1620250000
DT.ODA.ODAT.CD,EG,1998,1974140014.64844
DT.ODA.ODAT.CD,EG,1997,2009459960.9375
DT.ODA.ODAT.CD,EG,1996,2193899902.34375
DT.ODA.ODAT.CD,EG,1995,2028069946.28906
DT.ODA.ODAT.CD,ER,2019,265950012.207031
DT.ODA.ODAT.CD,ER,2018,84239997.8637695
DT.ODA.ODAT.CD,ER,2017,79190002.4414063
DT.ODA.ODAT.CD,ER,2016,66819999.6948242
DT.ODA.ODAT.CD,ER,2015,93919998.1689453
DT.ODA.ODAT.CD,ER,2014,84190002.4414063
DT.ODA.ODAT.CD,ER,2013,81309997.5585938
DT.ODA.ODAT.CD,ER,2012,135960006.713867
DT.ODA.ODAT.CD,ER,2011,133410003.662109
DT.ODA.ODAT.CD,ER,2010,162309997.558594
DT.ODA.ODAT.CD,ER,2009,136600006.103516
DT.ODA.ODAT.CD,ER,2008,115819999.694824
DT.ODA.ODAT.CD,ER,2007,126669998.168945
DT.ODA.ODAT.CD,ER,2006,126190002.441406
DT.ODA.ODAT.CD,ER,2005,349739990.234375
DT.ODA.ODAT.CD,ER,2004,263519989.013672
DT.ODA.ODAT.CD,ER,2003,316959991.455078
DT.ODA.ODAT.CD,ER,2002,226669998.168945
DT.ODA.ODAT.CD,ER,2001,284700012.207031
DT.ODA.ODAT.CD,ER,2000,178020004.272461
DT.ODA.ODAT.CD,ER,1999,149869995.117188
DT.ODA.ODAT.CD,ER,1998,168809997.558594
DT.ODA.ODAT.CD,ER,1997,123510002.13623
DT.ODA.ODAT.CD,ER,1996,157490005.493164
DT.ODA.ODAT.CD,ER,1995,148289993.286133
DT.ODA.ODAT.CD,ET,2019,4676649902.34375
DT.ODA.ODAT.CD,ET,2018,4940959960.9375
DT.ODA.ODAT.CD,ET,2017,4124750000
DT.ODA.ODAT.CD,ET,2016,4084370117.1875
DT.ODA.ODAT.CD,ET,2015,3238889892.57813
DT.ODA.ODAT.CD,ET,2014,3583959960.9375
DT.ODA.ODAT.CD,ET,2013,3885540039.0625
DT.ODA.ODAT.CD,ET,2012,3243290039.0625
DT.ODA.ODAT.CD,ET,2011,3495889892.57813
DT.ODA.ODAT.CD,ET,2010,3455159912.10938
DT.ODA.ODAT.CD,ET,2009,2785310058.59375
DT.ODA.ODAT.CD,ET,2008,2770139892.57813
DT.ODA.ODAT.CD,ET,2007,2227600097.65625
DT.ODA.ODAT.CD,ET,2006,2034550048.82813
DT.ODA.ODAT.CD,ET,2005,1929119995.11719
DT.ODA.ODAT.CD,ET,2004,1830300048.82813
DT.ODA.ODAT.CD,ET,2003,1621160034.17969
DT.ODA.ODAT.CD,ET,2002,1324739990.23438
DT.ODA.ODAT.CD,ET,2001,1103599975.58594
DT.ODA.ODAT.CD,ET,2000,687799987.792969
DT.ODA.ODAT.CD,ET,1999,643289978.027344
DT.ODA.ODAT.CD,ET,1998,660239990.234375
DT.ODA.ODAT.CD,ET,1997,578909973.144531
DT.ODA.ODAT.CD,ET,1996,816500000
DT.ODA.ODAT.CD,ET,1995,876979980.46875
DT.ODA.ODAT.CD,FM,2019,92540000.9155273
DT.ODA.ODAT.CD,FM,2018,98790000.9155273
DT.ODA.ODAT.CD,FM,2017,98150001.5258789
DT.ODA.ODAT.CD,FM,2016,50830001.8310547
DT.ODA.ODAT.CD,FM,2015,81389999.3896484
DT.ODA.ODAT.CD,FM,2014,117010002.13623
DT.ODA.ODAT.CD,FM,2013,143210006.713867
DT.ODA.ODAT.CD,FM,2012,143259994.506836
DT.ODA.ODAT.CD,FM,2011,130639999.389648
DT.ODA.ODAT.CD,FM,2010,63770000.4577637
DT.ODA.ODAT.CD,FM,2009,120910003.662109
DT.ODA.ODAT.CD,FM,2008,91129997.253418
DT.ODA.ODAT.CD,FM,2007,111709999.084473
DT.ODA.ODAT.CD,FM,2006,106239997.86377
DT.ODA.ODAT.CD,FM,2005,104819999.694824
DT.ODA.ODAT.CD,FM,2004,85370002.746582
DT.ODA.ODAT.CD,FM,2003,112269996.643066
DT.ODA.ODAT.CD,FM,2002,110730003.356934
DT.ODA.ODAT.CD,FM,2001,135399993.896484
DT.ODA.ODAT.CD,FM,2000,97480003.3569336
DT.ODA.ODAT.CD,FM,1999,102879997.253418
DT.ODA.ODAT.CD,FM,1998,73639999.3896484
DT.ODA.ODAT.CD,FM,1997,84440002.4414063
DT.ODA.ODAT.CD,FM,1996,112690002.441406
DT.ODA.ODAT.CD,FM,1995,73550003.0517578
DT.ODA.ODAT.CD,GH,2019,910989990.234375
DT.ODA.ODAT.CD,GH,2018,1067619995.11719
DT.ODA.ODAT.CD,GH,2017,1263540039.0625
DT.ODA.ODAT.CD,GH,2016,1318650024.41406
DT.ODA.ODAT.CD,GH,2015,1770479980.46875
DT.ODA.ODAT.CD,GH,2014,1123130004.88281
DT.ODA.ODAT.CD,GH,2013,1328170043.94531
DT.ODA.ODAT.CD,GH,2012,1799280029.29688
DT.ODA.ODAT.CD,GH,2011,1803869995.11719
DT.ODA.ODAT.CD,GH,2010,1697219970.70313
DT.ODA.ODAT.CD,GH,2009,1336790039.0625
DT.ODA.ODAT.CD,GH,2008,1039339965.82031
DT.ODA.ODAT.CD,GH,2007,923229980.46875
DT.ODA.ODAT.CD,GH,2006,1236250000
DT.ODA.ODAT.CD,GH,2005,1152640014.64844
DT.ODA.ODAT.CD,GH,2004,1419010009.76563
DT.ODA.ODAT.CD,GH,2003,985039978.027344
DT.ODA.ODAT.CD,GH,2002,689369995.117188
DT.ODA.ODAT.CD,GH,2001,644849975.585938
DT.ODA.ODAT.CD,GH,2000,600650024.414063
DT.ODA.ODAT.CD,GH,1999,610090026.855469
DT.ODA.ODAT.CD,GH,1998,703880004.882813
DT.ODA.ODAT.CD,GH,1997,494170013.427734
DT.ODA.ODAT.CD,GH,1996,651270019.53125
DT.ODA.ODAT.CD,GH,1995,649869995.117188
DT.ODA.ODAT.CD,GN,2019,562080017.089844
DT.ODA.ODAT.CD,GN,2018,653989990.234375
DT.ODA.ODAT.CD,GN,2017,472239990.234375
DT.ODA.ODAT.CD,GN,2016,566979980.46875
DT.ODA.ODAT.CD,GN,2015,539400024.414063
DT.ODA.ODAT.CD,GN,2014,563119995.117188
DT.ODA.ODAT.CD,GN,2013,467420013.427734
DT.ODA.ODAT.CD,GN,2012,633179992.675781
DT.ODA.ODAT.CD,GN,2011,202119995.117188
DT.ODA.ODAT.CD,GN,2010,220970001.220703
DT.ODA.ODAT.CD,GN,2009,242970001.220703
DT.ODA.ODAT.CD,GN,2008,317890014.648438
DT.ODA.ODAT.CD,GN,2007,206080001.831055
DT.ODA.ODAT.CD,GN,2006,173119995.117188
DT.ODA.ODAT.CD,GN,2005,192910003.662109
DT.ODA.ODAT.CD,GN,2004,274809997.558594
DT.ODA.ODAT.CD,GN,2003,250630004.882813
DT.ODA.ODAT.CD,GN,2002,254190002.441406
DT.ODA.ODAT.CD,GN,2001,289250000
DT.ODA.ODAT.CD,GN,2000,153410003.662109
DT.ODA.ODAT.CD,GN,1999,237830001.831055
DT.ODA.ODAT.CD,GN,1998,359570007.324219
DT.ODA.ODAT.CD,GN,1997,381390014.648438
DT.ODA.ODAT.CD,GN,1996,298059997.558594
DT.ODA.ODAT.CD,GN,1995,415920013.427734
DT.ODA.ODAT.CD,GM,2019,189789993.286133
DT.ODA.ODAT.CD,GM,2018,234130004.882813
DT.ODA.ODAT.CD,GM,2017,284470001.220703
DT.ODA.ODAT.CD,GM,2016,91940002.4414063
DT.ODA.ODAT.CD,GM,2015,113940002.441406
DT.ODA.ODAT.CD,GM,2014,100339996.337891
DT.ODA.ODAT.CD,GM,2013,112290000.915527
DT.ODA.ODAT.CD,GM,2012,138979995.727539
DT.ODA.ODAT.CD,GM,2011,135710006.713867
DT.ODA.ODAT.CD,GM,2010,121099998.474121
DT.ODA.ODAT.CD,GM,2009,108760002.13623
DT.ODA.ODAT.CD,GM,2008,86459999.0844727
DT.ODA.ODAT.CD,GM,2007,93839996.3378906
DT.ODA.ODAT.CD,GM,2006,75199996.9482422
DT.ODA.ODAT.CD,GM,2005,60759998.3215332
DT.ODA.ODAT.CD,GM,2004,61340000.1525879
DT.ODA.ODAT.CD,GM,2003,63290000.9155273
DT.ODA.ODAT.CD,GM,2002,64470001.2207031
DT.ODA.ODAT.CD,GM,2001,52729999.5422363
DT.ODA.ODAT.CD,GM,2000,49639999.3896484
DT.ODA.ODAT.CD,GM,1999,34349998.4741211
DT.ODA.ODAT.CD,GM,1998,39450000.7629395
DT.ODA.ODAT.CD,GM,1997,38900001.5258789
DT.ODA.ODAT.CD,GM,1996,36060001.373291
DT.ODA.ODAT.CD,GM,1995,45430000.3051758
DT.ODA.ODAT.CD,GW,2019,112790000.915527
DT.ODA.ODAT.CD,GW,2018,153600006.103516
DT.ODA.ODAT.CD,GW,2017,113349998.474121
DT.ODA.ODAT.CD,GW,2016,196820007.324219
DT.ODA.ODAT.CD,GW,2015,95089996.3378906
DT.ODA.ODAT.CD,GW,2014,110250000
DT.ODA.ODAT.CD,GW,2013,105620002.746582
DT.ODA.ODAT.CD,GW,2012,80279998.7792969
DT.ODA.ODAT.CD,GW,2011,120639999.389648
DT.ODA.ODAT.CD,GW,2010,129000000
DT.ODA.ODAT.CD,GW,2009,134770004.272461
DT.ODA.ODAT.CD,GW,2008,118860000.610352
DT.ODA.ODAT.CD,GW,2007,109180000.305176
DT.ODA.ODAT.CD,GW,2006,88199996.9482422
DT.ODA.ODAT.CD,GW,2005,66760002.1362305
DT.ODA.ODAT.CD,GW,2004,77849998.4741211
DT.ODA.ODAT.CD,GW,2003,145369995.117188
DT.ODA.ODAT.CD,GW,2002,59880001.0681152
DT.ODA.ODAT.CD,GW,2001,60689998.626709
DT.ODA.ODAT.CD,GW,2000,81069999.6948242
DT.ODA.ODAT.CD,GW,1999,52599998.4741211
DT.ODA.ODAT.CD,GW,1998,96010002.1362305
DT.ODA.ODAT.CD,GW,1997,124529998.779297
DT.ODA.ODAT.CD,GW,1996,180770004.272461
DT.ODA.ODAT.CD,GW,1995,117599998.474121
DT.ODA.ODAT.CD,HN,2019,452200012.207031
DT.ODA.ODAT.CD,HN,2018,664940002.441406
DT.ODA.ODAT.CD,HN,2017,442230010.986328
DT.ODA.ODAT.CD,HN,2016,412399993.896484
DT.ODA.ODAT.CD,HN,2015,540599975.585938
DT.ODA.ODAT.CD,HN,2014,606280029.296875
DT.ODA.ODAT.CD,HN,2013,625869995.117188
DT.ODA.ODAT.CD,HN,2012,566190002.441406
DT.ODA.ODAT.CD,HN,2011,359250000
DT.ODA.ODAT.CD,HN,2010,470500000
DT.ODA.ODAT.CD,HN,2009,369019989.013672
DT.ODA.ODAT.CD,HN,2008,411000000
DT.ODA.ODAT.CD,HN,2007,362980010.986328
DT.ODA.ODAT.CD,HN,2006,518229980.46875
DT.ODA.ODAT.CD,HN,2005,649359985.351563
DT.ODA.ODAT.CD,HN,2004,539570007.324219
DT.ODA.ODAT.CD,HN,2003,317260009.765625
DT.ODA.ODAT.CD,HN,2002,382089996.337891
DT.ODA.ODAT.CD,HN,2001,562250000
DT.ODA.ODAT.CD,HN,2000,399850006.103516
DT.ODA.ODAT.CD,HN,1999,757260009.765625
DT.ODA.ODAT.CD,HN,1998,283500000
DT.ODA.ODAT.CD,HN,1997,275519989.013672
DT.ODA.ODAT.CD,HN,1996,238729995.727539
DT.ODA.ODAT.CD,HN,1995,374670013.427734
DT.ODA.ODAT.CD,HT,2019,695900024.414063
DT.ODA.ODAT.CD,HT,2018,1017109985.35156
DT.ODA.ODAT.CD,HT,2017,981250000
DT.ODA.ODAT.CD,HT,2016,1071680053.71094
DT.ODA.ODAT.CD,HT,2015,1045859985.35156
DT.ODA.ODAT.CD,HT,2014,1082359985.35156
DT.ODA.ODAT.CD,HT,2013,1152130004.88281
DT.ODA.ODAT.CD,HT,2012,1273349975.58594
DT.ODA.ODAT.CD,HT,2011,1506459960.9375
DT.ODA.ODAT.CD,HT,2010,2889840087.89063
DT.ODA.ODAT.CD,HT,2009,943880004.882813
DT.ODA.ODAT.CD,HT,2008,800659973.144531
DT.ODA.ODAT.CD,HT,2007,585109985.351563
DT.ODA.ODAT.CD,HT,2006,531539978.027344
DT.ODA.ODAT.CD,HT,2005,366630004.882813
DT.ODA.ODAT.CD,HT,2004,280059997.558594
DT.ODA.ODAT.CD,HT,2003,186740005.493164
DT.ODA.ODAT.CD,HT,2002,151949996.948242
DT.ODA.ODAT.CD,HT,2001,170029998.779297
DT.ODA.ODAT.CD,HT,2000,181639999.389648
DT.ODA.ODAT.CD,HT,1999,213770004.272461
DT.ODA.ODAT.CD,HT,1998,350929992.675781
DT.ODA.ODAT.CD,HT,1997,280799987.792969
DT.ODA.ODAT.CD,HT,1996,331109985.351563
DT.ODA.ODAT.CD,HT,1995,654799987.792969
DT.ODA.ODAT.CD,IN,2019,2550320068.35938
DT.ODA.ODAT.CD,IN,2018,2461989990.23438
DT.ODA.ODAT.CD,IN,2017,3198139892.57813
DT.ODA.ODAT.CD,IN,2016,2679040039.0625
DT.ODA.ODAT.CD,IN,2015,3174350097.65625
DT.ODA.ODAT.CD,IN,2014,2991820068.35938
DT.ODA.ODAT.CD,IN,2013,2456340087.89063
DT.ODA.ODAT.CD,IN,2012,1681849975.58594
DT.ODA.ODAT.CD,IN,2011,3270219970.70313
DT.ODA.ODAT.CD,IN,2010,2831340087.89063
DT.ODA.ODAT.CD,IN,2009,1985329956.05469
DT.ODA.ODAT.CD,IN,2008,1930640014.64844
DT.ODA.ODAT.CD,IN,2007,1237290039.0625
DT.ODA.ODAT.CD,IN,2006,1383579956.05469
DT.ODA.ODAT.CD,IN,2005,1875959960.9375
DT.ODA.ODAT.CD,IN,2004,778309997.558594
DT.ODA.ODAT.CD,IN,2003,720900024.414063
DT.ODA.ODAT.CD,IN,2002,1738209960.9375
DT.ODA.ODAT.CD,IN,2001,1729609985.35156
DT.ODA.ODAT.CD,IN,2000,1383420043.94531
DT.ODA.ODAT.CD,IN,1999,1490760009.76563
DT.ODA.ODAT.CD,IN,1998,1608949951.17188
DT.ODA.ODAT.CD,IN,1997,1646250000
DT.ODA.ODAT.CD,IN,1996,1904150024.41406
DT.ODA.ODAT.CD,IN,1995,1732829956.05469
DT.ODA.ODAT.CD,JO,2019,2689850097.65625
DT.ODA.ODAT.CD,JO,2018,2526100097.65625
DT.ODA.ODAT.CD,JO,2017,2979659912.10938
DT.ODA.ODAT.CD,JO,2016,2727969970.70313
DT.ODA.ODAT.CD,JO,2015,2141050048.82813
DT.ODA.ODAT.CD,JO,2014,2697159912.10938
DT.ODA.ODAT.CD,JO,2013,1400329956.05469
DT.ODA.ODAT.CD,JO,2012,1157500000
DT.ODA.ODAT.CD,JO,2011,974099975.585938
DT.ODA.ODAT.CD,JO,2010,954750000
DT.ODA.ODAT.CD,JO,2009,732030029.296875
DT.ODA.ODAT.CD,JO,2008,736630004.882813
DT.ODA.ODAT.CD,JO,2007,634059997.558594
DT.ODA.ODAT.CD,JO,2006,573570007.324219
DT.ODA.ODAT.CD,JO,2005,709849975.585938
DT.ODA.ODAT.CD,JO,2004,604630004.882813
DT.ODA.ODAT.CD,JO,2003,1321219970.70313
DT.ODA.ODAT.CD,JO,2002,562719970.703125
DT.ODA.ODAT.CD,JO,2001,450309997.558594
DT.ODA.ODAT.CD,JO,2000,554179992.675781
DT.ODA.ODAT.CD,JO,1999,435200012.207031
DT.ODA.ODAT.CD,JO,1998,413910003.662109
DT.ODA.ODAT.CD,JO,1997,475570007.324219
DT.ODA.ODAT.CD,JO,1996,509079986.572266
DT.ODA.ODAT.CD,JO,1995,540489990.234375
DT.ODA.ODAT.CD,KE,2019,3171919921.875
DT.ODA.ODAT.CD,KE,2018,2491010009.76563
DT.ODA.ODAT.CD,KE,2017,2480219970.70313
DT.ODA.ODAT.CD,KE,2016,2188389892.57813
DT.ODA.ODAT.CD,KE,2015,2463560058.59375
DT.ODA.ODAT.CD,KE,2014,2661030029.29688
DT.ODA.ODAT.CD,KE,2013,3306840087.89063
DT.ODA.ODAT.CD,KE,2012,2653659912.10938
DT.ODA.ODAT.CD,KE,2011,2478820068.35938
DT.ODA.ODAT.CD,KE,2010,1631260009.76563
DT.ODA.ODAT.CD,KE,2009,1697680053.71094
DT.ODA.ODAT.CD,KE,2008,1249430053.71094
DT.ODA.ODAT.CD,KE,2007,1222040039.0625
DT.ODA.ODAT.CD,KE,2006,941650024.414063
DT.ODA.ODAT.CD,KE,2005,756570007.324219
DT.ODA.ODAT.CD,KE,2004,655929992.675781
DT.ODA.ODAT.CD,KE,2003,522900024.414063
DT.ODA.ODAT.CD,KE,2002,388220001.220703
DT.ODA.ODAT.CD,KE,2001,472410003.662109
DT.ODA.ODAT.CD,KE,2000,513919982.910156
DT.ODA.ODAT.CD,KE,1999,311250000
DT.ODA.ODAT.CD,KE,1998,415260009.765625
DT.ODA.ODAT.CD,KE,1997,448649993.896484
DT.ODA.ODAT.CD,KE,1996,596260009.765625
DT.ODA.ODAT.CD,KE,1995,733090026.855469
DT.ODA.ODAT.CD,KG,2019,443320007.324219
DT.ODA.ODAT.CD,KG,2018,438929992.675781
DT.ODA.ODAT.CD,KG,2017,464970001.220703
DT.ODA.ODAT.CD,KG,2016,519489990.234375
DT.ODA.ODAT.CD,KG,2015,774710021.972656
DT.ODA.ODAT.CD,KG,2014,626570007.324219
DT.ODA.ODAT.CD,KG,2013,539450012.207031
DT.ODA.ODAT.CD,KG,2012,470489990.234375
DT.ODA.ODAT.CD,KG,2011,437859985.351563
DT.ODA.ODAT.CD,KG,2010,372040008.544922
DT.ODA.ODAT.CD,KG,2009,254770004.272461
DT.ODA.ODAT.CD,KG,2008,288320007.324219
DT.ODA.ODAT.CD,KG,2007,209039993.286133
DT.ODA.ODAT.CD,KG,2006,270559997.558594
DT.ODA.ODAT.CD,KG,2005,237869995.117188
DT.ODA.ODAT.CD,KG,2004,206710006.713867
DT.ODA.ODAT.CD,KG,2003,174300003.051758
DT.ODA.ODAT.CD,KG,2002,158520004.272461
DT.ODA.ODAT.CD,KG,2001,129419998.168945
DT.ODA.ODAT.CD,KG,2000,193350006.103516
DT.ODA.ODAT.CD,KG,1999,203570007.324219
DT.ODA.ODAT.CD,KG,1998,196210006.713867
DT.ODA.ODAT.CD,KG,1997,187679992.675781
DT.ODA.ODAT.CD,KG,1996,204229995.727539
DT.ODA.ODAT.CD,KG,1995,244669998.168945
DT.ODA.ODAT.CD,KH,2019,966440002.441406
DT.ODA.ODAT.CD,KH,2018,783400024.414063
DT.ODA.ODAT.CD,KH,2017,856260009.765625
DT.ODA.ODAT.CD,KH,2016,728450012.207031
DT.ODA.ODAT.CD,KH,2015,679039978.027344
DT.ODA.ODAT.CD,KH,2014,802679992.675781
DT.ODA.ODAT.CD,KH,2013,808210021.972656
DT.ODA.ODAT.CD,KH,2012,807690002.441406
DT.ODA.ODAT.CD,KH,2011,691950012.207031
DT.ODA.ODAT.CD,KH,2010,681039978.027344
DT.ODA.ODAT.CD,KH,2009,608309997.558594
DT.ODA.ODAT.CD,KH,2008,579250000
DT.ODA.ODAT.CD,KH,2007,583539978.027344
DT.ODA.ODAT.CD,KH,2006,476350006.103516
DT.ODA.ODAT.CD,KH,2005,452899993.896484
DT.ODA.ODAT.CD,KH,2004,407019989.013672
DT.ODA.ODAT.CD,KH,2003,443160003.662109
DT.ODA.ODAT.CD,KH,2002,407290008.544922
DT.ODA.ODAT.CD,KH,2001,367000000
DT.ODA.ODAT.CD,KH,2000,345559997.558594
DT.ODA.ODAT.CD,KH,1999,251289993.286133
DT.ODA.ODAT.CD,KH,1998,308339996.337891
DT.ODA.ODAT.CD,KH,1997,324700012.207031
DT.ODA.ODAT.CD,KH,1996,384470001.220703
DT.ODA.ODAT.CD,KH,1995,505579986.572266
DT.ODA.ODAT.CD,KI,2019,56659999.8474121
DT.ODA.ODAT.CD,KI,2018,80029998.7792969
DT.ODA.ODAT.CD,KI,2017,77150001.5258789
DT.ODA.ODAT.CD,KI,2016,60840000.1525879
DT.ODA.ODAT.CD,KI,2015,64949996.9482422
DT.ODA.ODAT.CD,KI,2014,80660003.6621094
DT.ODA.ODAT.CD,KI,2013,64989997.8637695
DT.ODA.ODAT.CD,KI,2012,65669998.1689453
DT.ODA.ODAT.CD,KI,2011,64540000.9155273
DT.ODA.ODAT.CD,KI,2010,23770000.4577637
DT.ODA.ODAT.CD,KI,2009,25149999.6185303
DT.ODA.ODAT.CD,KI,2008,26979999.5422363
DT.ODA.ODAT.CD,KI,2007,27510000.2288818
DT.ODA.ODAT.CD,KI,2006,25520000.4577637
DT.ODA.ODAT.CD,KI,2005,26639999.3896484
DT.ODA.ODAT.CD,KI,2004,14560000.4196167
DT.ODA.ODAT.CD,KI,2003,16229999.5422363
DT.ODA.ODAT.CD,KI,2002,20120000.8392334
DT.ODA.ODAT.CD,KI,2001,11069999.6948242
DT.ODA.ODAT.CD,KI,2000,16930000.3051758
DT.ODA.ODAT.CD,KI,1999,20979999.5422363
DT.ODA.ODAT.CD,KI,1998,17420000.0762939
DT.ODA.ODAT.CD,KI,1997,15729999.5422363
DT.ODA.ODAT.CD,KI,1996,12890000.3433228
DT.ODA.ODAT.CD,KI,1995,14529999.7329712
DT.ODA.ODAT.CD,LA,2019,621570007.324219
DT.ODA.ODAT.CD,LA,2018,588739990.234375
DT.ODA.ODAT.CD,LA,2017,480359985.351563
DT.ODA.ODAT.CD,LA,2016,399459991.455078
DT.ODA.ODAT.CD,LA,2015,471089996.337891
DT.ODA.ODAT.CD,LA,2014,474420013.427734
DT.ODA.ODAT.CD,LA,2013,423329986.572266
DT.ODA.ODAT.CD,LA,2012,410700012.207031
DT.ODA.ODAT.CD,LA,2011,371950012.207031
DT.ODA.ODAT.CD,LA,2010,389209991.455078
DT.ODA.ODAT.CD,LA,2009,342609985.351563
DT.ODA.ODAT.CD,LA,2008,418100006.103516
DT.ODA.ODAT.CD,LA,2007,308730010.986328
DT.ODA.ODAT.CD,LA,2006,307239990.234375
DT.ODA.ODAT.CD,LA,2005,241289993.286133
DT.ODA.ODAT.CD,LA,2004,230979995.727539
DT.ODA.ODAT.CD,LA,2003,253669998.168945
DT.ODA.ODAT.CD,LA,2002,234360000.610352
DT.ODA.ODAT.CD,LA,2001,204630004.882813
DT.ODA.ODAT.CD,LA,2000,233610000.610352
DT.ODA.ODAT.CD,LA,1999,250820007.324219
DT.ODA.ODAT.CD,LA,1998,212279998.779297
DT.ODA.ODAT.CD,LA,1997,243229995.727539
DT.ODA.ODAT.CD,LA,1996,248470001.220703
DT.ODA.ODAT.CD,LA,1995,246470001.220703
DT.ODA.ODAT.CD,LB,2019,1236459960.9375
DT.ODA.ODAT.CD,LB,2018,1422300048.82813
DT.ODA.ODAT.CD,LB,2017,1303040039.0625
DT.ODA.ODAT.CD,LB,2016,1129339965.82031
DT.ODA.ODAT.CD,LB,2015,965609985.351563
DT.ODA.ODAT.CD,LB,2014,820950012.207031
DT.ODA.ODAT.CD,LB,2013,621599975.585938
DT.ODA.ODAT.CD,LB,2012,711580017.089844
DT.ODA.ODAT.CD,LB,2011,475489990.234375
DT.ODA.ODAT.CD,LB,2010,445089996.337891
DT.ODA.ODAT.CD,LB,2009,550969970.703125
DT.ODA.ODAT.CD,LB,2008,1068359985.35156
DT.ODA.ODAT.CD,LB,2007,978969970.703125
DT.ODA.ODAT.CD,LB,2006,819039978.027344
DT.ODA.ODAT.CD,LB,2005,230720001.220703
DT.ODA.ODAT.CD,LB,2004,266670013.427734
DT.ODA.ODAT.CD,LB,2003,534640014.648438
DT.ODA.ODAT.CD,LB,2002,204020004.272461
DT.ODA.ODAT.CD,LB,2001,198970001.220703
DT.ODA.ODAT.CD,LB,2000,201190002.441406
DT.ODA.ODAT.CD,LB,1999,194509994.506836
DT.ODA.ODAT.CD,LB,1998,340829986.572266
DT.ODA.ODAT.CD,LB,1997,261239990.234375
DT.ODA.ODAT.CD,LB,1996,235259994.506836
DT.ODA.ODAT.CD,LB,1995,191289993.286133
DT.ODA.ODAT.CD,LR,2019,581219970.703125
DT.ODA.ODAT.CD,LR,2018,593950012.207031
DT.ODA.ODAT.CD,LR,2017,631590026.855469
DT.ODA.ODAT.CD,LR,2016,819179992.675781
DT.ODA.ODAT.CD,LR,2015,1094459960.9375
DT.ODA.ODAT.CD,LR,2014,749590026.855469
DT.ODA.ODAT.CD,LR,2013,535929992.675781
DT.ODA.ODAT.CD,LR,2012,566710021.972656
DT.ODA.ODAT.CD,LR,2011,762250000
DT.ODA.ODAT.CD,LR,2010,1416109985.35156
DT.ODA.ODAT.CD,LR,2009,468260009.765625
DT.ODA.ODAT.CD,LR,2008,1245810058.59375
DT.ODA.ODAT.CD,LR,2007,294970001.220703
DT.ODA.ODAT.CD,LR,2006,260910003.662109
DT.ODA.ODAT.CD,LR,2005,222089996.337891
DT.ODA.ODAT.CD,LR,2004,213389999.389648
DT.ODA.ODAT.CD,LR,2003,106779998.779297
DT.ODA.ODAT.CD,LR,2002,54990001.6784668
DT.ODA.ODAT.CD,LR,2001,38479999.5422363
DT.ODA.ODAT.CD,LR,2000,67419998.1689453
DT.ODA.ODAT.CD,LR,1999,93949996.9482422
DT.ODA.ODAT.CD,LR,1998,71989997.8637695
DT.ODA.ODAT.CD,LR,1997,75690002.4414063
DT.ODA.ODAT.CD,LR,1996,172669998.168945
DT.ODA.ODAT.CD,LR,1995,123099998.474121
DT.ODA.ODAT.CD,LK,2019,191699996.948242
DT.ODA.ODAT.CD,LK,2018,-247279998.779297
DT.ODA.ODAT.CD,LK,2017,316170013.427734
DT.ODA.ODAT.CD,LK,2016,373470001.220703
DT.ODA.ODAT.CD,LK,2015,445010009.765625
DT.ODA.ODAT.CD,LK,2014,491630004.882813
DT.ODA.ODAT.CD,LK,2013,403170013.427734
DT.ODA.ODAT.CD,LK,2012,490850006.103516
DT.ODA.ODAT.CD,LK,2011,612640014.648438
DT.ODA.ODAT.CD,LK,2010,558590026.855469
DT.ODA.ODAT.CD,LK,2009,465760009.765625
DT.ODA.ODAT.CD,LK,2008,548020019.53125
DT.ODA.ODAT.CD,LK,2007,433380004.882813
DT.ODA.ODAT.CD,LK,2006,685010009.765625
DT.ODA.ODAT.CD,LK,2005,1039760009.76563
DT.ODA.ODAT.CD,LK,2004,408350006.103516
DT.ODA.ODAT.CD,LK,2003,525909973.144531
DT.ODA.ODAT.CD,LK,2002,249880004.882813
DT.ODA.ODAT.CD,LK,2001,265959991.455078
DT.ODA.ODAT.CD,LK,2000,222429992.675781
DT.ODA.ODAT.CD,LK,1999,181970001.220703
DT.ODA.ODAT.CD,LK,1998,321519989.013672
DT.ODA.ODAT.CD,LK,1997,253789993.286133
DT.ODA.ODAT.CD,LK,1996,347670013.427734
DT.ODA.ODAT.CD,LK,1995,471470001.220703
DT.ODA.ODAT.CD,LS,2019,140220001.220703
DT.ODA.ODAT.CD,LS,2018,153759994.506836
DT.ODA.ODAT.CD,LS,2017,145660003.662109
DT.ODA.ODAT.CD,LS,2016,112069999.694824
DT.ODA.ODAT.CD,LS,2015,86489997.8637695
DT.ODA.ODAT.CD,LS,2014,107169998.168945
DT.ODA.ODAT.CD,LS,2013,320670013.427734
DT.ODA.ODAT.CD,LS,2012,276260009.765625
DT.ODA.ODAT.CD,LS,2011,256769989.013672
DT.ODA.ODAT.CD,LS,2010,256049987.792969
DT.ODA.ODAT.CD,LS,2009,111019996.643066
DT.ODA.ODAT.CD,LS,2008,124589996.337891
DT.ODA.ODAT.CD,LS,2007,117269996.643066
DT.ODA.ODAT.CD,LS,2006,71190002.4414063
DT.ODA.ODAT.CD,LS,2005,68440002.4414063
DT.ODA.ODAT.CD,LS,2004,95309997.5585938
DT.ODA.ODAT.CD,LS,2003,79129997.253418
DT.ODA.ODAT.CD,LS,2002,77000000
DT.ODA.ODAT.CD,LS,2001,55549999.2370605
DT.ODA.ODAT.CD,LS,2000,37169998.1689453
DT.ODA.ODAT.CD,LS,1999,31670000.0762939
DT.ODA.ODAT.CD,LS,1998,61849998.4741211
DT.ODA.ODAT.CD,LS,1997,91489997.8637695
DT.ODA.ODAT.CD,LS,1996,103209999.084473
DT.ODA.ODAT.CD,LS,1995,112650001.525879
DT.ODA.ODAT.CD,MA,2019,751760009.765625
DT.ODA.ODAT.CD,MA,2018,818289978.027344
DT.ODA.ODAT.CD,MA,2017,2427639892.57813
DT.ODA.ODAT.CD,MA,2016,2062300048.82813
DT.ODA.ODAT.CD,MA,2015,1518280029.29688
DT.ODA.ODAT.CD,MA,2014,2240149902.34375
DT.ODA.ODAT.CD,MA,2013,2008619995.11719
DT.ODA.ODAT.CD,MA,2012,1471130004.88281
DT.ODA.ODAT.CD,MA,2011,1440239990.23438
DT.ODA.ODAT.CD,MA,2010,985500000
DT.ODA.ODAT.CD,MA,2009,1055099975.58594
DT.ODA.ODAT.CD,MA,2008,1454699951.17188
DT.ODA.ODAT.CD,MA,2007,1220589965.82031
DT.ODA.ODAT.CD,MA,2006,1101530029.29688
DT.ODA.ODAT.CD,MA,2005,732640014.648438
DT.ODA.ODAT.CD,MA,2004,780599975.585938
DT.ODA.ODAT.CD,MA,2003,584390014.648438
DT.ODA.ODAT.CD,MA,2002,364390014.648438
DT.ODA.ODAT.CD,MA,2001,493850006.103516
DT.ODA.ODAT.CD,MA,2000,447380004.882813
DT.ODA.ODAT.CD,MA,1999,681940002.441406
DT.ODA.ODAT.CD,MA,1998,531210021.972656
DT.ODA.ODAT.CD,MA,1997,471559997.558594
DT.ODA.ODAT.CD,MA,1996,649590026.855469
DT.ODA.ODAT.CD,MA,1995,500559997.558594
DT.ODA.ODAT.CD,MG,2019,732309997.558594
DT.ODA.ODAT.CD,MG,2018,755010009.765625
DT.ODA.ODAT.CD,MG,2017,779039978.027344
DT.ODA.ODAT.CD,MG,2016,621580017.089844
DT.ODA.ODAT.CD,MG,2015,677510009.765625
DT.ODA.ODAT.CD,MG,2014,588119995.117188
DT.ODA.ODAT.CD,MG,2013,499279998.779297
DT.ODA.ODAT.CD,MG,2012,368489990.234375
DT.ODA.ODAT.CD,MG,2011,447279998.779297
DT.ODA.ODAT.CD,MG,2010,477309997.558594
DT.ODA.ODAT.CD,MG,2009,399100006.103516
DT.ODA.ODAT.CD,MG,2008,631559997.558594
DT.ODA.ODAT.CD,MG,2007,688130004.882813
DT.ODA.ODAT.CD,MG,2006,784409973.144531
DT.ODA.ODAT.CD,MG,2005,916150024.414063
DT.ODA.ODAT.CD,MG,2004,1252520019.53125
DT.ODA.ODAT.CD,MG,2003,545359985.351563
DT.ODA.ODAT.CD,MG,2002,373940002.441406
DT.ODA.ODAT.CD,MG,2001,374529998.779297
DT.ODA.ODAT.CD,MG,2000,324480010.986328
DT.ODA.ODAT.CD,MG,1999,362390014.648438
DT.ODA.ODAT.CD,MG,1998,484670013.427734
DT.ODA.ODAT.CD,MG,1997,837669982.910156
DT.ODA.ODAT.CD,MG,1996,354690002.441406
DT.ODA.ODAT.CD,MG,1995,299410003.662109
DT.ODA.ODAT.CD,ML,2019,1815849975.58594
DT.ODA.ODAT.CD,ML,2018,1556930053.71094
DT.ODA.ODAT.CD,ML,2017,1360060058.59375
DT.ODA.ODAT.CD,ML,2016,1205119995.11719
DT.ODA.ODAT.CD,ML,2015,1201640014.64844
DT.ODA.ODAT.CD,ML,2014,1235839965.82031
DT.ODA.ODAT.CD,ML,2013,1397520019.53125
DT.ODA.ODAT.CD,ML,2012,995580017.089844
DT.ODA.ODAT.CD,ML,2011,1267619995.11719
DT.ODA.ODAT.CD,ML,2010,1091459960.9375
DT.ODA.ODAT.CD,ML,2009,818750000
DT.ODA.ODAT.CD,ML,2008,854619995.117188
DT.ODA.ODAT.CD,ML,2007,870469970.703125
DT.ODA.ODAT.CD,ML,2006,869200012.207031
DT.ODA.ODAT.CD,ML,2005,724590026.855469
DT.ODA.ODAT.CD,ML,2004,585299987.792969
DT.ODA.ODAT.CD,ML,2003,556229980.46875
DT.ODA.ODAT.CD,ML,2002,420480010.986328
DT.ODA.ODAT.CD,ML,2001,351739990.234375
DT.ODA.ODAT.CD,ML,2000,288040008.544922
DT.ODA.ODAT.CD,ML,1999,354390014.648438
DT.ODA.ODAT.CD,ML,1998,346820007.324219
DT.ODA.ODAT.CD,ML,1997,429329986.572266
DT.ODA.ODAT.CD,ML,1996,490170013.427734
DT.ODA.ODAT.CD,ML,1995,540409973.144531
DT.ODA.ODAT.CD,MM,2019,2043739990.23438
DT.ODA.ODAT.CD,MM,2018,1711839965.82031
DT.ODA.ODAT.CD,MM,2017,1542339965.82031
DT.ODA.ODAT.CD,MM,2016,1536660034.17969
DT.ODA.ODAT.CD,MM,2015,1168500000
DT.ODA.ODAT.CD,MM,2014,1384459960.9375
DT.ODA.ODAT.CD,MM,2013,3936120117.1875
DT.ODA.ODAT.CD,MM,2012,504529998.779297
DT.ODA.ODAT.CD,MM,2011,379950012.207031
DT.ODA.ODAT.CD,MM,2010,354920013.427734
DT.ODA.ODAT.CD,MM,2009,355959991.455078
DT.ODA.ODAT.CD,MM,2008,534590026.855469
DT.ODA.ODAT.CD,MM,2007,195889999.389648
DT.ODA.ODAT.CD,MM,2006,145710006.713867
DT.ODA.ODAT.CD,MM,2005,144830001.831055
DT.ODA.ODAT.CD,MM,2004,123449996.948242
DT.ODA.ODAT.CD,MM,2003,125019996.643066
DT.ODA.ODAT.CD,MM,2002,119029998.779297
DT.ODA.ODAT.CD,MM,2001,125669998.168945
DT.ODA.ODAT.CD,MM,2000,105639999.389648
DT.ODA.ODAT.CD,MM,1999,81050003.0517578
DT.ODA.ODAT.CD,MM,1998,72430000.3051758
DT.ODA.ODAT.CD,MM,1997,61040000.9155273
DT.ODA.ODAT.CD,MM,1996,49419998.1689453
DT.ODA.ODAT.CD,MM,1995,160449996.948242
DT.ODA.ODAT.CD,MZ,2019,1841430053.71094
DT.ODA.ODAT.CD,MZ,2018,1823560058.59375
DT.ODA.ODAT.CD,MZ,2017,1806089965.82031
DT.ODA.ODAT.CD,MZ,2016,1533770019.53125
DT.ODA.ODAT.CD,MZ,2015,1819119995.11719
DT.ODA.ODAT.CD,MZ,2014,2106010009.76563
DT.ODA.ODAT.CD,MZ,2013,2312699951.17188
DT.ODA.ODAT.CD,MZ,2012,2071699951.17188
DT.ODA.ODAT.CD,MZ,2011,2065469970.70313
DT.ODA.ODAT.CD,MZ,2010,1943130004.88281
DT.ODA.ODAT.CD,MZ,2009,1800430053.71094
DT.ODA.ODAT.CD,MZ,2008,1713359985.35156
DT.ODA.ODAT.CD,MZ,2007,1521209960.9375
DT.ODA.ODAT.CD,MZ,2006,1641939941.40625
DT.ODA.ODAT.CD,MZ,2005,1289859985.35156
DT.ODA.ODAT.CD,MZ,2004,1244290039.0625
DT.ODA.ODAT.CD,MZ,2003,1049520019.53125
DT.ODA.ODAT.CD,MZ,2002,2217370117.1875
DT.ODA.ODAT.CD,MZ,2001,961469970.703125
DT.ODA.ODAT.CD,MZ,2000,907390014.648438
DT.ODA.ODAT.CD,MZ,1999,818669982.910156
DT.ODA.ODAT.CD,MZ,1998,1039949951.17188
DT.ODA.ODAT.CD,MZ,1997,948210021.972656
DT.ODA.ODAT.CD,MZ,1996,886729980.46875
DT.ODA.ODAT.CD,MZ,1995,1063390014.64844
DT.ODA.ODAT.CD,MR,2019,396570007.324219
DT.ODA.ODAT.CD,MR,2018,448410003.662109
DT.ODA.ODAT.CD,MR,2017,291709991.455078
DT.ODA.ODAT.CD,MR,2016,307279998.779297
DT.ODA.ODAT.CD,MR,2015,329459991.455078
DT.ODA.ODAT.CD,MR,2014,260709991.455078
DT.ODA.ODAT.CD,MR,2013,294739990.234375
DT.ODA.ODAT.CD,MR,2012,409790008.544922
DT.ODA.ODAT.CD,MR,2011,381720001.220703
DT.ODA.ODAT.CD,MR,2010,373609985.351563
DT.ODA.ODAT.CD,MR,2009,336779998.779297
DT.ODA.ODAT.CD,MR,2008,410250000
DT.ODA.ODAT.CD,MR,2007,277339996.337891
DT.ODA.ODAT.CD,MR,2006,216320007.324219
DT.ODA.ODAT.CD,MR,2005,188800003.051758
DT.ODA.ODAT.CD,MR,2004,194770004.272461
DT.ODA.ODAT.CD,MR,2003,260850006.103516
DT.ODA.ODAT.CD,MR,2002,363459991.455078
DT.ODA.ODAT.CD,MR,2001,282739990.234375
DT.ODA.ODAT.CD,MR,2000,223630004.882813
DT.ODA.ODAT.CD,MR,1999,222699996.948242
DT.ODA.ODAT.CD,MR,1998,165860000.610352
DT.ODA.ODAT.CD,MR,1997,239070007.324219
DT.ODA.ODAT.CD,MR,1996,272269989.013672
DT.ODA.ODAT.CD,MR,1995,230229995.727539
DT.ODA.ODAT.CD,MW,2019,1167609985.35156
DT.ODA.ODAT.CD,MW,2018,1279300048.82813
DT.ODA.ODAT.CD,MW,2017,1520219970.70313
DT.ODA.ODAT.CD,MW,2016,1241609985.35156
DT.ODA.ODAT.CD,MW,2015,1049800048.82813
DT.ODA.ODAT.CD,MW,2014,931159973.144531
DT.ODA.ODAT.CD,MW,2013,1132550048.82813
DT.ODA.ODAT.CD,MW,2012,1170910034.17969
DT.ODA.ODAT.CD,MW,2011,798280029.296875
DT.ODA.ODAT.CD,MW,2010,1016849975.58594
DT.ODA.ODAT.CD,MW,2009,691989990.234375
DT.ODA.ODAT.CD,MW,2008,872289978.027344
DT.ODA.ODAT.CD,MW,2007,665919982.910156
DT.ODA.ODAT.CD,MW,2006,722869995.117188
DT.ODA.ODAT.CD,MW,2005,573650024.414063
DT.ODA.ODAT.CD,MW,2004,507420013.427734
DT.ODA.ODAT.CD,MW,2003,519570007.324219
DT.ODA.ODAT.CD,MW,2002,379739990.234375
DT.ODA.ODAT.CD,MW,2001,411100006.103516
DT.ODA.ODAT.CD,MW,2000,448149993.896484
DT.ODA.ODAT.CD,MW,1999,446779998.779297
DT.ODA.ODAT.CD,MW,1998,434679992.675781
DT.ODA.ODAT.CD,MW,1997,344100006.103516
DT.ODA.ODAT.CD,MW,1996,492540008.544922
DT.ODA.ODAT.CD,MW,1995,435140014.648438
DT.ODA.ODAT.CD,NE,2019,1439520019.53125
DT.ODA.ODAT.CD,NE,2018,1308500000
DT.ODA.ODAT.CD,NE,2017,1224699951.17188
DT.ODA.ODAT.CD,NE,2016,952479980.46875
DT.ODA.ODAT.CD,NE,2015,869520019.53125
DT.ODA.ODAT.CD,NE,2014,917780029.296875
DT.ODA.ODAT.CD,NE,2013,797299987.792969
DT.ODA.ODAT.CD,NE,2012,891140014.648438
DT.ODA.ODAT.CD,NE,2011,644669982.910156
DT.ODA.ODAT.CD,NE,2010,741380004.882813
DT.ODA.ODAT.CD,NE,2009,431230010.986328
DT.ODA.ODAT.CD,NE,2008,553469970.703125
DT.ODA.ODAT.CD,NE,2007,465570007.324219
DT.ODA.ODAT.CD,NE,2006,541940002.441406
DT.ODA.ODAT.CD,NE,2005,523090026.855469
DT.ODA.ODAT.CD,NE,2004,548679992.675781
DT.ODA.ODAT.CD,NE,2003,481019989.013672
DT.ODA.ODAT.CD,NE,2002,295809997.558594
DT.ODA.ODAT.CD,NE,2001,258980010.986328
DT.ODA.ODAT.CD,NE,2000,209210006.713867
DT.ODA.ODAT.CD,NE,1999,187270004.272461
DT.ODA.ODAT.CD,NE,1998,292339996.337891
DT.ODA.ODAT.CD,NE,1997,333230010.986328
DT.ODA.ODAT.CD,NE,1996,252059997.558594
DT.ODA.ODAT.CD,NE,1995,272390014.648438
DT.ODA.ODAT.CD,NG,2019,3275409912.10938
DT.ODA.ODAT.CD,NG,2018,3303270019.53125
DT.ODA.ODAT.CD,NG,2017,3356350097.65625
DT.ODA.ODAT.CD,NG,2016,2498189941.40625
DT.ODA.ODAT.CD,NG,2015,2431540039.0625
DT.ODA.ODAT.CD,NG,2014,2478600097.65625
DT.ODA.ODAT.CD,NG,2013,2515659912.10938
DT.ODA.ODAT.CD,NG,2012,1916109985.35156
DT.ODA.ODAT.CD,NG,2011,1809859985.35156
DT.ODA.ODAT.CD,NG,2010,2052360107.42188
DT.ODA.ODAT.CD,NG,2009,1163290039.0625
DT.ODA.ODAT.CD,NG,2008,960679992.675781
DT.ODA.ODAT.CD,NG,2007,1643209960.9375
DT.ODA.ODAT.CD,NG,2006,11431959960.9375
DT.ODA.ODAT.CD,NG,2005,6401790039.0625
DT.ODA.ODAT.CD,NG,2004,578770019.53125
DT.ODA.ODAT.CD,NG,2003,309850006.103516
DT.ODA.ODAT.CD,NG,2002,299549987.792969
DT.ODA.ODAT.CD,NG,2001,167820007.324219
DT.ODA.ODAT.CD,NG,2000,173800003.051758
DT.ODA.ODAT.CD,NG,1999,151990005.493164
DT.ODA.ODAT.CD,NG,1998,203339996.337891
DT.ODA.ODAT.CD,NG,1997,199839996.337891
DT.ODA.ODAT.CD,NG,1996,188750000
DT.ODA.ODAT.CD,NG,1995,210960006.713867
DT.ODA.ODAT.CD,NI,2019,388089996.337891
DT.ODA.ODAT.CD,NI,2018,353859985.351563
DT.ODA.ODAT.CD,NI,2017,562590026.855469
DT.ODA.ODAT.CD,NI,2016,430980010.986328
DT.ODA.ODAT.CD,NI,2015,457920013.427734
DT.ODA.ODAT.CD,NI,2014,432170013.427734
DT.ODA.ODAT.CD,NI,2013,495799987.792969
DT.ODA.ODAT.CD,NI,2012,532320007.324219
DT.ODA.ODAT.CD,NI,2011,536580017.089844
DT.ODA.ODAT.CD,NI,2010,511160003.662109
DT.ODA.ODAT.CD,NI,2009,591750000
DT.ODA.ODAT.CD,NI,2008,633950012.207031
DT.ODA.ODAT.CD,NI,2007,676640014.648438
DT.ODA.ODAT.CD,NI,2006,623849975.585938
DT.ODA.ODAT.CD,NI,2005,656349975.585938
DT.ODA.ODAT.CD,NI,2004,1104910034.17969
DT.ODA.ODAT.CD,NI,2003,737340026.855469
DT.ODA.ODAT.CD,NI,2002,416040008.544922
DT.ODA.ODAT.CD,NI,2001,825070007.324219
DT.ODA.ODAT.CD,NI,2000,501929992.675781
DT.ODA.ODAT.CD,NI,1999,597739990.234375
DT.ODA.ODAT.CD,NI,1998,504510009.765625
DT.ODA.ODAT.CD,NI,1997,354160003.662109
DT.ODA.ODAT.CD,NI,1996,883359985.351563
DT.ODA.ODAT.CD,NI,1995,569070007.324219
DT.ODA.ODAT.CD,NP,2019,1332680053.71094
DT.ODA.ODAT.CD,NP,2018,1452359985.35156
DT.ODA.ODAT.CD,NP,2017,1269650024.41406
DT.ODA.ODAT.CD,NP,2016,1064500000
DT.ODA.ODAT.CD,NP,2015,1224439941.40625
DT.ODA.ODAT.CD,NP,2014,883820007.324219
DT.ODA.ODAT.CD,NP,2013,873330017.089844
DT.ODA.ODAT.CD,NP,2012,769679992.675781
DT.ODA.ODAT.CD,NP,2011,749320007.324219
DT.ODA.ODAT.CD,NP,2010,767349975.585938
DT.ODA.ODAT.CD,NP,2009,592890014.648438
DT.ODA.ODAT.CD,NP,2008,551359985.351563
DT.ODA.ODAT.CD,NP,2007,500940002.441406
DT.ODA.ODAT.CD,NP,2006,452510009.765625
DT.ODA.ODAT.CD,NP,2005,407230010.986328
DT.ODA.ODAT.CD,NP,2004,429660003.662109
DT.ODA.ODAT.CD,NP,2003,452880004.882813
DT.ODA.ODAT.CD,NP,2002,334500000
DT.ODA.ODAT.CD,NP,2001,347820007.324219
DT.ODA.ODAT.CD,NP,2000,311239990.234375
DT.ODA.ODAT.CD,NP,1999,292230010.986328
DT.ODA.ODAT.CD,NP,1998,307730010.986328
DT.ODA.ODAT.CD,NP,1997,315339996.337891
DT.ODA.ODAT.CD,NP,1996,331339996.337891
DT.ODA.ODAT.CD,NP,1995,380630004.882813
DT.ODA.ODAT.CD,PK,2019,2009300048.82813
DT.ODA.ODAT.CD,PK,2018,1386939941.40625
DT.ODA.ODAT.CD,PK,2017,2364290039.0625
DT.ODA.ODAT.CD,PK,2016,2961090087.89063
DT.ODA.ODAT.CD,PK,2015,3764020019.53125
DT.ODA.ODAT.CD,PK,2014,3615820068.35938
DT.ODA.ODAT.CD,PK,2013,2194469970.70313
DT.ODA.ODAT.CD,PK,2012,2017400024.41406
DT.ODA.ODAT.CD,PK,2011,3714360107.42188
DT.ODA.ODAT.CD,PK,2010,2933209960.9375
DT.ODA.ODAT.CD,PK,2009,1385479980.46875
DT.ODA.ODAT.CD,PK,2008,1068930053.71094
DT.ODA.ODAT.CD,PK,2007,1111500000
DT.ODA.ODAT.CD,PK,2006,2059510009.76563
DT.ODA.ODAT.CD,PK,2005,1476699951.17188
DT.ODA.ODAT.CD,PK,2004,1327510009.76563
DT.ODA.ODAT.CD,PK,2003,1043199951.17188
DT.ODA.ODAT.CD,PK,2002,1951550048.82813
DT.ODA.ODAT.CD,PK,2001,1785150024.41406
DT.ODA.ODAT.CD,PK,2000,549619995.117188
DT.ODA.ODAT.CD,PK,1999,613630004.882813
DT.ODA.ODAT.CD,PK,1998,825549987.792969
DT.ODA.ODAT.CD,PK,1997,682229980.46875
DT.ODA.ODAT.CD,PK,1996,687250000
DT.ODA.ODAT.CD,PK,1995,500640014.648438
DT.ODA.ODAT.CD,PH,2019,886270019.53125
DT.ODA.ODAT.CD,PH,2018,547400024.414063
DT.ODA.ODAT.CD,PH,2017,160479995.727539
DT.ODA.ODAT.CD,PH,2016,283649993.896484
DT.ODA.ODAT.CD,PH,2015,514950012.207031
DT.ODA.ODAT.CD,PH,2014,677440002.441406
DT.ODA.ODAT.CD,PH,2013,192059997.558594
DT.ODA.ODAT.CD,PH,2012,-3369999.88555908
DT.ODA.ODAT.CD,PH,2011,-135869995.117188
DT.ODA.ODAT.CD,PH,2010,582450012.207031
DT.ODA.ODAT.CD,PH,2009,345359985.351563
DT.ODA.ODAT.CD,PH,2008,87790000.9155273
DT.ODA.ODAT.CD,PH,2007,643260009.765625
DT.ODA.ODAT.CD,PH,2006,595010009.765625
DT.ODA.ODAT.CD,PH,2005,587760009.765625
DT.ODA.ODAT.CD,PH,2004,465010009.765625
DT.ODA.ODAT.CD,PH,2003,724770019.53125
DT.ODA.ODAT.CD,PH,2002,553179992.675781
DT.ODA.ODAT.CD,PH,2001,553179992.675781
DT.ODA.ODAT.CD,PH,2000,552799987.792969
DT.ODA.ODAT.CD,PH,1999,662549987.792969
DT.ODA.ODAT.CD,PH,1998,592719970.703125
DT.ODA.ODAT.CD,PH,1997,630840026.855469
DT.ODA.ODAT.CD,PH,1996,860909973.144531
DT.ODA.ODAT.CD,PH,1995,857570007.324219
DT.ODA.ODAT.CD,PG,2019,649200012.207031
DT.ODA.ODAT.CD,PG,2018,790349975.585938
DT.ODA.ODAT.CD,PG,2017,532630004.882813
DT.ODA.ODAT.CD,PG,2016,531580017.089844
DT.ODA.ODAT.CD,PG,2015,591390014.648438
DT.ODA.ODAT.CD,PG,2014,581909973.144531
DT.ODA.ODAT.CD,PG,2013,657440002.441406
DT.ODA.ODAT.CD,PG,2012,670270019.53125
DT.ODA.ODAT.CD,PG,2011,616479980.46875
DT.ODA.ODAT.CD,PG,2010,514280029.296875
DT.ODA.ODAT.CD,PG,2009,394890014.648438
DT.ODA.ODAT.CD,PG,2008,308089996.337891
DT.ODA.ODAT.CD,PG,2007,332329986.572266
DT.ODA.ODAT.CD,PG,2006,273690002.441406
DT.ODA.ODAT.CD,PG,2005,268390014.648438
DT.ODA.ODAT.CD,PG,2004,262149993.896484
DT.ODA.ODAT.CD,PG,2003,222839996.337891
DT.ODA.ODAT.CD,PG,2002,203600006.103516
DT.ODA.ODAT.CD,PG,2001,205949996.948242
DT.ODA.ODAT.CD,PG,2000,274980010.986328
DT.ODA.ODAT.CD,PG,1999,212410003.662109
DT.ODA.ODAT.CD,PG,1998,358799987.792969
DT.ODA.ODAT.CD,PG,1997,338700012.207031
DT.ODA.ODAT.CD,PG,1996,379220001.220703
DT.ODA.ODAT.CD,PG,1995,358320007.324219
DT.ODA.ODAT.CD,KP,2019,134059997.558594
DT.ODA.ODAT.CD,KP,2018,120510002.13623
DT.ODA.ODAT.CD,KP,2017,133119995.117188
DT.ODA.ODAT.CD,KP,2016,119650001.525879
DT.ODA.ODAT.CD,KP,2015,131429992.675781
DT.ODA.ODAT.CD,KP,2014,153529998.779297
DT.ODA.ODAT.CD,KP,2013,109099998.474121
DT.ODA.ODAT.CD,KP,2012,97870002.746582
DT.ODA.ODAT.CD,KP,2011,118489997.86377
DT.ODA.ODAT.CD,KP,2010,78830001.8310547
DT.ODA.ODAT.CD,KP,2009,65220001.2207031
DT.ODA.ODAT.CD,KP,2008,206229995.727539
DT.ODA.ODAT.CD,KP,2007,99580001.8310547
DT.ODA.ODAT.CD,KP,2006,55180000.3051758
DT.ODA.ODAT.CD,KP,2005,87449996.9482422
DT.ODA.ODAT.CD,KP,2004,160850006.103516
DT.ODA.ODAT.CD,KP,2003,131139999.389648
DT.ODA.ODAT.CD,KP,2002,264399993.896484
DT.ODA.ODAT.CD,KP,2001,117889999.389648
DT.ODA.ODAT.CD,KP,2000,73550003.0517578
DT.ODA.ODAT.CD,KP,1999,200929992.675781
DT.ODA.ODAT.CD,KP,1998,105260002.13623
DT.ODA.ODAT.CD,KP,1997,88430000.3051758
DT.ODA.ODAT.CD,KP,1996,25569999.6948242
DT.ODA.ODAT.CD,KP,1995,13479999.5422363
DT.ODA.ODAT.CD,PS,2019,2295709960.9375
DT.ODA.ODAT.CD,PS,2018,2296149902.34375
DT.ODA.ODAT.CD,PS,2017,2147179931.64063
DT.ODA.ODAT.CD,PS,2016,2401659912.10938
DT.ODA.ODAT.CD,PS,2015,1872209960.9375
DT.ODA.ODAT.CD,PS,2014,2487840087.89063
DT.ODA.ODAT.CD,PS,2013,2602330078.125
DT.ODA.ODAT.CD,PS,2012,2006099975.58594
DT.ODA.ODAT.CD,PS,2011,2434739990.23438
DT.ODA.ODAT.CD,PS,2010,2512560058.59375
DT.ODA.ODAT.CD,PS,2009,2596840087.89063
DT.ODA.ODAT.CD,PS,2008,2470080078.125
DT.ODA.ODAT.CD,PS,2007,1717109985.35156
DT.ODA.ODAT.CD,PS,2006,1360250000
DT.ODA.ODAT.CD,PS,2005,1015710021.97266
DT.ODA.ODAT.CD,PS,2004,1160839965.82031
DT.ODA.ODAT.CD,PS,2003,1041839965.82031
DT.ODA.ODAT.CD,PS,2002,971609985.351563
DT.ODA.ODAT.CD,PS,2001,997590026.855469
DT.ODA.ODAT.CD,PS,2000,684500000
DT.ODA.ODAT.CD,PS,1999,580549987.792969
DT.ODA.ODAT.CD,PS,1998,612570007.324219
DT.ODA.ODAT.CD,PS,1997,613030029.296875
DT.ODA.ODAT.CD,PS,1996,552409973.144531
DT.ODA.ODAT.CD,PS,1995,514109985.351563
DT.ODA.ODAT.CD,RW,2019,1168280029.29688
DT.ODA.ODAT.CD,RW,2018,1119699951.17188
DT.ODA.ODAT.CD,RW,2017,1231329956.05469
DT.ODA.ODAT.CD,RW,2016,1150469970.70313
DT.ODA.ODAT.CD,RW,2015,1089119995.11719
DT.ODA.ODAT.CD,RW,2014,1035030029.29688
DT.ODA.ODAT.CD,RW,2013,1086290039.0625
DT.ODA.ODAT.CD,RW,2012,878640014.648438
DT.ODA.ODAT.CD,RW,2011,1263209960.9375
DT.ODA.ODAT.CD,RW,2010,1033089965.82031
DT.ODA.ODAT.CD,RW,2009,820030029.296875
DT.ODA.ODAT.CD,RW,2008,795320007.324219
DT.ODA.ODAT.CD,RW,2007,619090026.855469
DT.ODA.ODAT.CD,RW,2006,605390014.648438
DT.ODA.ODAT.CD,RW,2005,572710021.972656
DT.ODA.ODAT.CD,RW,2004,491140014.648438
DT.ODA.ODAT.CD,RW,2003,335959991.455078
DT.ODA.ODAT.CD,RW,2002,359589996.337891
DT.ODA.ODAT.CD,RW,2001,304660003.662109
DT.ODA.ODAT.CD,RW,2000,321459991.455078
DT.ODA.ODAT.CD,RW,1999,373140014.648438
DT.ODA.ODAT.CD,RW,1998,350130004.882813
DT.ODA.ODAT.CD,RW,1997,229729995.727539
DT.ODA.ODAT.CD,RW,1996,465309997.558594
DT.ODA.ODAT.CD,RW,1995,694700012.207031
DT.ODA.ODAT.CD,SD,2019,1535430053.71094
DT.ODA.ODAT.CD,SD,2018,967559997.558594
DT.ODA.ODAT.CD,SD,2017,862409973.144531
DT.ODA.ODAT.CD,SD,2016,809090026.855469
DT.ODA.ODAT.CD,SD,2015,969700012.207031
DT.ODA.ODAT.CD,SD,2014,874679992.675781
DT.ODA.ODAT.CD,SD,2013,1507329956.05469
DT.ODA.ODAT.CD,SD,2012,1369130004.88281
DT.ODA.ODAT.CD,SD,2011,1742400024.41406
DT.ODA.ODAT.CD,SD,2010,2025849975.58594
DT.ODA.ODAT.CD,SD,2009,2341100097.65625
DT.ODA.ODAT.CD,SD,2008,2567659912.10938
DT.ODA.ODAT.CD,SD,2007,2120590087.89063
DT.ODA.ODAT.CD,SD,2006,2048439941.40625
DT.ODA.ODAT.CD,SD,2005,1826109985.35156
DT.ODA.ODAT.CD,SD,2004,994580017.089844
DT.ODA.ODAT.CD,SD,2003,620229980.46875
DT.ODA.ODAT.CD,SD,2002,304929992.675781
DT.ODA.ODAT.CD,SD,2001,192259994.506836
DT.ODA.ODAT.CD,SD,2000,225289993.286133
DT.ODA.ODAT.CD,SD,1999,246339996.337891
DT.ODA.ODAT.CD,SD,1998,211210006.713867
DT.ODA.ODAT.CD,SD,1997,138940002.441406
DT.ODA.ODAT.CD,SD,1996,218100006.103516
DT.ODA.ODAT.CD,SD,1995,237429992.675781
DT.ODA.ODAT.CD,SN,2019,1438099975.58594
DT.ODA.ODAT.CD,SN,2018,999020019.53125
DT.ODA.ODAT.CD,SN,2017,908150024.414063
DT.ODA.ODAT.CD,SN,2016,731159973.144531
DT.ODA.ODAT.CD,SN,2015,869400024.414063
DT.ODA.ODAT.CD,SN,2014,1108680053.71094
DT.ODA.ODAT.CD,SN,2013,994419982.910156
DT.ODA.ODAT.CD,SN,2012,1075770019.53125
DT.ODA.ODAT.CD,SN,2011,1054599975.58594
DT.ODA.ODAT.CD,SN,2010,936400024.414063
DT.ODA.ODAT.CD,SN,2009,884799987.792969
DT.ODA.ODAT.CD,SN,2008,932340026.855469
DT.ODA.ODAT.CD,SN,2007,732650024.414063
DT.ODA.ODAT.CD,SN,2006,869359985.351563
DT.ODA.ODAT.CD,SN,2005,701349975.585938
DT.ODA.ODAT.CD,SN,2004,1066339965.82031
DT.ODA.ODAT.CD,SN,2003,458279998.779297
DT.ODA.ODAT.CD,SN,2002,445279998.779297
DT.ODA.ODAT.CD,SN,2001,423579986.572266
DT.ODA.ODAT.CD,SN,2000,432149993.896484
DT.ODA.ODAT.CD,SN,1999,535979980.46875
DT.ODA.ODAT.CD,SN,1998,502079986.572266
DT.ODA.ODAT.CD,SN,1997,424529998.779297
DT.ODA.ODAT.CD,SN,1996,573880004.882813
DT.ODA.ODAT.CD,SN,1995,652340026.855469
DT.ODA.ODAT.CD,SB,2019,223889999.389648
DT.ODA.ODAT.CD,SB,2018,195559997.558594
DT.ODA.ODAT.CD,SB,2017,186809997.558594
DT.ODA.ODAT.CD,SB,2016,175500000
DT.ODA.ODAT.CD,SB,2015,190029998.779297
DT.ODA.ODAT.CD,SB,2014,200520004.272461
DT.ODA.ODAT.CD,SB,2013,289829986.572266
DT.ODA.ODAT.CD,SB,2012,305100006.103516
DT.ODA.ODAT.CD,SB,2011,327880004.882813
DT.ODA.ODAT.CD,SB,2010,332850006.103516
DT.ODA.ODAT.CD,SB,2009,206009994.506836
DT.ODA.ODAT.CD,SB,2008,224809997.558594
DT.ODA.ODAT.CD,SB,2007,238190002.441406
DT.ODA.ODAT.CD,SB,2006,199699996.948242
DT.ODA.ODAT.CD,SB,2005,196789993.286133
DT.ODA.ODAT.CD,SB,2004,121559997.558594
DT.ODA.ODAT.CD,SB,2003,61939998.626709
DT.ODA.ODAT.CD,SB,2002,26180000.3051758
DT.ODA.ODAT.CD,SB,2001,59180000.3051758
DT.ODA.ODAT.CD,SB,2000,68379997.253418
DT.ODA.ODAT.CD,SB,1999,40069999.6948242
DT.ODA.ODAT.CD,SB,1998,28629999.1607666
DT.ODA.ODAT.CD,SB,1997,41790000.9155273
DT.ODA.ODAT.CD,SB,1996,42750000
DT.ODA.ODAT.CD,SB,1995,47830001.8310547
DT.ODA.ODAT.CD,SL,2019,566239990.234375
DT.ODA.ODAT.CD,SL,2018,508149993.896484
DT.ODA.ODAT.CD,SL,2017,541119995.117188
DT.ODA.ODAT.CD,SL,2016,693210021.972656
DT.ODA.ODAT.CD,SL,2015,946969970.703125
DT.ODA.ODAT.CD,SL,2014,914030029.296875
DT.ODA.ODAT.CD,SL,2013,449059997.558594
DT.ODA.ODAT.CD,SL,2012,439739990.234375
DT.ODA.ODAT.CD,SL,2011,423890014.648438
DT.ODA.ODAT.CD,SL,2010,458299987.792969
DT.ODA.ODAT.CD,SL,2009,411260009.765625
DT.ODA.ODAT.CD,SL,2008,328559997.558594
DT.ODA.ODAT.CD,SL,2007,512429992.675781
DT.ODA.ODAT.CD,SL,2006,380339996.337891
DT.ODA.ODAT.CD,SL,2005,339980010.986328
DT.ODA.ODAT.CD,SL,2004,376230010.986328
DT.ODA.ODAT.CD,SL,2003,337170013.427734
DT.ODA.ODAT.CD,SL,2002,383209991.455078
DT.ODA.ODAT.CD,SL,2001,334630004.882813
DT.ODA.ODAT.CD,SL,2000,180639999.389648
DT.ODA.ODAT.CD,SL,1999,73730003.3569336
DT.ODA.ODAT.CD,SL,1998,106529998.779297
DT.ODA.ODAT.CD,SL,1997,118010002.13623
DT.ODA.ODAT.CD,SL,1996,182520004.272461
DT.ODA.ODAT.CD,SL,1995,212270004.272461
DT.ODA.ODAT.CD,SO,2019,1719739990.23438
DT.ODA.ODAT.CD,SO,2018,1575180053.71094
DT.ODA.ODAT.CD,SO,2017,1760369995.11719
DT.ODA.ODAT.CD,SO,2016,1183640014.64844
DT.ODA.ODAT.CD,SO,2015,1260560058.59375
DT.ODA.ODAT.CD,SO,2014,1109199951.17188
DT.ODA.ODAT.CD,SO,2013,1054579956.05469
DT.ODA.ODAT.CD,SO,2012,990460021.972656
DT.ODA.ODAT.CD,SO,2011,1098979980.46875
DT.ODA.ODAT.CD,SO,2010,505679992.675781
DT.ODA.ODAT.CD,SO,2009,658039978.027344
DT.ODA.ODAT.CD,SO,2008,765869995.117188
DT.ODA.ODAT.CD,SO,2007,393739990.234375
DT.ODA.ODAT.CD,SO,2006,396170013.427734
DT.ODA.ODAT.CD,SO,2005,240220001.220703
DT.ODA.ODAT.CD,SO,2004,201279998.779297
DT.ODA.ODAT.CD,SO,2003,176179992.675781
DT.ODA.ODAT.CD,SO,2002,152720001.220703
DT.ODA.ODAT.CD,SO,2001,149300003.051758
DT.ODA.ODAT.CD,SO,2000,102230003.356934
DT.ODA.ODAT.CD,SO,1999,115699996.948242
DT.ODA.ODAT.CD,SO,1998,81319999.6948242
DT.ODA.ODAT.CD,SO,1997,81180000.3051758
DT.ODA.ODAT.CD,SO,1996,88180000.3051758
DT.ODA.ODAT.CD,SO,1995,187929992.675781
DT.ODA.ODAT.CD,SS,2019,1676640014.64844
DT.ODA.ODAT.CD,SS,2018,1577500000
DT.ODA.ODAT.CD,SS,2017,2183239990.23438
DT.ODA.ODAT.CD,SS,2016,1587030029.29688
DT.ODA.ODAT.CD,SS,2015,1674829956.05469
DT.ODA.ODAT.CD,SS,2014,1964119995.11719
DT.ODA.ODAT.CD,SS,2013,1399300048.82813
DT.ODA.ODAT.CD,SS,2012,1186260009.76563
DT.ODA.ODAT.CD,SS,2011,435829986.572266
DT.ODA.ODAT.CD,SS,2010,None
DT.ODA.ODAT.CD,SS,2009,None
DT.ODA.ODAT.CD,SS,2008,None
DT.ODA.ODAT.CD,SS,2007,None
DT.ODA.ODAT.CD,SS,2006,None
DT.ODA.ODAT.CD,SS,2005,None
DT.ODA.ODAT.CD,SS,2004,None
DT.ODA.ODAT.CD,SS,2003,None
DT.ODA.ODAT.CD,SS,2002,None
DT.ODA.ODAT.CD,SS,2001,None
DT.ODA.ODAT.CD,SS,2000,None
DT.ODA.ODAT.CD,SS,1999,None
DT.ODA.ODAT.CD,SS,1998,None
DT.ODA.ODAT.CD,SS,1997,None
DT.ODA.ODAT.CD,SS,1996,None
DT.ODA.ODAT.CD,SS,1995,None
DT.ODA.ODAT.CD,ST,2019,50830001.8310547
DT.ODA.ODAT.CD,ST,2018,52180000.3051758
DT.ODA.ODAT.CD,ST,2017,40240001.6784668
DT.ODA.ODAT.CD,ST,2016,47040000.9155273
DT.ODA.ODAT.CD,ST,2015,49000000
DT.ODA.ODAT.CD,ST,2014,41380001.0681152
DT.ODA.ODAT.CD,ST,2013,53750000
DT.ODA.ODAT.CD,ST,2012,50700000.7629395
DT.ODA.ODAT.CD,ST,2011,73480003.3569336
DT.ODA.ODAT.CD,ST,2010,50189998.626709
DT.ODA.ODAT.CD,ST,2009,29370000.8392334
DT.ODA.ODAT.CD,ST,2008,38470001.2207031
DT.ODA.ODAT.CD,ST,2007,47939998.626709
DT.ODA.ODAT.CD,ST,2006,23059999.4659424
DT.ODA.ODAT.CD,ST,2005,32700000.7629395
DT.ODA.ODAT.CD,ST,2004,33680000.3051758
DT.ODA.ODAT.CD,ST,2003,37849998.4741211
DT.ODA.ODAT.CD,ST,2002,26090000.1525879
DT.ODA.ODAT.CD,ST,2001,38180000.3051758
DT.ODA.ODAT.CD,ST,2000,34939998.626709
DT.ODA.ODAT.CD,ST,1999,27520000.4577637
DT.ODA.ODAT.CD,ST,1998,28059999.4659424
DT.ODA.ODAT.CD,ST,1997,33419998.1689453
DT.ODA.ODAT.CD,ST,1996,47400001.5258789
DT.ODA.ODAT.CD,ST,1995,84089996.3378906
DT.ODA.ODAT.CD,SZ,2019,70529998.7792969
DT.ODA.ODAT.CD,SZ,2018,121309997.558594
DT.ODA.ODAT.CD,SZ,2017,147610000.610352
DT.ODA.ODAT.CD,SZ,2016,147639999.389648
DT.ODA.ODAT.CD,SZ,2015,92629997.253418
DT.ODA.ODAT.CD,SZ,2014,86370002.746582
DT.ODA.ODAT.CD,SZ,2013,117790000.915527
DT.ODA.ODAT.CD,SZ,2012,89620002.746582
DT.ODA.ODAT.CD,SZ,2011,124089996.337891
DT.ODA.ODAT.CD,SZ,2010,91139999.3896484
DT.ODA.ODAT.CD,SZ,2009,56020000.4577637
DT.ODA.ODAT.CD,SZ,2008,70260002.1362305
DT.ODA.ODAT.CD,SZ,2007,50919998.1689453
DT.ODA.ODAT.CD,SZ,2006,34779998.7792969
DT.ODA.ODAT.CD,SZ,2005,46709999.0844727
DT.ODA.ODAT.CD,SZ,2004,21920000.0762939
DT.ODA.ODAT.CD,SZ,2003,34189998.626709
DT.ODA.ODAT.CD,SZ,2002,22159999.8474121
DT.ODA.ODAT.CD,SZ,2001,29149999.6185303
DT.ODA.ODAT.CD,SZ,2000,13130000.1144409
DT.ODA.ODAT.CD,SZ,1999,29149999.6185303
DT.ODA.ODAT.CD,SZ,1998,34959999.0844727
DT.ODA.ODAT.CD,SZ,1997,28440000.5340576
DT.ODA.ODAT.CD,SZ,1996,33049999.2370605
DT.ODA.ODAT.CD,SZ,1995,57750000
DT.ODA.ODAT.CD,SY,2019,10124990234.375
DT.ODA.ODAT.CD,SY,2018,9990870117.1875
DT.ODA.ODAT.CD,SY,2017,10415780273.4375
DT.ODA.ODAT.CD,SY,2016,8899740234.375
DT.ODA.ODAT.CD,SY,2015,4920470214.84375
DT.ODA.ODAT.CD,SY,2014,4174310058.59375
DT.ODA.ODAT.CD,SY,2013,3637699951.17188
DT.ODA.ODAT.CD,SY,2012,1671550048.82813
DT.ODA.ODAT.CD,SY,2011,335519989.013672
DT.ODA.ODAT.CD,SY,2010,131059997.558594
DT.ODA.ODAT.CD,SY,2009,121669998.168945
DT.ODA.ODAT.CD,SY,2008,159199996.948242
DT.ODA.ODAT.CD,SY,2007,85660003.6621094
DT.ODA.ODAT.CD,SY,2006,19920000.0762939
DT.ODA.ODAT.CD,SY,2005,71099998.4741211
DT.ODA.ODAT.CD,SY,2004,106510002.13623
DT.ODA.ODAT.CD,SY,2003,118389999.389648
DT.ODA.ODAT.CD,SY,2002,62819999.6948242
DT.ODA.ODAT.CD,SY,2001,153679992.675781
DT.ODA.ODAT.CD,SY,2000,159759994.506836
DT.ODA.ODAT.CD,SY,1999,229369995.117188
DT.ODA.ODAT.CD,SY,1998,156020004.272461
DT.ODA.ODAT.CD,SY,1997,198110000.610352
DT.ODA.ODAT.CD,SY,1996,215990005.493164
DT.ODA.ODAT.CD,SY,1995,355970001.220703
DT.ODA.ODAT.CD,TD,2019,641919982.910156
DT.ODA.ODAT.CD,TD,2018,875299987.792969
DT.ODA.ODAT.CD,TD,2017,648979980.46875
DT.ODA.ODAT.CD,TD,2016,624460021.972656
DT.ODA.ODAT.CD,TD,2015,606469970.703125
DT.ODA.ODAT.CD,TD,2014,391929992.675781
DT.ODA.ODAT.CD,TD,2013,459339996.337891
DT.ODA.ODAT.CD,TD,2012,475130004.882813
DT.ODA.ODAT.CD,TD,2011,457660003.662109
DT.ODA.ODAT.CD,TD,2010,490160003.662109
DT.ODA.ODAT.CD,TD,2009,553750000
DT.ODA.ODAT.CD,TD,2008,470950012.207031
DT.ODA.ODAT.CD,TD,2007,342609985.351563
DT.ODA.ODAT.CD,TD,2006,290730010.986328
DT.ODA.ODAT.CD,TD,2005,386440002.441406
DT.ODA.ODAT.CD,TD,2004,332079986.572266
DT.ODA.ODAT.CD,TD,2003,251990005.493164
DT.ODA.ODAT.CD,TD,2002,229250000
DT.ODA.ODAT.CD,TD,2001,188600006.103516
DT.ODA.ODAT.CD,TD,2000,131330001.831055
DT.ODA.ODAT.CD,TD,1999,187929992.675781
DT.ODA.ODAT.CD,TD,1998,174440002.441406
DT.ODA.ODAT.CD,TD,1997,227960006.713867
DT.ODA.ODAT.CD,TD,1996,295779998.779297
DT.ODA.ODAT.CD,TD,1995,235020004.272461
DT.ODA.ODAT.CD,TG,2019,403739990.234375
DT.ODA.ODAT.CD,TG,2018,336690002.441406
DT.ODA.ODAT.CD,TG,2017,344940002.441406
DT.ODA.ODAT.CD,TG,2016,168250000
DT.ODA.ODAT.CD,TG,2015,199470001.220703
DT.ODA.ODAT.CD,TG,2014,210940002.441406
DT.ODA.ODAT.CD,TG,2013,226320007.324219
DT.ODA.ODAT.CD,TG,2012,245080001.831055
DT.ODA.ODAT.CD,TG,2011,542380004.882813
DT.ODA.ODAT.CD,TG,2010,403380004.882813
DT.ODA.ODAT.CD,TG,2009,487420013.427734
DT.ODA.ODAT.CD,TG,2008,282570007.324219
DT.ODA.ODAT.CD,TG,2007,122489997.86377
DT.ODA.ODAT.CD,TG,2006,79830001.8310547
DT.ODA.ODAT.CD,TG,2005,82610000.6103516
DT.ODA.ODAT.CD,TG,2004,65129997.253418
DT.ODA.ODAT.CD,TG,2003,50090000.1525879
DT.ODA.ODAT.CD,TG,2002,51130001.0681152
DT.ODA.ODAT.CD,TG,2001,46090000.1525879
DT.ODA.ODAT.CD,TG,2000,69629997.253418
DT.ODA.ODAT.CD,TG,1999,71529998.7792969
DT.ODA.ODAT.CD,TG,1998,128460006.713867
DT.ODA.ODAT.CD,TG,1997,125129997.253418
DT.ODA.ODAT.CD,TG,1996,155399993.896484
DT.ODA.ODAT.CD,TG,1995,191339996.337891
DT.ODA.ODAT.CD,TJ,2019,361670013.427734
DT.ODA.ODAT.CD,TJ,2018,403750000
DT.ODA.ODAT.CD,TJ,2017,328190002.441406
DT.ODA.ODAT.CD,TJ,2016,359730010.986328
DT.ODA.ODAT.CD,TJ,2015,432250000
DT.ODA.ODAT.CD,TJ,2014,356459991.455078
DT.ODA.ODAT.CD,TJ,2013,390549987.792969
DT.ODA.ODAT.CD,TJ,2012,394230010.986328
DT.ODA.ODAT.CD,TJ,2011,282130004.882813
DT.ODA.ODAT.CD,TJ,2010,387950012.207031
DT.ODA.ODAT.CD,TJ,2009,251770004.272461
DT.ODA.ODAT.CD,TJ,2008,205630004.882813
DT.ODA.ODAT.CD,TJ,2007,157720001.220703
DT.ODA.ODAT.CD,TJ,2006,206809997.558594
DT.ODA.ODAT.CD,TJ,2005,226369995.117188
DT.ODA.ODAT.CD,TJ,2004,228919998.168945
DT.ODA.ODAT.CD,TJ,2003,133300003.051758
DT.ODA.ODAT.CD,TJ,2002,154699996.948242
DT.ODA.ODAT.CD,TJ,2001,162639999.389648
DT.ODA.ODAT.CD,TJ,2000,111769996.643066
DT.ODA.ODAT.CD,TJ,1999,112629997.253418
DT.ODA.ODAT.CD,TJ,1998,160589996.337891
DT.ODA.ODAT.CD,TJ,1997,85940002.4414063
DT.ODA.ODAT.CD,TJ,1996,103139999.389648
DT.ODA.ODAT.CD,TJ,1995,65080001.8310547
DT.ODA.ODAT.CD,TL,2019,229899993.896484
DT.ODA.ODAT.CD,TL,2018,207649993.896484
DT.ODA.ODAT.CD,TL,2017,231960006.713867
DT.ODA.ODAT.CD,TL,2016,223699996.948242
DT.ODA.ODAT.CD,TL,2015,212289993.286133
DT.ODA.ODAT.CD,TL,2014,249539993.286133
DT.ODA.ODAT.CD,TL,2013,258570007.324219
DT.ODA.ODAT.CD,TL,2012,283640014.648438
DT.ODA.ODAT.CD,TL,2011,275720001.220703
DT.ODA.ODAT.CD,TL,2010,289950012.207031
DT.ODA.ODAT.CD,TL,2009,208589996.337891
DT.ODA.ODAT.CD,TL,2008,266570007.324219
DT.ODA.ODAT.CD,TL,2007,276709991.455078
DT.ODA.ODAT.CD,TL,2006,209139999.389648
DT.ODA.ODAT.CD,TL,2005,184619995.117188
DT.ODA.ODAT.CD,TL,2004,161240005.493164
DT.ODA.ODAT.CD,TL,2003,175029998.779297
DT.ODA.ODAT.CD,TL,2002,219050003.051758
DT.ODA.ODAT.CD,TL,2001,194169998.168945
DT.ODA.ODAT.CD,TL,2000,231270004.272461
DT.ODA.ODAT.CD,TL,1999,152820007.324219
DT.ODA.ODAT.CD,TL,1998,1669999.95708466
DT.ODA.ODAT.CD,TL,1997,430000.007152557
DT.ODA.ODAT.CD,TL,1996,79999.9982118607
DT.ODA.ODAT.CD,TL,1995,19999.9995529652
DT.ODA.ODAT.CD,TN,2019,979090026.855469
DT.ODA.ODAT.CD,TN,2018,806799987.792969
DT.ODA.ODAT.CD,TN,2017,811890014.648438
DT.ODA.ODAT.CD,TN,2016,646820007.324219
DT.ODA.ODAT.CD,TN,2015,495869995.117188
DT.ODA.ODAT.CD,TN,2014,922700012.207031
DT.ODA.ODAT.CD,TN,2013,714659973.144531
DT.ODA.ODAT.CD,TN,2012,1022130004.88281
DT.ODA.ODAT.CD,TN,2011,925229980.46875
DT.ODA.ODAT.CD,TN,2010,550150024.414063
DT.ODA.ODAT.CD,TN,2009,497929992.675781
DT.ODA.ODAT.CD,TN,2008,380869995.117188
DT.ODA.ODAT.CD,TN,2007,328609985.351563
DT.ODA.ODAT.CD,TN,2006,436850006.103516
DT.ODA.ODAT.CD,TN,2005,368350006.103516
DT.ODA.ODAT.CD,TN,2004,333690002.441406
DT.ODA.ODAT.CD,TN,2003,301670013.427734
DT.ODA.ODAT.CD,TN,2002,217350006.103516
DT.ODA.ODAT.CD,TN,2001,366220001.220703
DT.ODA.ODAT.CD,TN,2000,222839996.337891
DT.ODA.ODAT.CD,TN,1999,253429992.675781
DT.ODA.ODAT.CD,TN,1998,150960006.713867
DT.ODA.ODAT.CD,TN,1997,195220001.220703
DT.ODA.ODAT.CD,TN,1996,126860000.610352
DT.ODA.ODAT.CD,TN,1995,75389999.3896484
DT.ODA.ODAT.CD,TZ,2019,2125929931.64063
DT.ODA.ODAT.CD,TZ,2018,2455199951.17188
DT.ODA.ODAT.CD,TZ,2017,2585600097.65625
DT.ODA.ODAT.CD,TZ,2016,2317889892.57813
DT.ODA.ODAT.CD,TZ,2015,2584709960.9375
DT.ODA.ODAT.CD,TZ,2014,2650520019.53125
DT.ODA.ODAT.CD,TZ,2013,3433239990.23438
DT.ODA.ODAT.CD,TZ,2012,2822229980.46875
DT.ODA.ODAT.CD,TZ,2011,2441830078.125
DT.ODA.ODAT.CD,TZ,2010,2960310058.59375
DT.ODA.ODAT.CD,TZ,2009,2300419921.875
DT.ODA.ODAT.CD,TZ,2008,1909569946.28906
DT.ODA.ODAT.CD,TZ,2007,2314260009.76563
DT.ODA.ODAT.CD,TZ,2006,1887650024.41406
DT.ODA.ODAT.CD,TZ,2005,1492449951.17188
DT.ODA.ODAT.CD,TZ,2004,1774199951.17188
DT.ODA.ODAT.CD,TZ,2003,1725760009.76563
DT.ODA.ODAT.CD,TZ,2002,1260430053.71094
DT.ODA.ODAT.CD,TZ,2001,1274900024.41406
DT.ODA.ODAT.CD,TZ,2000,1064250000
DT.ODA.ODAT.CD,TZ,1999,991940002.441406
DT.ODA.ODAT.CD,TZ,1998,1001500000
DT.ODA.ODAT.CD,TZ,1997,943849975.585938
DT.ODA.ODAT.CD,TZ,1996,867210021.972656
DT.ODA.ODAT.CD,TZ,1995,871049987.792969
DT.ODA.ODAT.CD,UG,2019,2029569946.28906
DT.ODA.ODAT.CD,UG,2018,1945589965.82031
DT.ODA.ODAT.CD,UG,2017,2011810058.59375
DT.ODA.ODAT.CD,UG,2016,1762599975.58594
DT.ODA.ODAT.CD,UG,2015,1638160034.17969
DT.ODA.ODAT.CD,UG,2014,1633680053.71094
DT.ODA.ODAT.CD,UG,2013,1697089965.82031
DT.ODA.ODAT.CD,UG,2012,1642500000
DT.ODA.ODAT.CD,UG,2011,1572920043.94531
DT.ODA.ODAT.CD,UG,2010,1690140014.64844
DT.ODA.ODAT.CD,UG,2009,1391099975.58594
DT.ODA.ODAT.CD,UG,2008,1463030029.29688
DT.ODA.ODAT.CD,UG,2007,1364069946.28906
DT.ODA.ODAT.CD,UG,2006,1589229980.46875
DT.ODA.ODAT.CD,UG,2005,1195329956.05469
DT.ODA.ODAT.CD,UG,2004,1222239990.23438
DT.ODA.ODAT.CD,UG,2003,1003710021.97266
DT.ODA.ODAT.CD,UG,2002,732979980.46875
DT.ODA.ODAT.CD,UG,2001,828940002.441406
DT.ODA.ODAT.CD,UG,2000,855929992.675781
DT.ODA.ODAT.CD,UG,1999,607679992.675781
DT.ODA.ODAT.CD,UG,1998,658099975.585938
DT.ODA.ODAT.CD,UG,1997,813440002.441406
DT.ODA.ODAT.CD,UG,1996,674880004.882813
DT.ODA.ODAT.CD,UG,1995,833960021.972656
DT.ODA.ODAT.CD,UZ,2019,1152729980.46875
DT.ODA.ODAT.CD,UZ,2018,1058079956.05469
DT.ODA.ODAT.CD,UZ,2017,639140014.648438
DT.ODA.ODAT.CD,UZ,2016,511049987.792969
DT.ODA.ODAT.CD,UZ,2015,451000000
DT.ODA.ODAT.CD,UZ,2014,324670013.427734
DT.ODA.ODAT.CD,UZ,2013,295160003.662109
DT.ODA.ODAT.CD,UZ,2012,255910003.662109
DT.ODA.ODAT.CD,UZ,2011,143779998.779297
DT.ODA.ODAT.CD,UZ,2010,198139999.389648
DT.ODA.ODAT.CD,UZ,2009,143490005.493164
DT.ODA.ODAT.CD,UZ,2008,166529998.779297
DT.ODA.ODAT.CD,UZ,2007,151800003.051758
DT.ODA.ODAT.CD,UZ,2006,149610000.610352
DT.ODA.ODAT.CD,UZ,2005,169070007.324219
DT.ODA.ODAT.CD,UZ,2004,243149993.896484
DT.ODA.ODAT.CD,UZ,2003,192100006.103516
DT.ODA.ODAT.CD,UZ,2002,183419998.168945
DT.ODA.ODAT.CD,UZ,2001,149630004.882813
DT.ODA.ODAT.CD,UZ,2000,185240005.493164
DT.ODA.ODAT.CD,UZ,1999,156250000
DT.ODA.ODAT.CD,UZ,1998,158039993.286133
DT.ODA.ODAT.CD,UZ,1997,139880004.882813
DT.ODA.ODAT.CD,UZ,1996,87690002.4414063
DT.ODA.ODAT.CD,UZ,1995,83720001.2207031
DT.ODA.ODAT.CD,VN,2019,1088040039.0625
DT.ODA.ODAT.CD,VN,2018,1644829956.05469
DT.ODA.ODAT.CD,VN,2017,2407489990.23438
DT.ODA.ODAT.CD,VN,2016,2906070068.35938
DT.ODA.ODAT.CD,VN,2015,3167389892.57813
DT.ODA.ODAT.CD,VN,2014,4215620117.1875
DT.ODA.ODAT.CD,VN,2013,4085600097.65625
DT.ODA.ODAT.CD,VN,2012,4113310058.59375
DT.ODA.ODAT.CD,VN,2011,3332000000
DT.ODA.ODAT.CD,VN,2010,2769860107.42188
DT.ODA.ODAT.CD,VN,2009,2160600097.65625
DT.ODA.ODAT.CD,VN,2008,1760189941.40625
DT.ODA.ODAT.CD,VN,2007,1621579956.05469
DT.ODA.ODAT.CD,VN,2006,1690099975.58594
DT.ODA.ODAT.CD,VN,2005,1693479980.46875
DT.ODA.ODAT.CD,VN,2004,1657989990.23438
DT.ODA.ODAT.CD,VN,2003,1533939941.40625
DT.ODA.ODAT.CD,VN,2002,1064170043.94531
DT.ODA.ODAT.CD,VN,2001,1256020019.53125
DT.ODA.ODAT.CD,VN,2000,1485270019.53125
DT.ODA.ODAT.CD,VN,1999,1239790039.0625
DT.ODA.ODAT.CD,VN,1998,1050660034.17969
DT.ODA.ODAT.CD,VN,1997,851989990.234375
DT.ODA.ODAT.CD,VN,1996,910299987.792969
DT.ODA.ODAT.CD,VN,1995,777989990.234375
DT.ODA.ODAT.CD,VU,2019,130600006.103516
DT.ODA.ODAT.CD,VU,2018,130940002.441406
DT.ODA.ODAT.CD,VU,2017,132699996.948242
DT.ODA.ODAT.CD,VU,2016,129130004.882813
DT.ODA.ODAT.CD,VU,2015,186559997.558594
DT.ODA.ODAT.CD,VU,2014,100410003.662109
DT.ODA.ODAT.CD,VU,2013,91339996.3378906
DT.ODA.ODAT.CD,VU,2012,101940002.441406
DT.ODA.ODAT.CD,VU,2011,92889999.3896484
DT.ODA.ODAT.CD,VU,2010,109470001.220703
DT.ODA.ODAT.CD,VU,2009,101540000.915527
DT.ODA.ODAT.CD,VU,2008,93540000.9155273
DT.ODA.ODAT.CD,VU,2007,57979999.5422363
DT.ODA.ODAT.CD,VU,2006,49590000.1525879
DT.ODA.ODAT.CD,VU,2005,40299999.2370605
DT.ODA.ODAT.CD,VU,2004,38599998.4741211
DT.ODA.ODAT.CD,VU,2003,33009998.3215332
DT.ODA.ODAT.CD,VU,2002,27290000.9155273
DT.ODA.ODAT.CD,VU,2001,29049999.2370605
DT.ODA.ODAT.CD,VU,2000,35490001.6784668
DT.ODA.ODAT.CD,VU,1999,31100000.3814697
DT.ODA.ODAT.CD,VU,1998,29500000
DT.ODA.ODAT.CD,VU,1997,27069999.6948242
DT.ODA.ODAT.CD,VU,1996,30739999.7711182
DT.ODA.ODAT.CD,VU,1995,44599998.4741211
DT.ODA.ODAT.CD,WS,2019,123720001.220703
DT.ODA.ODAT.CD,WS,2018,128100006.103516
DT.ODA.ODAT.CD,WS,2017,136220001.220703
DT.ODA.ODAT.CD,WS,2016,88639999.3896484
DT.ODA.ODAT.CD,WS,2015,93720001.2207031
DT.ODA.ODAT.CD,WS,2014,93989997.8637695
DT.ODA.ODAT.CD,WS,2013,113010002.13623
DT.ODA.ODAT.CD,WS,2012,117290000.915527
DT.ODA.ODAT.CD,WS,2011,88800003.0517578
DT.ODA.ODAT.CD,WS,2010,124440002.441406
DT.ODA.ODAT.CD,WS,2009,65849998.4741211
DT.ODA.ODAT.CD,WS,2008,38650001.5258789
DT.ODA.ODAT.CD,WS,2007,33150001.5258789
DT.ODA.ODAT.CD,WS,2006,48250000
DT.ODA.ODAT.CD,WS,2005,43229999.5422363
DT.ODA.ODAT.CD,WS,2004,30379999.1607666
DT.ODA.ODAT.CD,WS,2003,33270000.4577637
DT.ODA.ODAT.CD,WS,2002,38040000.9155273
DT.ODA.ODAT.CD,WS,2001,40810001.373291
DT.ODA.ODAT.CD,WS,2000,28850000.3814697
DT.ODA.ODAT.CD,WS,1999,24659999.8474121
DT.ODA.ODAT.CD,WS,1998,32860000.6103516
DT.ODA.ODAT.CD,WS,1997,28110000.6103516
DT.ODA.ODAT.CD,WS,1996,32459999.0844727
DT.ODA.ODAT.CD,WS,1995,38419998.1689453
DT.ODA.ODAT.CD,YE,2019,3758929931.64063
DT.ODA.ODAT.CD,YE,2018,7985350097.65625
DT.ODA.ODAT.CD,YE,2017,3234010009.76563
DT.ODA.ODAT.CD,YE,2016,2301110107.42188
DT.ODA.ODAT.CD,YE,2015,1778410034.17969
DT.ODA.ODAT.CD,YE,2014,1163439941.40625
DT.ODA.ODAT.CD,YE,2013,1039630004.88281
DT.ODA.ODAT.CD,YE,2012,711820007.324219
DT.ODA.ODAT.CD,YE,2011,477549987.792969
DT.ODA.ODAT.CD,YE,2010,667080017.089844
DT.ODA.ODAT.CD,YE,2009,353290008.544922
DT.ODA.ODAT.CD,YE,2008,330040008.544922
DT.ODA.ODAT.CD,YE,2007,154970001.220703
DT.ODA.ODAT.CD,YE,2006,287809997.558594
DT.ODA.ODAT.CD,YE,2005,296000000
DT.ODA.ODAT.CD,YE,2004,266510009.765625
DT.ODA.ODAT.CD,YE,2003,244059997.558594
DT.ODA.ODAT.CD,YE,2002,216500000
DT.ODA.ODAT.CD,YE,2001,371829986.572266
DT.ODA.ODAT.CD,YE,2000,312799987.792969
DT.ODA.ODAT.CD,YE,1999,460829986.572266
DT.ODA.ODAT.CD,YE,1998,394239990.234375
DT.ODA.ODAT.CD,YE,1997,355399993.896484
DT.ODA.ODAT.CD,YE,1996,252270004.272461
DT.ODA.ODAT.CD,YE,1995,171789993.286133
DT.ODA.ODAT.CD,ZM,2019,947840026.855469
DT.ODA.ODAT.CD,ZM,2018,1000320007.32422
DT.ODA.ODAT.CD,ZM,2017,1040489990.23438
DT.ODA.ODAT.CD,ZM,2016,966460021.972656
DT.ODA.ODAT.CD,ZM,2015,797679992.675781
DT.ODA.ODAT.CD,ZM,2014,997729980.46875
DT.ODA.ODAT.CD,ZM,2013,1145250000
DT.ODA.ODAT.CD,ZM,2012,957140014.648438
DT.ODA.ODAT.CD,ZM,2011,1033469970.70313
DT.ODA.ODAT.CD,ZM,2010,919320007.324219
DT.ODA.ODAT.CD,ZM,2009,1228239990.23438
DT.ODA.ODAT.CD,ZM,2008,1056199951.17188
DT.ODA.ODAT.CD,ZM,2007,936210021.972656
DT.ODA.ODAT.CD,ZM,2006,1470270019.53125
DT.ODA.ODAT.CD,ZM,2005,1169050048.82813
DT.ODA.ODAT.CD,ZM,2004,1128449951.17188
DT.ODA.ODAT.CD,ZM,2003,770450012.207031
DT.ODA.ODAT.CD,ZM,2002,810729980.46875
DT.ODA.ODAT.CD,ZM,2001,570840026.855469
DT.ODA.ODAT.CD,ZM,2000,794650024.414063
DT.ODA.ODAT.CD,ZM,1999,623210021.972656
DT.ODA.ODAT.CD,ZM,1998,348149993.896484
DT.ODA.ODAT.CD,ZM,1997,609690002.441406
DT.ODA.ODAT.CD,ZM,1996,608059997.558594
DT.ODA.ODAT.CD,ZM,1995,2030670043.94531
