PV.PER.RNK,AF,2019,0.943396210670471
PV.PER.RNK,AF,2018,0.471698105335236
PV.PER.RNK,AF,2017,0.476190477609634
PV.PER.RNK,AF,2016,0.952380955219269
PV.PER.RNK,AF,2015,0.952380955219269
PV.PER.RNK,AF,2014,2.85714292526245
PV.PER.RNK,AF,2013,1.42180097103119
PV.PER.RNK,AF,2012,1.89573454856873
PV.PER.RNK,AF,2011,1.42180097103119
PV.PER.RNK,AF,2010,1.42180097103119
PV.PER.RNK,AF,2009,0.473933637142181
PV.PER.RNK,AF,2008,0.480769217014313
PV.PER.RNK,AF,2007,1.44927537441254
PV.PER.RNK,AF,2006,1.44927537441254
PV.PER.RNK,AF,2005,2.42718458175659
PV.PER.RNK,AF,2004,1.94174754619598
PV.PER.RNK,AF,2003,2.01005029678345
PV.PER.RNK,AF,2002,1.58730161190033
PV.PER.RNK,AF,2001,None
PV.PER.RNK,AF,2000,0.52910053730011
PV.PER.RNK,AF,1999,None
PV.PER.RNK,AF,1998,0.531914889812469
PV.PER.RNK,AF,1997,None
PV.PER.RNK,AF,1996,2.12765955924988
PV.PER.RNK,AF,1995,None
PV.PER.RNK,AO,2019,31.6037731170654
PV.PER.RNK,AO,2018,34.9056587219238
PV.PER.RNK,AO,2017,30.4761905670166
PV.PER.RNK,AO,2016,33.3333320617676
PV.PER.RNK,AO,2015,28.0952377319336
PV.PER.RNK,AO,2014,32.8571434020996
PV.PER.RNK,AO,2013,35.0710906982422
PV.PER.RNK,AO,2012,35.0710906982422
PV.PER.RNK,AO,2011,34.5971565246582
PV.PER.RNK,AO,2010,37.9146919250488
PV.PER.RNK,AO,2009,32.7014236450195
PV.PER.RNK,AO,2008,31.25
PV.PER.RNK,AO,2007,24.1545886993408
PV.PER.RNK,AO,2006,28.019323348999
PV.PER.RNK,AO,2005,21.3592224121094
PV.PER.RNK,AO,2004,16.5048542022705
PV.PER.RNK,AO,2003,19.5979900360107
PV.PER.RNK,AO,2002,9.5238094329834
PV.PER.RNK,AO,2001,None
PV.PER.RNK,AO,2000,1.58730161190033
PV.PER.RNK,AO,1999,None
PV.PER.RNK,AO,1998,1.06382977962494
PV.PER.RNK,AO,1997,None
PV.PER.RNK,AO,1996,3.72340416908264
PV.PER.RNK,AO,1995,None
PV.PER.RNK,BI,2019,7.07547187805176
PV.PER.RNK,BI,2018,7.54716968536377
PV.PER.RNK,BI,2017,4.2857141494751
PV.PER.RNK,BI,2016,5.7142858505249
PV.PER.RNK,BI,2015,5.7142858505249
PV.PER.RNK,BI,2014,20.4761905670166
PV.PER.RNK,BI,2013,8.53080558776855
PV.PER.RNK,BI,2012,5.68720388412476
PV.PER.RNK,BI,2011,4.7393364906311
PV.PER.RNK,BI,2010,6.63507127761841
PV.PER.RNK,BI,2009,12.7962083816528
PV.PER.RNK,BI,2008,9.13461494445801
PV.PER.RNK,BI,2007,9.66183567047119
PV.PER.RNK,BI,2006,9.17874431610107
PV.PER.RNK,BI,2005,7.28155326843262
PV.PER.RNK,BI,2004,0.970873773097992
PV.PER.RNK,BI,2003,1.50753772258759
PV.PER.RNK,BI,2002,0.52910053730011
PV.PER.RNK,BI,2001,None
PV.PER.RNK,BI,2000,2.11640214920044
PV.PER.RNK,BI,1999,None
PV.PER.RNK,BI,1998,1.59574472904205
PV.PER.RNK,BI,1997,None
PV.PER.RNK,BI,1996,3.19148945808411
PV.PER.RNK,BI,1995,None
PV.PER.RNK,BJ,2019,29.7169818878174
PV.PER.RNK,BJ,2018,40.5660362243652
PV.PER.RNK,BJ,2017,47.6190490722656
PV.PER.RNK,BJ,2016,47.1428565979004
PV.PER.RNK,BJ,2015,44.761905670166
PV.PER.RNK,BJ,2014,47.1428565979004
PV.PER.RNK,BJ,2013,58.2938385009766
PV.PER.RNK,BJ,2012,58.2938385009766
PV.PER.RNK,BJ,2011,57.3459701538086
PV.PER.RNK,BJ,2010,53.554500579834
PV.PER.RNK,BJ,2009,60.1895751953125
PV.PER.RNK,BJ,2008,56.730770111084
PV.PER.RNK,BJ,2007,57.9710159301758
PV.PER.RNK,BJ,2006,63.2850227355957
PV.PER.RNK,BJ,2005,61.1650466918945
PV.PER.RNK,BJ,2004,54.3689308166504
PV.PER.RNK,BJ,2003,69.3467330932617
PV.PER.RNK,BJ,2002,73.5449752807617
PV.PER.RNK,BJ,2001,None
PV.PER.RNK,BJ,2000,74.6031723022461
PV.PER.RNK,BJ,1999,None
PV.PER.RNK,BJ,1998,72.8723373413086
PV.PER.RNK,BJ,1997,None
PV.PER.RNK,BJ,1996,84.5744705200195
PV.PER.RNK,BJ,1995,None
PV.PER.RNK,BF,2019,11.7924528121948
PV.PER.RNK,BF,2018,13.2075471878052
PV.PER.RNK,BF,2017,15.2380952835083
PV.PER.RNK,BF,2016,16.6666660308838
PV.PER.RNK,BF,2015,25.238094329834
PV.PER.RNK,BF,2014,20
PV.PER.RNK,BF,2013,21.8009471893311
PV.PER.RNK,BF,2012,27.014217376709
PV.PER.RNK,BF,2011,28.9099521636963
PV.PER.RNK,BF,2010,41.2322273254395
PV.PER.RNK,BF,2009,45.971565246582
PV.PER.RNK,BF,2008,49.038459777832
PV.PER.RNK,BF,2007,54.5893707275391
PV.PER.RNK,BF,2006,50.7246360778809
PV.PER.RNK,BF,2005,43.2038841247559
PV.PER.RNK,BF,2004,42.2330093383789
PV.PER.RNK,BF,2003,45.7286415100098
PV.PER.RNK,BF,2002,33.3333320617676
PV.PER.RNK,BF,2001,None
PV.PER.RNK,BF,2000,48.6772499084473
PV.PER.RNK,BF,1999,None
PV.PER.RNK,BF,1998,40.957447052002
PV.PER.RNK,BF,1997,None
PV.PER.RNK,BF,1996,37.2340431213379
PV.PER.RNK,BF,1995,None
PV.PER.RNK,BD,2019,15.5660381317139
PV.PER.RNK,BD,2018,14.1509437561035
PV.PER.RNK,BD,2017,10.4761905670166
PV.PER.RNK,BD,2016,10.9523811340332
PV.PER.RNK,BD,2015,10
PV.PER.RNK,BD,2014,16.6666660308838
PV.PER.RNK,BD,2013,7.5829381942749
PV.PER.RNK,BD,2012,9.00473976135254
PV.PER.RNK,BD,2011,9.00473976135254
PV.PER.RNK,BD,2010,9.95260620117188
PV.PER.RNK,BD,2009,9.00473976135254
PV.PER.RNK,BD,2008,9.61538505554199
PV.PER.RNK,BD,2007,9.17874431610107
PV.PER.RNK,BD,2006,8.69565200805664
PV.PER.RNK,BD,2005,4.36893224716187
PV.PER.RNK,BD,2004,10.1941747665405
PV.PER.RNK,BD,2003,16.582914352417
PV.PER.RNK,BD,2002,19.0476188659668
PV.PER.RNK,BD,2001,None
PV.PER.RNK,BD,2000,24.8677253723145
PV.PER.RNK,BD,1999,None
PV.PER.RNK,BD,1998,33.5106391906738
PV.PER.RNK,BD,1997,None
PV.PER.RNK,BD,1996,26.5957450866699
PV.PER.RNK,BD,1995,None
PV.PER.RNK,BO,2019,20.2830181121826
PV.PER.RNK,BO,2018,36.7924537658691
PV.PER.RNK,BO,2017,34.761905670166
PV.PER.RNK,BO,2016,36.6666679382324
PV.PER.RNK,BO,2015,36.6666679382324
PV.PER.RNK,BO,2014,33.3333320617676
PV.PER.RNK,BO,2013,36.4928894042969
PV.PER.RNK,BO,2012,33.1753540039063
PV.PER.RNK,BO,2011,33.1753540039063
PV.PER.RNK,BO,2010,32.2274894714355
PV.PER.RNK,BO,2009,28.4360198974609
PV.PER.RNK,BO,2008,23.5576915740967
PV.PER.RNK,BO,2007,19.3236713409424
PV.PER.RNK,BO,2006,22.7053146362305
PV.PER.RNK,BO,2005,19.4174766540527
PV.PER.RNK,BO,2004,23.7864074707031
PV.PER.RNK,BO,2003,22.6130657196045
PV.PER.RNK,BO,2002,34.9206352233887
PV.PER.RNK,BO,2001,None
PV.PER.RNK,BO,2000,37.037036895752
PV.PER.RNK,BO,1999,None
PV.PER.RNK,BO,1998,35.638298034668
PV.PER.RNK,BO,1997,None
PV.PER.RNK,BO,1996,43.0851058959961
PV.PER.RNK,BO,1995,None
PV.PER.RNK,BT,2019,87.7358474731445
PV.PER.RNK,BT,2018,88.2075500488281
PV.PER.RNK,BT,2017,88.0952377319336
PV.PER.RNK,BT,2016,89.523811340332
PV.PER.RNK,BT,2015,80.476188659668
PV.PER.RNK,BT,2014,88.5714263916016
PV.PER.RNK,BT,2013,70.1421813964844
PV.PER.RNK,BT,2012,71.5639801025391
PV.PER.RNK,BT,2011,71.0900497436523
PV.PER.RNK,BT,2010,71.5639801025391
PV.PER.RNK,BT,2009,73.9336471557617
PV.PER.RNK,BT,2008,70.1923065185547
PV.PER.RNK,BT,2007,65.7004852294922
PV.PER.RNK,BT,2006,94.6859893798828
PV.PER.RNK,BT,2005,92.7184448242188
PV.PER.RNK,BT,2004,91.7475738525391
PV.PER.RNK,BT,2003,78.8944702148438
PV.PER.RNK,BT,2002,69.8412704467773
PV.PER.RNK,BT,2001,None
PV.PER.RNK,BT,2000,68.2539672851563
PV.PER.RNK,BT,1999,None
PV.PER.RNK,BT,1998,65.4255294799805
PV.PER.RNK,BT,1997,None
PV.PER.RNK,BT,1996,71.2765960693359
PV.PER.RNK,BT,1995,None
PV.PER.RNK,CF,2019,4.24528312683105
PV.PER.RNK,CF,2018,3.77358484268188
PV.PER.RNK,CF,2017,5.2380952835083
PV.PER.RNK,CF,2016,7.14285707473755
PV.PER.RNK,CF,2015,6.66666650772095
PV.PER.RNK,CF,2014,0.476190477609634
PV.PER.RNK,CF,2013,3.3175356388092
PV.PER.RNK,CF,2012,5.21327018737793
PV.PER.RNK,CF,2011,5.21327018737793
PV.PER.RNK,CF,2010,3.79146909713745
PV.PER.RNK,CF,2009,4.7393364906311
PV.PER.RNK,CF,2008,6.25
PV.PER.RNK,CF,2007,5.79710149765015
PV.PER.RNK,CF,2006,5.31400966644287
PV.PER.RNK,CF,2005,9.70873832702637
PV.PER.RNK,CF,2004,8.73786449432373
PV.PER.RNK,CF,2003,8.04020118713379
PV.PER.RNK,CF,2002,4.7619047164917
PV.PER.RNK,CF,2001,None
PV.PER.RNK,CF,2000,15.3439149856567
PV.PER.RNK,CF,1999,None
PV.PER.RNK,CF,1998,13.8297872543335
PV.PER.RNK,CF,1997,None
PV.PER.RNK,CF,1996,11.702127456665
PV.PER.RNK,CF,1995,None
PV.PER.RNK,CI,2019,13.6792449951172
PV.PER.RNK,CI,2018,15.5660381317139
PV.PER.RNK,CI,2017,12.8571424484253
PV.PER.RNK,CI,2016,15.7142858505249
PV.PER.RNK,CI,2015,20
PV.PER.RNK,CI,2014,13.3333330154419
PV.PER.RNK,CI,2013,17.0616111755371
PV.PER.RNK,CI,2012,11.8483409881592
PV.PER.RNK,CI,2011,8.53080558776855
PV.PER.RNK,CI,2010,8.05687236785889
PV.PER.RNK,CI,2009,11.3744077682495
PV.PER.RNK,CI,2008,7.21153831481934
PV.PER.RNK,CI,2007,6.28019332885742
PV.PER.RNK,CI,2006,4.8309178352356
PV.PER.RNK,CI,2005,0.970873773097992
PV.PER.RNK,CI,2004,3.39805817604065
PV.PER.RNK,CI,2003,5.02512550354004
PV.PER.RNK,CI,2002,3.17460322380066
PV.PER.RNK,CI,2001,None
PV.PER.RNK,CI,2000,13.2275133132935
PV.PER.RNK,CI,1999,None
PV.PER.RNK,CI,1998,36.1702117919922
PV.PER.RNK,CI,1997,None
PV.PER.RNK,CI,1996,48.9361686706543
PV.PER.RNK,CI,1995,None
PV.PER.RNK,CM,2019,8.01886749267578
PV.PER.RNK,CM,2018,8.49056625366211
PV.PER.RNK,CM,2017,12.380952835083
PV.PER.RNK,CM,2016,13.3333330154419
PV.PER.RNK,CM,2015,15.2380952835083
PV.PER.RNK,CM,2014,12.380952835083
PV.PER.RNK,CM,2013,27.488151550293
PV.PER.RNK,CM,2012,26.5402851104736
PV.PER.RNK,CM,2011,26.5402851104736
PV.PER.RNK,CM,2010,22.748815536499
PV.PER.RNK,CM,2009,29.8578205108643
PV.PER.RNK,CM,2008,26.9230766296387
PV.PER.RNK,CM,2007,34.2995185852051
PV.PER.RNK,CM,2006,38.6473426818848
PV.PER.RNK,CM,2005,40.2912635803223
PV.PER.RNK,CM,2004,32.5242729187012
PV.PER.RNK,CM,2003,31.1557788848877
PV.PER.RNK,CM,2002,26.4550266265869
PV.PER.RNK,CM,2001,None
PV.PER.RNK,CM,2000,29.100528717041
PV.PER.RNK,CM,1999,None
PV.PER.RNK,CM,1998,19.680850982666
PV.PER.RNK,CM,1997,None
PV.PER.RNK,CM,1996,19.680850982666
PV.PER.RNK,CM,1995,None
PV.PER.RNK,CD,2019,7.54716968536377
PV.PER.RNK,CD,2018,5.18867921829224
PV.PER.RNK,CD,2017,2.85714292526245
PV.PER.RNK,CD,2016,4.2857141494751
PV.PER.RNK,CD,2015,4.7619047164917
PV.PER.RNK,CD,2014,4.7619047164917
PV.PER.RNK,CD,2013,2.84360194206238
PV.PER.RNK,CD,2012,2.84360194206238
PV.PER.RNK,CD,2011,2.36966824531555
PV.PER.RNK,CD,2010,3.3175356388092
PV.PER.RNK,CD,2009,3.79146909713745
PV.PER.RNK,CD,2008,3.36538457870483
PV.PER.RNK,CD,2007,2.89855074882507
PV.PER.RNK,CD,2006,0.966183602809906
PV.PER.RNK,CD,2005,1.45631062984467
PV.PER.RNK,CD,2004,1.45631062984467
PV.PER.RNK,CD,2003,3.51758790016174
PV.PER.RNK,CD,2002,2.11640214920044
PV.PER.RNK,CD,2001,None
PV.PER.RNK,CD,2000,0
PV.PER.RNK,CD,1999,None
PV.PER.RNK,CD,1998,0
PV.PER.RNK,CD,1997,None
PV.PER.RNK,CD,1996,0
PV.PER.RNK,CD,1995,None
PV.PER.RNK,CG,2019,34.4339637756348
PV.PER.RNK,CG,2018,34.4339637756348
PV.PER.RNK,CG,2017,27.619047164917
PV.PER.RNK,CG,2016,25.7142848968506
PV.PER.RNK,CG,2015,26.6666660308838
PV.PER.RNK,CG,2014,30.9523811340332
PV.PER.RNK,CG,2013,29.8578205108643
PV.PER.RNK,CG,2012,31.2796211242676
PV.PER.RNK,CG,2011,35.0710906982422
PV.PER.RNK,CG,2010,34.1232223510742
PV.PER.RNK,CG,2009,36.4928894042969
PV.PER.RNK,CG,2008,21.634614944458
PV.PER.RNK,CG,2007,21.2560386657715
PV.PER.RNK,CG,2006,18.8405799865723
PV.PER.RNK,CG,2005,15.0485439300537
PV.PER.RNK,CG,2004,14.0776700973511
PV.PER.RNK,CG,2003,15.0753765106201
PV.PER.RNK,CG,2002,8.46560859680176
PV.PER.RNK,CG,2001,None
PV.PER.RNK,CG,2000,19.5767192840576
PV.PER.RNK,CG,1999,None
PV.PER.RNK,CG,1998,9.04255294799805
PV.PER.RNK,CG,1997,None
PV.PER.RNK,CG,1996,11.1702127456665
PV.PER.RNK,CG,1995,None
PV.PER.RNK,KM,2019,41.0377349853516
PV.PER.RNK,KM,2018,33.4905662536621
PV.PER.RNK,KM,2017,46.6666679382324
PV.PER.RNK,KM,2016,48.0952377319336
PV.PER.RNK,KM,2015,37.6190490722656
PV.PER.RNK,KM,2014,37.6190490722656
PV.PER.RNK,KM,2013,37.4407577514648
PV.PER.RNK,KM,2012,33.6492881774902
PV.PER.RNK,KM,2011,29.3838863372803
PV.PER.RNK,KM,2010,26.5402851104736
PV.PER.RNK,KM,2009,20.8530807495117
PV.PER.RNK,KM,2008,14.4230766296387
PV.PER.RNK,KM,2007,15.9420289993286
PV.PER.RNK,KM,2006,32.8502426147461
PV.PER.RNK,KM,2005,33.980583190918
PV.PER.RNK,KM,2004,39.3203887939453
PV.PER.RNK,KM,2003,26.6331653594971
PV.PER.RNK,KM,2002,60.8465614318848
PV.PER.RNK,KM,2001,None
PV.PER.RNK,KM,2000,45.5026473999023
PV.PER.RNK,KM,1999,None
PV.PER.RNK,KM,1998,65.9574432373047
PV.PER.RNK,KM,1997,None
PV.PER.RNK,KM,1996,62.2340431213379
PV.PER.RNK,KM,1995,None
PV.PER.RNK,CV,2019,76.4150924682617
PV.PER.RNK,CV,2018,74.0566024780273
PV.PER.RNK,CV,2017,71.9047622680664
PV.PER.RNK,CV,2016,76.1904754638672
PV.PER.RNK,CV,2015,74.2857131958008
PV.PER.RNK,CV,2014,58.5714302062988
PV.PER.RNK,CV,2013,69.6682434082031
PV.PER.RNK,CV,2012,72.9857788085938
PV.PER.RNK,CV,2011,69.1943130493164
PV.PER.RNK,CV,2010,75.3554534912109
PV.PER.RNK,CV,2009,74.8815155029297
PV.PER.RNK,CV,2008,74.5192337036133
PV.PER.RNK,CV,2007,77.7777786254883
PV.PER.RNK,CV,2006,79.7101440429688
PV.PER.RNK,CV,2005,68.9320373535156
PV.PER.RNK,CV,2004,83.0097122192383
PV.PER.RNK,CV,2003,78.8944702148438
PV.PER.RNK,CV,2002,70.8994674682617
PV.PER.RNK,CV,2001,None
PV.PER.RNK,CV,2000,90.476188659668
PV.PER.RNK,CV,1999,None
PV.PER.RNK,CV,1998,88.2978744506836
PV.PER.RNK,CV,1997,None
PV.PER.RNK,CV,1996,82.4468078613281
PV.PER.RNK,CV,1995,None
PV.PER.RNK,DJ,2019,33.0188674926758
PV.PER.RNK,DJ,2018,41.5094337463379
PV.PER.RNK,DJ,2017,20
PV.PER.RNK,DJ,2016,24.2857151031494
PV.PER.RNK,DJ,2015,30
PV.PER.RNK,DJ,2014,20.9523811340332
PV.PER.RNK,DJ,2013,42.6540298461914
PV.PER.RNK,DJ,2012,51.6587677001953
PV.PER.RNK,DJ,2011,53.0805702209473
PV.PER.RNK,DJ,2010,53.0805702209473
PV.PER.RNK,DJ,2009,63.0331764221191
PV.PER.RNK,DJ,2008,54.8076934814453
PV.PER.RNK,DJ,2007,39.1304359436035
PV.PER.RNK,DJ,2006,37.6811599731445
PV.PER.RNK,DJ,2005,22.8155345916748
PV.PER.RNK,DJ,2004,33.980583190918
PV.PER.RNK,DJ,2003,21.608039855957
PV.PER.RNK,DJ,2002,32.8042335510254
PV.PER.RNK,DJ,2001,None
PV.PER.RNK,DJ,2000,36.5079383850098
PV.PER.RNK,DJ,1999,None
PV.PER.RNK,DJ,1998,17.5531921386719
PV.PER.RNK,DJ,1997,None
PV.PER.RNK,DJ,1996,35.1063842773438
PV.PER.RNK,DJ,1995,None
PV.PER.RNK,EG,2019,12.2641506195068
PV.PER.RNK,EG,2018,11.7924528121948
PV.PER.RNK,EG,2017,9.0476188659668
PV.PER.RNK,EG,2016,9.0476188659668
PV.PER.RNK,EG,2015,8.09523773193359
PV.PER.RNK,EG,2014,7.61904764175415
PV.PER.RNK,EG,2013,7.10900497436523
PV.PER.RNK,EG,2012,7.5829381942749
PV.PER.RNK,EG,2011,6.63507127761841
PV.PER.RNK,EG,2010,19.4312801361084
PV.PER.RNK,EG,2009,25.5924167633057
PV.PER.RNK,EG,2008,28.8461532592773
PV.PER.RNK,EG,2007,27.0531406402588
PV.PER.RNK,EG,2006,22.2222213745117
PV.PER.RNK,EG,2005,26.6990299224854
PV.PER.RNK,EG,2004,21.3592224121094
PV.PER.RNK,EG,2003,27.6381912231445
PV.PER.RNK,EG,2002,31.2169303894043
PV.PER.RNK,EG,2001,None
PV.PER.RNK,EG,2000,47.6190490722656
PV.PER.RNK,EG,1999,None
PV.PER.RNK,EG,1998,44.1489372253418
PV.PER.RNK,EG,1997,None
PV.PER.RNK,EG,1996,27.659574508667
PV.PER.RNK,EG,1995,None
PV.PER.RNK,ER,2019,21.2264156341553
PV.PER.RNK,ER,2018,25
PV.PER.RNK,ER,2017,20.4761905670166
PV.PER.RNK,ER,2016,22.8571434020996
PV.PER.RNK,ER,2015,19.0476188659668
PV.PER.RNK,ER,2014,19.0476188659668
PV.PER.RNK,ER,2013,21.3270149230957
PV.PER.RNK,ER,2012,23.6966819763184
PV.PER.RNK,ER,2011,21.3270149230957
PV.PER.RNK,ER,2010,19.9052124023438
PV.PER.RNK,ER,2009,22.748815536499
PV.PER.RNK,ER,2008,22.5961532592773
PV.PER.RNK,ER,2007,16.9082126617432
PV.PER.RNK,ER,2006,19.8067626953125
PV.PER.RNK,ER,2005,23.3009700775146
PV.PER.RNK,ER,2004,25.2427177429199
PV.PER.RNK,ER,2003,26.1306533813477
PV.PER.RNK,ER,2002,36.5079383850098
PV.PER.RNK,ER,2001,None
PV.PER.RNK,ER,2000,22.2222213745117
PV.PER.RNK,ER,1999,None
PV.PER.RNK,ER,1998,17.021276473999
PV.PER.RNK,ER,1997,None
PV.PER.RNK,ER,1996,20.2127666473389
PV.PER.RNK,ER,1995,None
PV.PER.RNK,ET,2019,11.3207550048828
PV.PER.RNK,ET,2018,10.8490562438965
PV.PER.RNK,ET,2017,7.61904764175415
PV.PER.RNK,ET,2016,7.61904764175415
PV.PER.RNK,ET,2015,8.5714282989502
PV.PER.RNK,ET,2014,8.5714282989502
PV.PER.RNK,ET,2013,8.05687236785889
PV.PER.RNK,ET,2012,7.10900497436523
PV.PER.RNK,ET,2011,6.16113758087158
PV.PER.RNK,ET,2010,5.68720388412476
PV.PER.RNK,ET,2009,6.63507127761841
PV.PER.RNK,ET,2008,8.65384578704834
PV.PER.RNK,ET,2007,7.24637699127197
PV.PER.RNK,ET,2006,7.72946882247925
PV.PER.RNK,ET,2005,5.82524251937866
PV.PER.RNK,ET,2004,11.6504850387573
PV.PER.RNK,ET,2003,10.0502510070801
PV.PER.RNK,ET,2002,14.8148145675659
PV.PER.RNK,ET,2001,None
PV.PER.RNK,ET,2000,19.0476188659668
PV.PER.RNK,ET,1999,None
PV.PER.RNK,ET,1998,25.5319156646729
PV.PER.RNK,ET,1997,None
PV.PER.RNK,ET,1996,16.4893608093262
PV.PER.RNK,ET,1995,None
PV.PER.RNK,FM,2019,85.3773574829102
PV.PER.RNK,FM,2018,94.3396224975586
PV.PER.RNK,FM,2017,90.476188659668
PV.PER.RNK,FM,2016,88.0952377319336
PV.PER.RNK,FM,2015,85.2380981445313
PV.PER.RNK,FM,2014,81.4285736083984
PV.PER.RNK,FM,2013,88.6255950927734
PV.PER.RNK,FM,2012,89.5734634399414
PV.PER.RNK,FM,2011,87.6777267456055
PV.PER.RNK,FM,2010,90.9952621459961
PV.PER.RNK,FM,2009,93.8388595581055
PV.PER.RNK,FM,2008,92.3076934814453
PV.PER.RNK,FM,2007,92.2705307006836
PV.PER.RNK,FM,2006,90.3381652832031
PV.PER.RNK,FM,2005,87.8640747070313
PV.PER.RNK,FM,2004,81.0679626464844
PV.PER.RNK,FM,2003,67.3366851806641
PV.PER.RNK,FM,2002,None
PV.PER.RNK,FM,2001,None
PV.PER.RNK,FM,2000,None
PV.PER.RNK,FM,1999,None
PV.PER.RNK,FM,1998,None
PV.PER.RNK,FM,1997,None
PV.PER.RNK,FM,1996,None
PV.PER.RNK,FM,1995,None
PV.PER.RNK,GH,2019,52.8301887512207
PV.PER.RNK,GH,2018,45.2830200195313
PV.PER.RNK,GH,2017,50
PV.PER.RNK,GH,2016,40.9523811340332
PV.PER.RNK,GH,2015,44.2857131958008
PV.PER.RNK,GH,2014,41.4285697937012
PV.PER.RNK,GH,2013,47.8672981262207
PV.PER.RNK,GH,2012,50.7108993530273
PV.PER.RNK,GH,2011,52.6066360473633
PV.PER.RNK,GH,2010,46.9194297790527
PV.PER.RNK,GH,2009,45.0236968994141
PV.PER.RNK,GH,2008,43.75
PV.PER.RNK,GH,2007,40.5797119140625
PV.PER.RNK,GH,2006,46.3768119812012
PV.PER.RNK,GH,2005,51.9417457580566
PV.PER.RNK,GH,2004,47.0873794555664
PV.PER.RNK,GH,2003,42.2110557556152
PV.PER.RNK,GH,2002,41.2698402404785
PV.PER.RNK,GH,2001,None
PV.PER.RNK,GH,2000,33.3333320617676
PV.PER.RNK,GH,1999,None
PV.PER.RNK,GH,1998,38.8297882080078
PV.PER.RNK,GH,1997,None
PV.PER.RNK,GH,1996,38.2978706359863
PV.PER.RNK,GH,1995,None
PV.PER.RNK,GN,2019,18.3962268829346
PV.PER.RNK,GN,2018,16.5094337463379
PV.PER.RNK,GN,2017,21.4285717010498
PV.PER.RNK,GN,2016,31.4285717010498
PV.PER.RNK,GN,2015,32.8571434020996
PV.PER.RNK,GN,2014,14.2857141494751
PV.PER.RNK,GN,2013,11.8483409881592
PV.PER.RNK,GN,2012,11.3744077682495
PV.PER.RNK,GN,2011,9.95260620117188
PV.PER.RNK,GN,2010,4.7393364906311
PV.PER.RNK,GN,2009,2.84360194206238
PV.PER.RNK,GN,2008,2.4038462638855
PV.PER.RNK,GN,2007,1.93236720561981
PV.PER.RNK,GN,2006,3.38164258003235
PV.PER.RNK,GN,2005,16.019416809082
PV.PER.RNK,GN,2004,17.4757289886475
PV.PER.RNK,GN,2003,23.6180896759033
PV.PER.RNK,GN,2002,11.640212059021
PV.PER.RNK,GN,2001,None
PV.PER.RNK,GN,2000,4.23280429840088
PV.PER.RNK,GN,1999,None
PV.PER.RNK,GN,1998,27.1276588439941
PV.PER.RNK,GN,1997,None
PV.PER.RNK,GN,1996,13.297872543335
PV.PER.RNK,GN,1995,None
PV.PER.RNK,GM,2019,55.6603775024414
PV.PER.RNK,GM,2018,43.8679237365723
PV.PER.RNK,GM,2017,40.9523811340332
PV.PER.RNK,GM,2016,29.5238094329834
PV.PER.RNK,GM,2015,47.6190490722656
PV.PER.RNK,GM,2014,39.523811340332
PV.PER.RNK,GM,2013,44.5497627258301
PV.PER.RNK,GM,2012,45.0236968994141
PV.PER.RNK,GM,2011,47.3933639526367
PV.PER.RNK,GM,2010,48.8151664733887
PV.PER.RNK,GM,2009,48.8151664733887
PV.PER.RNK,GM,2008,46.6346168518066
PV.PER.RNK,GM,2007,43.4782600402832
PV.PER.RNK,GM,2006,43.961353302002
PV.PER.RNK,GM,2005,53.8834953308105
PV.PER.RNK,GM,2004,51.9417457580566
PV.PER.RNK,GM,2003,58.2914581298828
PV.PER.RNK,GM,2002,74.0740737915039
PV.PER.RNK,GM,2001,None
PV.PER.RNK,GM,2000,69.3121719360352
PV.PER.RNK,GM,1999,None
PV.PER.RNK,GM,1998,69.1489334106445
PV.PER.RNK,GM,1997,None
PV.PER.RNK,GM,1996,64.8936157226563
PV.PER.RNK,GM,1995,None
PV.PER.RNK,GW,2019,25.4716987609863
PV.PER.RNK,GW,2018,21.698112487793
PV.PER.RNK,GW,2017,29.0476188659668
PV.PER.RNK,GW,2016,29.0476188659668
PV.PER.RNK,GW,2015,27.1428565979004
PV.PER.RNK,GW,2014,22.8571434020996
PV.PER.RNK,GW,2013,19.4312801361084
PV.PER.RNK,GW,2012,18.0094795227051
PV.PER.RNK,GW,2011,22.748815536499
PV.PER.RNK,GW,2010,25.1184825897217
PV.PER.RNK,GW,2009,24.1706161499023
PV.PER.RNK,GW,2008,23.0769233703613
PV.PER.RNK,GW,2007,28.9855079650879
PV.PER.RNK,GW,2006,30.4347820281982
PV.PER.RNK,GW,2005,28.6407775878906
PV.PER.RNK,GW,2004,32.0388336181641
PV.PER.RNK,GW,2003,29.6482410430908
PV.PER.RNK,GW,2002,24.3386249542236
PV.PER.RNK,GW,2001,None
PV.PER.RNK,GW,2000,33.862434387207
PV.PER.RNK,GW,1999,None
PV.PER.RNK,GW,1998,5.31914901733398
PV.PER.RNK,GW,1997,None
PV.PER.RNK,GW,1996,7.97872352600098
PV.PER.RNK,GW,1995,None
PV.PER.RNK,HN,2019,24.5283012390137
PV.PER.RNK,HN,2018,28.301887512207
PV.PER.RNK,HN,2017,27.1428565979004
PV.PER.RNK,HN,2016,30.4761905670166
PV.PER.RNK,HN,2015,29.0476188659668
PV.PER.RNK,HN,2014,28.0952377319336
PV.PER.RNK,HN,2013,31.7535552978516
PV.PER.RNK,HN,2012,36.4928894042969
PV.PER.RNK,HN,2011,34.1232223510742
PV.PER.RNK,HN,2010,28.4360198974609
PV.PER.RNK,HN,2009,33.1753540039063
PV.PER.RNK,HN,2008,28.365385055542
PV.PER.RNK,HN,2007,29.9516906738281
PV.PER.RNK,HN,2006,26.0869560241699
PV.PER.RNK,HN,2005,27.1844654083252
PV.PER.RNK,HN,2004,31.0679607391357
PV.PER.RNK,HN,2003,33.668342590332
PV.PER.RNK,HN,2002,39.1534385681152
PV.PER.RNK,HN,2001,None
PV.PER.RNK,HN,2000,41.2698402404785
PV.PER.RNK,HN,1999,None
PV.PER.RNK,HN,1998,45.7446823120117
PV.PER.RNK,HN,1997,None
PV.PER.RNK,HN,1996,30.319149017334
PV.PER.RNK,HN,1995,None
PV.PER.RNK,HT,2019,16.9811325073242
PV.PER.RNK,HT,2018,24.056604385376
PV.PER.RNK,HT,2017,22.380952835083
PV.PER.RNK,HT,2016,20.9523811340332
PV.PER.RNK,HT,2015,22.380952835083
PV.PER.RNK,HT,2014,24.2857151031494
PV.PER.RNK,HT,2013,25.1184825897217
PV.PER.RNK,HT,2012,21.3270149230957
PV.PER.RNK,HT,2011,17.5355453491211
PV.PER.RNK,HT,2010,18.0094795227051
PV.PER.RNK,HT,2009,18.0094795227051
PV.PER.RNK,HT,2008,10.5769233703613
PV.PER.RNK,HT,2007,10.6280193328857
PV.PER.RNK,HT,2006,10.6280193328857
PV.PER.RNK,HT,2005,4.85436916351318
PV.PER.RNK,HT,2004,3.88349509239197
PV.PER.RNK,HT,2003,11.0552759170532
PV.PER.RNK,HT,2002,14.2857141494751
PV.PER.RNK,HT,2001,None
PV.PER.RNK,HT,2000,26.4550266265869
PV.PER.RNK,HT,1999,None
PV.PER.RNK,HT,1998,18.0851058959961
PV.PER.RNK,HT,1997,None
PV.PER.RNK,HT,1996,22.8723411560059
PV.PER.RNK,HT,1995,None
PV.PER.RNK,IN,2019,19.3396224975586
PV.PER.RNK,IN,2018,13.6792449951172
PV.PER.RNK,IN,2017,18.5714282989502
PV.PER.RNK,IN,2016,14.7619047164917
PV.PER.RNK,IN,2015,17.1428565979004
PV.PER.RNK,IN,2014,13.8095235824585
PV.PER.RNK,IN,2013,12.3222751617432
PV.PER.RNK,IN,2012,10.9004735946655
PV.PER.RNK,IN,2011,10.9004735946655
PV.PER.RNK,IN,2010,11.3744077682495
PV.PER.RNK,IN,2009,10.4265403747559
PV.PER.RNK,IN,2008,13.942307472229
PV.PER.RNK,IN,2007,13.5265703201294
PV.PER.RNK,IN,2006,16.9082126617432
PV.PER.RNK,IN,2005,17.4757289886475
PV.PER.RNK,IN,2004,13.1067962646484
PV.PER.RNK,IN,2003,9.04522609710693
PV.PER.RNK,IN,2002,15.8730154037476
PV.PER.RNK,IN,2001,None
PV.PER.RNK,IN,2000,17.4603176116943
PV.PER.RNK,IN,1999,None
PV.PER.RNK,IN,1998,12.7659578323364
PV.PER.RNK,IN,1997,None
PV.PER.RNK,IN,1996,19.1489353179932
PV.PER.RNK,IN,1995,None
PV.PER.RNK,JO,2019,36.7924537658691
PV.PER.RNK,JO,2018,32.5471687316895
PV.PER.RNK,JO,2017,30
PV.PER.RNK,JO,2016,27.1428565979004
PV.PER.RNK,JO,2015,25.7142848968506
PV.PER.RNK,JO,2014,27.619047164917
PV.PER.RNK,JO,2013,26.0663509368896
PV.PER.RNK,JO,2012,29.3838863372803
PV.PER.RNK,JO,2011,30.3317527770996
PV.PER.RNK,JO,2010,34.5971565246582
PV.PER.RNK,JO,2009,32.2274894714355
PV.PER.RNK,JO,2008,30.769229888916
PV.PER.RNK,JO,2007,34.7826080322266
PV.PER.RNK,JO,2006,23.6714973449707
PV.PER.RNK,JO,2005,41.7475738525391
PV.PER.RNK,JO,2004,36.8932037353516
PV.PER.RNK,JO,2003,40.7035179138184
PV.PER.RNK,JO,2002,30.1587295532227
PV.PER.RNK,JO,2001,None
PV.PER.RNK,JO,2000,43.9153442382813
PV.PER.RNK,JO,1999,None
PV.PER.RNK,JO,1998,48.4042549133301
PV.PER.RNK,JO,1997,None
PV.PER.RNK,JO,1996,46.8085098266602
PV.PER.RNK,JO,1995,None
PV.PER.RNK,KE,2019,12.7358493804932
PV.PER.RNK,KE,2018,12.2641506195068
PV.PER.RNK,KE,2017,11.9047622680664
PV.PER.RNK,KE,2016,10
PV.PER.RNK,KE,2015,9.5238094329834
PV.PER.RNK,KE,2014,9.0476188659668
PV.PER.RNK,KE,2013,13.7440757751465
PV.PER.RNK,KE,2012,10.4265403747559
PV.PER.RNK,KE,2011,12.7962083816528
PV.PER.RNK,KE,2010,12.7962083816528
PV.PER.RNK,KE,2009,9.47867298126221
PV.PER.RNK,KE,2008,10.0961542129517
PV.PER.RNK,KE,2007,11.1111106872559
PV.PER.RNK,KE,2006,15.4589376449585
PV.PER.RNK,KE,2005,12.62135887146
PV.PER.RNK,KE,2004,16.019416809082
PV.PER.RNK,KE,2003,13.5678396224976
PV.PER.RNK,KE,2002,16.9312171936035
PV.PER.RNK,KE,2001,None
PV.PER.RNK,KE,2000,16.4021167755127
PV.PER.RNK,KE,1999,None
PV.PER.RNK,KE,1998,18.6170215606689
PV.PER.RNK,KE,1997,None
PV.PER.RNK,KE,1996,23.9361705780029
PV.PER.RNK,KE,1995,None
PV.PER.RNK,KG,2019,37.7358474731445
PV.PER.RNK,KG,2018,28.7735843658447
PV.PER.RNK,KG,2017,31.9047622680664
PV.PER.RNK,KG,2016,23.3333339691162
PV.PER.RNK,KG,2015,18.0952377319336
PV.PER.RNK,KG,2014,19.5238094329834
PV.PER.RNK,KG,2013,18.4834117889404
PV.PER.RNK,KG,2012,18.9573459625244
PV.PER.RNK,KG,2011,15.1658763885498
PV.PER.RNK,KG,2010,15.1658763885498
PV.PER.RNK,KG,2009,25.1184825897217
PV.PER.RNK,KG,2008,26.4423084259033
PV.PER.RNK,KG,2007,17.3913040161133
PV.PER.RNK,KG,2006,11.5942029953003
PV.PER.RNK,KG,2005,14.5631065368652
PV.PER.RNK,KG,2004,15.0485439300537
PV.PER.RNK,KG,2003,18.0904521942139
PV.PER.RNK,KG,2002,26.9841270446777
PV.PER.RNK,KG,2001,None
PV.PER.RNK,KG,2000,39.6825408935547
PV.PER.RNK,KG,1999,None
PV.PER.RNK,KG,1998,37.2340431213379
PV.PER.RNK,KG,1997,None
PV.PER.RNK,KG,1996,41.4893608093262
PV.PER.RNK,KG,1995,None
PV.PER.RNK,KH,2019,44.8113212585449
PV.PER.RNK,KH,2018,52.8301887512207
PV.PER.RNK,KH,2017,50.9523811340332
PV.PER.RNK,KH,2016,53.3333320617676
PV.PER.RNK,KH,2015,49.523811340332
PV.PER.RNK,KH,2014,46.1904754638672
PV.PER.RNK,KH,2013,41.7061614990234
PV.PER.RNK,KH,2012,41.2322273254395
PV.PER.RNK,KH,2011,36.4928894042969
PV.PER.RNK,KH,2010,27.488151550293
PV.PER.RNK,KH,2009,27.014217376709
PV.PER.RNK,KH,2008,34.6153831481934
PV.PER.RNK,KH,2007,31.8840579986572
PV.PER.RNK,KH,2006,33.8164253234863
PV.PER.RNK,KH,2005,34.9514579772949
PV.PER.RNK,KH,2004,30.5825233459473
PV.PER.RNK,KH,2003,27.1356792449951
PV.PER.RNK,KH,2002,25.3968257904053
PV.PER.RNK,KH,2001,None
PV.PER.RNK,KH,2000,21.6931209564209
PV.PER.RNK,KH,1999,None
PV.PER.RNK,KH,1998,11.702127456665
PV.PER.RNK,KH,1997,None
PV.PER.RNK,KH,1996,14.8936166763306
PV.PER.RNK,KH,1995,None
PV.PER.RNK,KI,2019,89.6226425170898
PV.PER.RNK,KI,2018,84.9056625366211
PV.PER.RNK,KI,2017,75.7142868041992
PV.PER.RNK,KI,2016,74.7619018554688
PV.PER.RNK,KI,2015,72.8571395874023
PV.PER.RNK,KI,2014,73.8095245361328
PV.PER.RNK,KI,2013,93.8388595581055
PV.PER.RNK,KI,2012,94.7867279052734
PV.PER.RNK,KI,2011,95.7345962524414
PV.PER.RNK,KI,2010,96.6824645996094
PV.PER.RNK,KI,2009,98.1042633056641
PV.PER.RNK,KI,2008,98.0769195556641
PV.PER.RNK,KI,2007,98.5507278442383
PV.PER.RNK,KI,2006,98.5507278442383
PV.PER.RNK,KI,2005,99.0291290283203
PV.PER.RNK,KI,2004,90.291259765625
PV.PER.RNK,KI,2003,91.9598007202148
PV.PER.RNK,KI,2002,None
PV.PER.RNK,KI,2001,None
PV.PER.RNK,KI,2000,None
PV.PER.RNK,KI,1999,None
PV.PER.RNK,KI,1998,None
PV.PER.RNK,KI,1997,None
PV.PER.RNK,KI,1996,None
PV.PER.RNK,KI,1995,None
PV.PER.RNK,LA,2019,63.2075462341309
PV.PER.RNK,LA,2018,60.3773574829102
PV.PER.RNK,LA,2017,61.4285697937012
PV.PER.RNK,LA,2016,63.8095245361328
PV.PER.RNK,LA,2015,61.9047622680664
PV.PER.RNK,LA,2014,62.3809509277344
PV.PER.RNK,LA,2013,48.8151664733887
PV.PER.RNK,LA,2012,45.971565246582
PV.PER.RNK,LA,2011,45.0236968994141
PV.PER.RNK,LA,2010,35.5450248718262
PV.PER.RNK,LA,2009,39.3364944458008
PV.PER.RNK,LA,2008,44.711540222168
PV.PER.RNK,LA,2007,38.6473426818848
PV.PER.RNK,LA,2006,42.512077331543
PV.PER.RNK,LA,2005,31.0679607391357
PV.PER.RNK,LA,2004,25.7281551361084
PV.PER.RNK,LA,2003,14.070351600647
PV.PER.RNK,LA,2002,43.3862419128418
PV.PER.RNK,LA,2001,None
PV.PER.RNK,LA,2000,28.0423278808594
PV.PER.RNK,LA,1999,None
PV.PER.RNK,LA,1998,36.7021293640137
PV.PER.RNK,LA,1997,None
PV.PER.RNK,LA,1996,59.5744667053223
PV.PER.RNK,LA,1995,None
PV.PER.RNK,LB,2019,6.60377359390259
PV.PER.RNK,LB,2018,7.07547187805176
PV.PER.RNK,LB,2017,8.5714282989502
PV.PER.RNK,LB,2016,8.09523773193359
PV.PER.RNK,LB,2015,7.14285707473755
PV.PER.RNK,LB,2014,7.14285707473755
PV.PER.RNK,LB,2013,6.63507127761841
PV.PER.RNK,LB,2012,6.16113758087158
PV.PER.RNK,LB,2011,5.68720388412476
PV.PER.RNK,LB,2010,7.10900497436523
PV.PER.RNK,LB,2009,8.53080558776855
PV.PER.RNK,LB,2008,4.807692527771
PV.PER.RNK,LB,2007,3.38164258003235
PV.PER.RNK,LB,2006,6.28019332885742
PV.PER.RNK,LB,2005,18.4466018676758
PV.PER.RNK,LB,2004,23.3009700775146
PV.PER.RNK,LB,2003,30.1507530212402
PV.PER.RNK,LB,2002,31.7460308074951
PV.PER.RNK,LB,2001,None
PV.PER.RNK,LB,2000,31.2169303894043
PV.PER.RNK,LB,1999,None
PV.PER.RNK,LB,1998,20.2127666473389
PV.PER.RNK,LB,1997,None
PV.PER.RNK,LB,1996,23.4042549133301
PV.PER.RNK,LB,1995,None
PV.PER.RNK,LR,2019,33.4905662536621
PV.PER.RNK,LR,2018,39.1509437561035
PV.PER.RNK,LR,2017,32.8571434020996
PV.PER.RNK,LR,2016,30
PV.PER.RNK,LR,2015,20.4761905670166
PV.PER.RNK,LR,2014,24.761905670166
PV.PER.RNK,LR,2013,29.3838863372803
PV.PER.RNK,LR,2012,31.7535552978516
PV.PER.RNK,LR,2011,32.7014236450195
PV.PER.RNK,LR,2010,29.3838863372803
PV.PER.RNK,LR,2009,15.1658763885498
PV.PER.RNK,LR,2008,12.0192308425903
PV.PER.RNK,LR,2007,12.0772943496704
PV.PER.RNK,LR,2006,12.5603866577148
PV.PER.RNK,LR,2005,11.1650485992432
PV.PER.RNK,LR,2004,9.70873832702637
PV.PER.RNK,LR,2003,2.51256275177002
PV.PER.RNK,LR,2002,1.05820107460022
PV.PER.RNK,LR,2001,None
PV.PER.RNK,LR,2000,3.17460322380066
PV.PER.RNK,LR,1999,None
PV.PER.RNK,LR,1998,6.91489362716675
PV.PER.RNK,LR,1997,None
PV.PER.RNK,LR,1996,1.59574472904205
PV.PER.RNK,LR,1995,None
PV.PER.RNK,LK,2019,40.0943412780762
PV.PER.RNK,LK,2018,41.0377349853516
PV.PER.RNK,LK,2017,42.3809509277344
PV.PER.RNK,LK,2016,46.6666679382324
PV.PER.RNK,LK,2015,50.476188659668
PV.PER.RNK,LK,2014,34.2857131958008
PV.PER.RNK,LK,2013,25.5924167633057
PV.PER.RNK,LK,2012,22.748815536499
PV.PER.RNK,LK,2011,23.6966819763184
PV.PER.RNK,LK,2010,17.5355453491211
PV.PER.RNK,LK,2009,10.9004735946655
PV.PER.RNK,LK,2008,7.692307472229
PV.PER.RNK,LK,2007,7.72946882247925
PV.PER.RNK,LK,2006,9.66183567047119
PV.PER.RNK,LK,2005,16.5048542022705
PV.PER.RNK,LK,2004,18.4466018676758
PV.PER.RNK,LK,2003,23.1155776977539
PV.PER.RNK,LK,2002,22.2222213745117
PV.PER.RNK,LK,2001,None
PV.PER.RNK,LK,2000,4.7619047164917
PV.PER.RNK,LK,1999,None
PV.PER.RNK,LK,1998,10.1063833236694
PV.PER.RNK,LK,1997,None
PV.PER.RNK,LK,1996,5.85106372833252
PV.PER.RNK,LK,1995,None
PV.PER.RNK,LS,2019,28.7735843658447
PV.PER.RNK,LS,2018,40.0943412780762
PV.PER.RNK,LS,2017,39.0476188659668
PV.PER.RNK,LS,2016,37.1428565979004
PV.PER.RNK,LS,2015,35.238094329834
PV.PER.RNK,LS,2014,33.8095245361328
PV.PER.RNK,LS,2013,59.2417068481445
PV.PER.RNK,LS,2012,56.3981056213379
PV.PER.RNK,LS,2011,59.7156410217285
PV.PER.RNK,LS,2010,62.0853080749512
PV.PER.RNK,LS,2009,54.028434753418
PV.PER.RNK,LS,2008,37.980770111084
PV.PER.RNK,LS,2007,30.917875289917
PV.PER.RNK,LS,2006,41.5458946228027
PV.PER.RNK,LS,2005,46.1165046691895
PV.PER.RNK,LS,2004,58.737865447998
PV.PER.RNK,LS,2003,47.2361793518066
PV.PER.RNK,LS,2002,46.0317459106445
PV.PER.RNK,LS,2001,None
PV.PER.RNK,LS,2000,50.7936515808105
PV.PER.RNK,LS,1999,None
PV.PER.RNK,LS,1998,40.4255332946777
PV.PER.RNK,LS,1997,None
PV.PER.RNK,LS,1996,54.7872352600098
PV.PER.RNK,LS,1995,None
PV.PER.RNK,MA,2019,32.5471687316895
PV.PER.RNK,MA,2018,33.9622650146484
PV.PER.RNK,MA,2017,30.9523811340332
PV.PER.RNK,MA,2016,34.2857131958008
PV.PER.RNK,MA,2015,33.8095245361328
PV.PER.RNK,MA,2014,29.5238094329834
PV.PER.RNK,MA,2013,28.9099521636963
PV.PER.RNK,MA,2012,32.7014236450195
PV.PER.RNK,MA,2011,33.6492881774902
PV.PER.RNK,MA,2010,32.7014236450195
PV.PER.RNK,MA,2009,31.2796211242676
PV.PER.RNK,MA,2008,25.9615383148193
PV.PER.RNK,MA,2007,27.5362319946289
PV.PER.RNK,MA,2006,30.917875289917
PV.PER.RNK,MA,2005,29.1262130737305
PV.PER.RNK,MA,2004,35.4368934631348
PV.PER.RNK,MA,2003,32.1608047485352
PV.PER.RNK,MA,2002,37.037036895752
PV.PER.RNK,MA,2001,None
PV.PER.RNK,MA,2000,42.3280410766602
PV.PER.RNK,MA,1999,None
PV.PER.RNK,MA,1998,57.4468078613281
PV.PER.RNK,MA,1997,None
PV.PER.RNK,MA,1996,39.8936157226563
PV.PER.RNK,MA,1995,None
PV.PER.RNK,MG,2019,33.9622650146484
PV.PER.RNK,MG,2018,25.943395614624
PV.PER.RNK,MG,2017,33.8095245361328
PV.PER.RNK,MG,2016,35.238094329834
PV.PER.RNK,MG,2015,30.4761905670166
PV.PER.RNK,MG,2014,26.6666660308838
PV.PER.RNK,MG,2013,24.6445503234863
PV.PER.RNK,MG,2012,28.9099521636963
PV.PER.RNK,MG,2011,24.6445503234863
PV.PER.RNK,MG,2010,17.0616111755371
PV.PER.RNK,MG,2009,21.8009471893311
PV.PER.RNK,MG,2008,29.8076915740967
PV.PER.RNK,MG,2007,46.3768119812012
PV.PER.RNK,MG,2006,51.6908226013184
PV.PER.RNK,MG,2005,45.1456298828125
PV.PER.RNK,MG,2004,53.8834953308105
PV.PER.RNK,MG,2003,66.331657409668
PV.PER.RNK,MG,2002,39.6825408935547
PV.PER.RNK,MG,2001,None
PV.PER.RNK,MG,2000,52.9100532531738
PV.PER.RNK,MG,1999,None
PV.PER.RNK,MG,1998,53.1914901733398
PV.PER.RNK,MG,1997,None
PV.PER.RNK,MG,1996,53.7234039306641
PV.PER.RNK,MG,1995,None
PV.PER.RNK,ML,2019,3.77358484268188
PV.PER.RNK,ML,2018,4.71698093414307
PV.PER.RNK,ML,2017,6.1904764175415
PV.PER.RNK,ML,2016,8.5714282989502
PV.PER.RNK,ML,2015,7.61904764175415
PV.PER.RNK,ML,2014,6.66666650772095
PV.PER.RNK,ML,2013,6.16113758087158
PV.PER.RNK,ML,2012,3.79146909713745
PV.PER.RNK,ML,2011,24.1706161499023
PV.PER.RNK,ML,2010,39.3364944458008
PV.PER.RNK,ML,2009,41.7061614990234
PV.PER.RNK,ML,2008,52.8846168518066
PV.PER.RNK,ML,2007,51.6908226013184
PV.PER.RNK,ML,2006,58.937198638916
PV.PER.RNK,ML,2005,52.4271850585938
PV.PER.RNK,ML,2004,62.1359214782715
PV.PER.RNK,ML,2003,53.2663307189941
PV.PER.RNK,ML,2002,61.9047622680664
PV.PER.RNK,ML,2001,None
PV.PER.RNK,ML,2000,56.0846557617188
PV.PER.RNK,ML,1999,None
PV.PER.RNK,ML,1998,62.2340431213379
PV.PER.RNK,ML,1997,None
PV.PER.RNK,ML,1996,58.5106391906738
PV.PER.RNK,ML,1995,None
PV.PER.RNK,MM,2019,10.8490562438965
PV.PER.RNK,MM,2018,11.3207550048828
PV.PER.RNK,MM,2017,13.3333330154419
PV.PER.RNK,MM,2016,18.5714282989502
PV.PER.RNK,MM,2015,10.4761905670166
PV.PER.RNK,MM,2014,11.4285717010498
PV.PER.RNK,MM,2013,14.2180099487305
PV.PER.RNK,MM,2012,18.4834117889404
PV.PER.RNK,MM,2011,14.6919431686401
PV.PER.RNK,MM,2010,10.9004735946655
PV.PER.RNK,MM,2009,11.8483409881592
PV.PER.RNK,MM,2008,15.384614944458
PV.PER.RNK,MM,2007,16.425121307373
PV.PER.RNK,MM,2006,21.2560386657715
PV.PER.RNK,MM,2005,20.8737869262695
PV.PER.RNK,MM,2004,18.9320392608643
PV.PER.RNK,MM,2003,16.0804023742676
PV.PER.RNK,MM,2002,12.6984128952026
PV.PER.RNK,MM,2001,None
PV.PER.RNK,MM,2000,6.87830686569214
PV.PER.RNK,MM,1999,None
PV.PER.RNK,MM,1998,9.57446765899658
PV.PER.RNK,MM,1997,None
PV.PER.RNK,MM,1996,10.1063833236694
PV.PER.RNK,MM,1995,None
PV.PER.RNK,MZ,2019,19.8113212585449
PV.PER.RNK,MZ,2018,18.3962268829346
PV.PER.RNK,MZ,2017,16.1904754638672
PV.PER.RNK,MZ,2016,12.8571424484253
PV.PER.RNK,MZ,2015,27.619047164917
PV.PER.RNK,MZ,2014,32.3809509277344
PV.PER.RNK,MZ,2013,38.3886260986328
PV.PER.RNK,MZ,2012,59.2417068481445
PV.PER.RNK,MZ,2011,58.2938385009766
PV.PER.RNK,MZ,2010,58.2938385009766
PV.PER.RNK,MZ,2009,68.7203826904297
PV.PER.RNK,MZ,2008,57.211540222168
PV.PER.RNK,MZ,2007,55.5555572509766
PV.PER.RNK,MZ,2006,61.835750579834
PV.PER.RNK,MZ,2005,50.970874786377
PV.PER.RNK,MZ,2004,44.6601943969727
PV.PER.RNK,MZ,2003,52.2613067626953
PV.PER.RNK,MZ,2002,51.3227500915527
PV.PER.RNK,MZ,2001,None
PV.PER.RNK,MZ,2000,40.7407417297363
PV.PER.RNK,MZ,1999,None
PV.PER.RNK,MZ,1998,51.0638313293457
PV.PER.RNK,MZ,1997,None
PV.PER.RNK,MZ,1996,46.2765960693359
PV.PER.RNK,MZ,1995,None
PV.PER.RNK,MR,2019,25
PV.PER.RNK,MR,2018,24.5283012390137
PV.PER.RNK,MR,2017,24.761905670166
PV.PER.RNK,MR,2016,20.4761905670166
PV.PER.RNK,MR,2015,23.3333339691162
PV.PER.RNK,MR,2014,25.7142848968506
PV.PER.RNK,MR,2013,17.5355453491211
PV.PER.RNK,MR,2012,15.1658763885498
PV.PER.RNK,MR,2011,13.7440757751465
PV.PER.RNK,MR,2010,14.2180099487305
PV.PER.RNK,MR,2009,19.9052124023438
PV.PER.RNK,MR,2008,24.519229888916
PV.PER.RNK,MR,2007,35.2657012939453
PV.PER.RNK,MR,2006,53.6231880187988
PV.PER.RNK,MR,2005,39.3203887939453
PV.PER.RNK,MR,2004,38.8349533081055
PV.PER.RNK,MR,2003,44.2211036682129
PV.PER.RNK,MR,2002,60.3174591064453
PV.PER.RNK,MR,2001,None
PV.PER.RNK,MR,2000,61.375659942627
PV.PER.RNK,MR,1999,None
PV.PER.RNK,MR,1998,60.1063842773438
PV.PER.RNK,MR,1997,None
PV.PER.RNK,MR,1996,59.042552947998
PV.PER.RNK,MR,1995,None
PV.PER.RNK,MW,2019,35.8490562438965
PV.PER.RNK,MW,2018,30.6603775024414
PV.PER.RNK,MW,2017,37.1428565979004
PV.PER.RNK,MW,2016,41.9047622680664
PV.PER.RNK,MW,2015,48.0952377319336
PV.PER.RNK,MW,2014,50
PV.PER.RNK,MW,2013,38.8625602722168
PV.PER.RNK,MW,2012,44.5497627258301
PV.PER.RNK,MW,2011,42.6540298461914
PV.PER.RNK,MW,2010,47.8672981262207
PV.PER.RNK,MW,2009,46.445499420166
PV.PER.RNK,MW,2008,42.3076934814453
PV.PER.RNK,MW,2007,45.4106292724609
PV.PER.RNK,MW,2006,49.2753639221191
PV.PER.RNK,MW,2005,49.5145645141602
PV.PER.RNK,MW,2004,49.029125213623
PV.PER.RNK,MW,2003,42.7135696411133
PV.PER.RNK,MW,2002,47.0899467468262
PV.PER.RNK,MW,2001,None
PV.PER.RNK,MW,2000,34.3915328979492
PV.PER.RNK,MW,1999,None
PV.PER.RNK,MW,1998,42.5531921386719
PV.PER.RNK,MW,1997,None
PV.PER.RNK,MW,1996,31.9148941040039
PV.PER.RNK,MW,1995,None
PV.PER.RNK,NE,2019,9.43396186828613
PV.PER.RNK,NE,2018,8.96226406097412
PV.PER.RNK,NE,2017,10
PV.PER.RNK,NE,2016,11.9047622680664
PV.PER.RNK,NE,2015,13.3333330154419
PV.PER.RNK,NE,2014,10
PV.PER.RNK,NE,2013,9.47867298126221
PV.PER.RNK,NE,2012,14.6919431686401
PV.PER.RNK,NE,2011,19.9052124023438
PV.PER.RNK,NE,2010,13.2701425552368
PV.PER.RNK,NE,2009,14.6919431686401
PV.PER.RNK,NE,2008,24.0384616851807
PV.PER.RNK,NE,2007,29.468599319458
PV.PER.RNK,NE,2006,40.0966186523438
PV.PER.RNK,NE,2005,31.5533981323242
PV.PER.RNK,NE,2004,29.1262130737305
PV.PER.RNK,NE,2003,43.2160797119141
PV.PER.RNK,NE,2002,42.8571434020996
PV.PER.RNK,NE,2001,None
PV.PER.RNK,NE,2000,51.3227500915527
PV.PER.RNK,NE,1999,None
PV.PER.RNK,NE,1998,34.5744667053223
PV.PER.RNK,NE,1997,None
PV.PER.RNK,NE,1996,48.4042549133301
PV.PER.RNK,NE,1995,None
PV.PER.RNK,NG,2019,4.71698093414307
PV.PER.RNK,NG,2018,4.24528312683105
PV.PER.RNK,NG,2017,4.7619047164917
PV.PER.RNK,NG,2016,6.1904764175415
PV.PER.RNK,NG,2015,6.1904764175415
PV.PER.RNK,NG,2014,5.2380952835083
PV.PER.RNK,NG,2013,3.79146909713745
PV.PER.RNK,NG,2012,3.3175356388092
PV.PER.RNK,NG,2011,3.3175356388092
PV.PER.RNK,NG,2010,2.84360194206238
PV.PER.RNK,NG,2009,4.26540279388428
PV.PER.RNK,NG,2008,5.28846168518066
PV.PER.RNK,NG,2007,3.86473441123962
PV.PER.RNK,NG,2006,2.4154589176178
PV.PER.RNK,NG,2005,6.31067943572998
PV.PER.RNK,NG,2004,4.85436916351318
PV.PER.RNK,NG,2003,6.03015089035034
PV.PER.RNK,NG,2002,7.40740728378296
PV.PER.RNK,NG,2001,None
PV.PER.RNK,NG,2000,9.5238094329834
PV.PER.RNK,NG,1999,None
PV.PER.RNK,NG,1998,26.5957450866699
PV.PER.RNK,NG,1997,None
PV.PER.RNK,NG,1996,15.957447052002
PV.PER.RNK,NG,1995,None
PV.PER.RNK,NI,2019,14.1509437561035
PV.PER.RNK,NI,2018,14.6226415634155
PV.PER.RNK,NI,2017,44.2857131958008
PV.PER.RNK,NI,2016,43.8095245361328
PV.PER.RNK,NI,2015,42.8571434020996
PV.PER.RNK,NI,2014,43.3333320617676
PV.PER.RNK,NI,2013,37.9146919250488
PV.PER.RNK,NI,2012,36.9668235778809
PV.PER.RNK,NI,2011,38.3886260986328
PV.PER.RNK,NI,2010,27.962085723877
PV.PER.RNK,NI,2009,33.6492881774902
PV.PER.RNK,NI,2008,37.5
PV.PER.RNK,NI,2007,39.613525390625
PV.PER.RNK,NI,2006,36.7149772644043
PV.PER.RNK,NI,2005,36.4077682495117
PV.PER.RNK,NI,2004,34.4660186767578
PV.PER.RNK,NI,2003,34.1708526611328
PV.PER.RNK,NI,2002,44.9735450744629
PV.PER.RNK,NI,2001,None
PV.PER.RNK,NI,2000,41.798942565918
PV.PER.RNK,NI,1999,None
PV.PER.RNK,NI,1998,30.319149017334
PV.PER.RNK,NI,1997,None
PV.PER.RNK,NI,1996,28.1914901733398
PV.PER.RNK,NI,1995,None
PV.PER.RNK,NP,2019,28.301887512207
PV.PER.RNK,NP,2018,26.8867931365967
PV.PER.RNK,NP,2017,25.7142848968506
PV.PER.RNK,NP,2016,17.1428565979004
PV.PER.RNK,NP,2015,14.2857141494751
PV.PER.RNK,NP,2014,21.4285717010498
PV.PER.RNK,NP,2013,14.6919431686401
PV.PER.RNK,NP,2012,8.53080558776855
PV.PER.RNK,NP,2011,8.05687236785889
PV.PER.RNK,NP,2010,7.5829381942749
PV.PER.RNK,NP,2009,7.5829381942749
PV.PER.RNK,NP,2008,6.73076915740967
PV.PER.RNK,NP,2007,4.34782600402832
PV.PER.RNK,NP,2006,4.34782600402832
PV.PER.RNK,NP,2005,1.94174754619598
PV.PER.RNK,NP,2004,2.91262125968933
PV.PER.RNK,NP,2003,4.52261304855347
PV.PER.RNK,NP,2002,5.29100513458252
PV.PER.RNK,NP,2001,None
PV.PER.RNK,NP,2000,13.7566137313843
PV.PER.RNK,NP,1999,None
PV.PER.RNK,NP,1998,21.8085098266602
PV.PER.RNK,NP,1997,None
PV.PER.RNK,NP,1996,45.7446823120117
PV.PER.RNK,NP,1995,None
PV.PER.RNK,PK,2019,3.30188679695129
PV.PER.RNK,PK,2018,2.8301887512207
PV.PER.RNK,PK,2017,1.90476191043854
PV.PER.RNK,PK,2016,1.42857146263123
PV.PER.RNK,PK,2015,1.42857146263123
PV.PER.RNK,PK,2014,3.33333325386047
PV.PER.RNK,PK,2013,0.947867274284363
PV.PER.RNK,PK,2012,0.947867274284363
PV.PER.RNK,PK,2011,0.473933637142181
PV.PER.RNK,PK,2010,0.473933637142181
PV.PER.RNK,PK,2009,1.42180097103119
PV.PER.RNK,PK,2008,0.961538434028625
PV.PER.RNK,PK,2007,0.966183602809906
PV.PER.RNK,PK,2006,2.89855074882507
PV.PER.RNK,PK,2005,5.33980560302734
PV.PER.RNK,PK,2004,5.82524251937866
PV.PER.RNK,PK,2003,7.53768825531006
PV.PER.RNK,PK,2002,6.34920644760132
PV.PER.RNK,PK,2001,None
PV.PER.RNK,PK,2000,15.8730154037476
PV.PER.RNK,PK,1999,None
PV.PER.RNK,PK,1998,14.361701965332
PV.PER.RNK,PK,1997,None
PV.PER.RNK,PK,1996,14.361701965332
PV.PER.RNK,PK,1995,None
PV.PER.RNK,PH,2019,16.0377349853516
PV.PER.RNK,PH,2018,12.7358493804932
PV.PER.RNK,PH,2017,11.4285717010498
PV.PER.RNK,PH,2016,9.5238094329834
PV.PER.RNK,PH,2015,19.5238094329834
PV.PER.RNK,PH,2014,21.9047622680664
PV.PER.RNK,PH,2013,16.1137447357178
PV.PER.RNK,PH,2012,13.7440757751465
PV.PER.RNK,PH,2011,9.47867298126221
PV.PER.RNK,PH,2010,5.21327018737793
PV.PER.RNK,PH,2009,5.68720388412476
PV.PER.RNK,PH,2008,8.17307662963867
PV.PER.RNK,PH,2007,8.21256065368652
PV.PER.RNK,PH,2006,8.21256065368652
PV.PER.RNK,PH,2005,14.0776700973511
PV.PER.RNK,PH,2004,5.33980560302734
PV.PER.RNK,PH,2003,7.03517580032349
PV.PER.RNK,PH,2002,20.6349201202393
PV.PER.RNK,PH,2001,None
PV.PER.RNK,PH,2000,11.1111106872559
PV.PER.RNK,PH,1999,None
PV.PER.RNK,PH,1998,35.1063842773438
PV.PER.RNK,PH,1997,None
PV.PER.RNK,PH,1996,29.2553195953369
PV.PER.RNK,PH,1995,None
PV.PER.RNK,PG,2019,21.698112487793
PV.PER.RNK,PG,2018,23.5849056243896
PV.PER.RNK,PG,2017,21.9047622680664
PV.PER.RNK,PG,2016,26.1904754638672
PV.PER.RNK,PG,2015,31.4285717010498
PV.PER.RNK,PG,2014,31.9047622680664
PV.PER.RNK,PG,2013,27.962085723877
PV.PER.RNK,PG,2012,26.0663509368896
PV.PER.RNK,PG,2011,22.274881362915
PV.PER.RNK,PG,2010,21.8009471893311
PV.PER.RNK,PG,2009,20.3791465759277
PV.PER.RNK,PG,2008,25.480770111084
PV.PER.RNK,PG,2007,22.7053146362305
PV.PER.RNK,PG,2006,20.2898559570313
PV.PER.RNK,PG,2005,19.9029121398926
PV.PER.RNK,PG,2004,27.6699028015137
PV.PER.RNK,PG,2003,29.1457290649414
PV.PER.RNK,PG,2002,28.0423278808594
PV.PER.RNK,PG,2001,None
PV.PER.RNK,PG,2000,38.624340057373
PV.PER.RNK,PG,1999,None
PV.PER.RNK,PG,1998,41.4893608093262
PV.PER.RNK,PG,1997,None
PV.PER.RNK,PG,1996,21.8085098266602
PV.PER.RNK,PG,1995,None
PV.PER.RNK,KP,2019,35.3773574829102
PV.PER.RNK,KP,2018,35.3773574829102
PV.PER.RNK,KP,2017,28.5714282989502
PV.PER.RNK,KP,2016,21.9047622680664
PV.PER.RNK,KP,2015,10.9523811340332
PV.PER.RNK,KP,2014,10.4761905670166
PV.PER.RNK,KP,2013,30.8056869506836
PV.PER.RNK,KP,2012,43.6018943786621
PV.PER.RNK,KP,2011,38.8625602722168
PV.PER.RNK,KP,2010,35.0710906982422
PV.PER.RNK,KP,2009,43.1279602050781
PV.PER.RNK,KP,2008,63.461540222168
PV.PER.RNK,KP,2007,63.2850227355957
PV.PER.RNK,KP,2006,44.9275360107422
PV.PER.RNK,KP,2005,47.5728149414063
PV.PER.RNK,KP,2004,53.3980598449707
PV.PER.RNK,KP,2003,51.2562828063965
PV.PER.RNK,KP,2002,50.7936515808105
PV.PER.RNK,KP,2001,None
PV.PER.RNK,KP,2000,43.3862419128418
PV.PER.RNK,KP,1999,None
PV.PER.RNK,KP,1998,31.3829784393311
PV.PER.RNK,KP,1997,None
PV.PER.RNK,KP,1996,28.7234039306641
PV.PER.RNK,KP,1995,None
PV.PER.RNK,PS,2019,5.18867921829224
PV.PER.RNK,PS,2018,6.60377359390259
PV.PER.RNK,PS,2017,8.09523773193359
PV.PER.RNK,PS,2016,5.2380952835083
PV.PER.RNK,PS,2015,4.2857141494751
PV.PER.RNK,PS,2014,6.1904764175415
PV.PER.RNK,PS,2013,5.21327018737793
PV.PER.RNK,PS,2012,4.26540279388428
PV.PER.RNK,PS,2011,3.79146909713745
PV.PER.RNK,PS,2010,4.26540279388428
PV.PER.RNK,PS,2009,3.3175356388092
PV.PER.RNK,PS,2008,3.8461537361145
PV.PER.RNK,PS,2007,4.8309178352356
PV.PER.RNK,PS,2006,7.24637699127197
PV.PER.RNK,PS,2005,6.7961163520813
PV.PER.RNK,PS,2004,15.5339803695679
PV.PER.RNK,PS,2003,13.0653266906738
PV.PER.RNK,PS,2002,4.23280429840088
PV.PER.RNK,PS,2001,None
PV.PER.RNK,PS,2000,8.99470901489258
PV.PER.RNK,PS,1999,None
PV.PER.RNK,PS,1998,10.638298034668
PV.PER.RNK,PS,1997,None
PV.PER.RNK,PS,1996,9.04255294799805
PV.PER.RNK,PS,1995,None
PV.PER.RNK,RW,2019,49.5283012390137
PV.PER.RNK,RW,2018,52.3584899902344
PV.PER.RNK,RW,2017,49.523811340332
PV.PER.RNK,RW,2016,44.761905670166
PV.PER.RNK,RW,2015,45.7142868041992
PV.PER.RNK,RW,2014,35.238094329834
PV.PER.RNK,RW,2013,42.1800956726074
PV.PER.RNK,RW,2012,38.3886260986328
PV.PER.RNK,RW,2011,39.8104248046875
PV.PER.RNK,RW,2010,36.0189590454102
PV.PER.RNK,RW,2009,27.962085723877
PV.PER.RNK,RW,2008,33.1730766296387
PV.PER.RNK,RW,2007,32.3671493530273
PV.PER.RNK,RW,2006,25.6038646697998
PV.PER.RNK,RW,2005,17.9611644744873
PV.PER.RNK,RW,2004,14.5631065368652
PV.PER.RNK,RW,2003,17.0854263305664
PV.PER.RNK,RW,2002,5.8201060295105
PV.PER.RNK,RW,2001,None
PV.PER.RNK,RW,2000,6.34920644760132
PV.PER.RNK,RW,1999,None
PV.PER.RNK,RW,1998,4.25531911849976
PV.PER.RNK,RW,1997,None
PV.PER.RNK,RW,1996,4.25531911849976
PV.PER.RNK,RW,1995,None
PV.PER.RNK,SD,2019,6.13207530975342
PV.PER.RNK,SD,2018,6.13207530975342
PV.PER.RNK,SD,2017,5.7142858505249
PV.PER.RNK,SD,2016,2.85714292526245
PV.PER.RNK,SD,2015,3.80952382087708
PV.PER.RNK,SD,2014,3.80952382087708
PV.PER.RNK,SD,2013,2.36966824531555
PV.PER.RNK,SD,2012,2.36966824531555
PV.PER.RNK,SD,2011,0.947867274284363
PV.PER.RNK,SD,2010,0.947867274284363
PV.PER.RNK,SD,2009,0.947867274284363
PV.PER.RNK,SD,2008,1.44230771064758
PV.PER.RNK,SD,2007,2.4154589176178
PV.PER.RNK,SD,2006,1.93236720561981
PV.PER.RNK,SD,2005,3.39805817604065
PV.PER.RNK,SD,2004,6.7961163520813
PV.PER.RNK,SD,2003,4.02010059356689
PV.PER.RNK,SD,2002,3.70370364189148
PV.PER.RNK,SD,2001,None
PV.PER.RNK,SD,2000,1.05820107460022
PV.PER.RNK,SD,1999,None
PV.PER.RNK,SD,1998,2.12765955924988
PV.PER.RNK,SD,1997,None
PV.PER.RNK,SD,1996,1.06382977962494
PV.PER.RNK,SD,1995,None
PV.PER.RNK,SN,2019,48.5849075317383
PV.PER.RNK,SN,2018,41.9811325073242
PV.PER.RNK,SN,2017,43.8095245361328
PV.PER.RNK,SN,2016,37.6190490722656
PV.PER.RNK,SN,2015,41.9047622680664
PV.PER.RNK,SN,2014,37.1428565979004
PV.PER.RNK,SN,2013,43.6018943786621
PV.PER.RNK,SN,2012,40.7582931518555
PV.PER.RNK,SN,2011,37.9146919250488
PV.PER.RNK,SN,2010,31.7535552978516
PV.PER.RNK,SN,2009,38.3886260986328
PV.PER.RNK,SN,2008,39.4230766296387
PV.PER.RNK,SN,2007,37.1980667114258
PV.PER.RNK,SN,2006,37.1980667114258
PV.PER.RNK,SN,2005,39.8058242797852
PV.PER.RNK,SN,2004,46.6019401550293
PV.PER.RNK,SN,2003,37.1859283447266
PV.PER.RNK,SN,2002,35.9788360595703
PV.PER.RNK,SN,2001,None
PV.PER.RNK,SN,2000,27.5132274627686
PV.PER.RNK,SN,1999,None
PV.PER.RNK,SN,1998,16.4893608093262
PV.PER.RNK,SN,1997,None
PV.PER.RNK,SN,1996,25
PV.PER.RNK,SN,1995,None
PV.PER.RNK,SB,2019,61.3207550048828
PV.PER.RNK,SB,2018,58.0188674926758
PV.PER.RNK,SB,2017,54.2857131958008
PV.PER.RNK,SB,2016,62.8571434020996
PV.PER.RNK,SB,2015,66.1904754638672
PV.PER.RNK,SB,2014,60.9523811340332
PV.PER.RNK,SB,2013,57.8199043273926
PV.PER.RNK,SB,2012,52.6066360473633
PV.PER.RNK,SB,2011,56.3981056213379
PV.PER.RNK,SB,2010,56.3981056213379
PV.PER.RNK,SB,2009,52.1327018737793
PV.PER.RNK,SB,2008,51.9230766296387
PV.PER.RNK,SB,2007,51.2077293395996
PV.PER.RNK,SB,2006,48.3091773986816
PV.PER.RNK,SB,2005,45.6310691833496
PV.PER.RNK,SB,2004,46.1165046691895
PV.PER.RNK,SB,2003,59.2964820861816
PV.PER.RNK,SB,2002,30.6878299713135
PV.PER.RNK,SB,2001,None
PV.PER.RNK,SB,2000,23.8095245361328
PV.PER.RNK,SB,1999,None
PV.PER.RNK,SB,1998,88.2978744506836
PV.PER.RNK,SB,1997,None
PV.PER.RNK,SB,1996,82.4468078613281
PV.PER.RNK,SB,1995,None
PV.PER.RNK,SL,2019,45.7547187805176
PV.PER.RNK,SL,2018,43.3962249755859
PV.PER.RNK,SL,2017,45.7142868041992
PV.PER.RNK,SL,2016,39.523811340332
PV.PER.RNK,SL,2015,42.3809509277344
PV.PER.RNK,SL,2014,41.9047622680664
PV.PER.RNK,SL,2013,39.8104248046875
PV.PER.RNK,SL,2012,37.9146919250488
PV.PER.RNK,SL,2011,40.2843589782715
PV.PER.RNK,SL,2010,36.9668235778809
PV.PER.RNK,SL,2009,35.0710906982422
PV.PER.RNK,SL,2008,36.0576934814453
PV.PER.RNK,SL,2007,41.062801361084
PV.PER.RNK,SL,2006,34.7826080322266
PV.PER.RNK,SL,2005,32.0388336181641
PV.PER.RNK,SL,2004,28.1553401947021
PV.PER.RNK,SL,2003,19.0954780578613
PV.PER.RNK,SL,2002,25.9259262084961
PV.PER.RNK,SL,2001,None
PV.PER.RNK,SL,2000,5.29100513458252
PV.PER.RNK,SL,1999,None
PV.PER.RNK,SL,1998,2.65957450866699
PV.PER.RNK,SL,1997,None
PV.PER.RNK,SL,1996,6.38297891616821
PV.PER.RNK,SL,1995,None
PV.PER.RNK,SO,2019,2.8301887512207
PV.PER.RNK,SO,2018,3.30188679695129
PV.PER.RNK,SO,2017,3.80952382087708
PV.PER.RNK,SO,2016,2.38095235824585
PV.PER.RNK,SO,2015,2.38095235824585
PV.PER.RNK,SO,2014,1.90476191043854
PV.PER.RNK,SO,2013,0
PV.PER.RNK,SO,2012,0
PV.PER.RNK,SO,2011,0
PV.PER.RNK,SO,2010,0
PV.PER.RNK,SO,2009,0
PV.PER.RNK,SO,2008,0
PV.PER.RNK,SO,2007,0
PV.PER.RNK,SO,2006,0.483091801404953
PV.PER.RNK,SO,2005,0
PV.PER.RNK,SO,2004,0.485436886548996
PV.PER.RNK,SO,2003,0
PV.PER.RNK,SO,2002,0
PV.PER.RNK,SO,2001,None
PV.PER.RNK,SO,2000,3.70370364189148
PV.PER.RNK,SO,1999,None
PV.PER.RNK,SO,1998,3.19148945808411
PV.PER.RNK,SO,1997,None
PV.PER.RNK,SO,1996,0.531914889812469
PV.PER.RNK,SO,1995,None
PV.PER.RNK,SS,2019,2.35849046707153
PV.PER.RNK,SS,2018,2.35849046707153
PV.PER.RNK,SS,2017,1.42857146263123
PV.PER.RNK,SS,2016,1.90476191043854
PV.PER.RNK,SS,2015,1.90476191043854
PV.PER.RNK,SS,2014,1.42857146263123
PV.PER.RNK,SS,2013,5.68720388412476
PV.PER.RNK,SS,2012,14.2180099487305
PV.PER.RNK,SS,2011,7.10900497436523
PV.PER.RNK,SS,2010,None
PV.PER.RNK,SS,2009,None
PV.PER.RNK,SS,2008,None
PV.PER.RNK,SS,2007,None
PV.PER.RNK,SS,2006,None
PV.PER.RNK,SS,2005,None
PV.PER.RNK,SS,2004,None
PV.PER.RNK,SS,2003,None
PV.PER.RNK,SS,2002,None
PV.PER.RNK,SS,2001,None
PV.PER.RNK,SS,2000,None
PV.PER.RNK,SS,1999,None
PV.PER.RNK,SS,1998,None
PV.PER.RNK,SS,1997,None
PV.PER.RNK,SS,1996,None
PV.PER.RNK,SS,1995,None
PV.PER.RNK,ST,2019,61.7924537658691
PV.PER.RNK,ST,2018,64.1509399414063
PV.PER.RNK,ST,2017,53.8095245361328
PV.PER.RNK,ST,2016,53.8095245361328
PV.PER.RNK,ST,2015,52.3809509277344
PV.PER.RNK,ST,2014,53.8095245361328
PV.PER.RNK,ST,2013,50.7108993530273
PV.PER.RNK,ST,2012,45.497631072998
PV.PER.RNK,ST,2011,47.8672981262207
PV.PER.RNK,ST,2010,50.7108993530273
PV.PER.RNK,ST,2009,49.7630348205566
PV.PER.RNK,ST,2008,50
PV.PER.RNK,ST,2007,58.4541053771973
PV.PER.RNK,ST,2006,54.5893707275391
PV.PER.RNK,ST,2005,65.0485458374023
PV.PER.RNK,ST,2004,64.0776672363281
PV.PER.RNK,ST,2003,53.7688446044922
PV.PER.RNK,ST,2002,68.2539672851563
PV.PER.RNK,ST,2001,None
PV.PER.RNK,ST,2000,85.185188293457
PV.PER.RNK,ST,1999,None
PV.PER.RNK,ST,1998,84.5744705200195
PV.PER.RNK,ST,1997,None
PV.PER.RNK,ST,1996,84.5744705200195
PV.PER.RNK,ST,1995,None
PV.PER.RNK,SZ,2019,37.2641525268555
PV.PER.RNK,SZ,2018,33.0188674926758
PV.PER.RNK,SZ,2017,35.238094329834
PV.PER.RNK,SZ,2016,27.619047164917
PV.PER.RNK,SZ,2015,28.5714282989502
PV.PER.RNK,SZ,2014,29.0476188659668
PV.PER.RNK,SZ,2013,32.2274894714355
PV.PER.RNK,SZ,2012,34.5971565246582
PV.PER.RNK,SZ,2011,30.8056869506836
PV.PER.RNK,SZ,2010,43.1279602050781
PV.PER.RNK,SZ,2009,43.6018943786621
PV.PER.RNK,SZ,2008,41.3461532592773
PV.PER.RNK,SZ,2007,43.961353302002
PV.PER.RNK,SZ,2006,36.2318840026855
PV.PER.RNK,SZ,2005,35.4368934631348
PV.PER.RNK,SZ,2004,44.1747589111328
PV.PER.RNK,SZ,2003,45.226131439209
PV.PER.RNK,SZ,2002,49.2063484191895
PV.PER.RNK,SZ,2001,None
PV.PER.RNK,SZ,2000,47.0899467468262
PV.PER.RNK,SZ,1999,None
PV.PER.RNK,SZ,1998,44.680850982666
PV.PER.RNK,SZ,1997,None
PV.PER.RNK,SZ,1996,40.4255332946777
PV.PER.RNK,SZ,1995,None
PV.PER.RNK,SY,2019,0.471698105335236
PV.PER.RNK,SY,2018,0.943396210670471
PV.PER.RNK,SY,2017,0.952380955219269
PV.PER.RNK,SY,2016,0
PV.PER.RNK,SY,2015,0
PV.PER.RNK,SY,2014,0
PV.PER.RNK,SY,2013,0.473933637142181
PV.PER.RNK,SY,2012,0.473933637142181
PV.PER.RNK,SY,2011,2.84360194206238
PV.PER.RNK,SY,2010,22.274881362915
PV.PER.RNK,SY,2009,27.488151550293
PV.PER.RNK,SY,2008,31.730770111084
PV.PER.RNK,SY,2007,33.8164253234863
PV.PER.RNK,SY,2006,35.7487907409668
PV.PER.RNK,SY,2005,32.5242729187012
PV.PER.RNK,SY,2004,35.9223289489746
PV.PER.RNK,SY,2003,44.7236175537109
PV.PER.RNK,SY,2002,53.439151763916
PV.PER.RNK,SY,2001,None
PV.PER.RNK,SY,2000,40.2116394042969
PV.PER.RNK,SY,1999,None
PV.PER.RNK,SY,1998,43.0851058959961
PV.PER.RNK,SY,1997,None
PV.PER.RNK,SY,1996,34.5744667053223
PV.PER.RNK,SY,1995,None
PV.PER.RNK,TD,2019,10.3773584365845
PV.PER.RNK,TD,2018,8.01886749267578
PV.PER.RNK,TD,2017,9.5238094329834
PV.PER.RNK,TD,2016,10.4761905670166
PV.PER.RNK,TD,2015,15.7142858505249
PV.PER.RNK,TD,2014,8.09523773193359
PV.PER.RNK,TD,2013,15.6398105621338
PV.PER.RNK,TD,2012,16.5876770019531
PV.PER.RNK,TD,2011,11.3744077682495
PV.PER.RNK,TD,2010,9.00473976135254
PV.PER.RNK,TD,2009,6.16113758087158
PV.PER.RNK,TD,2008,4.32692289352417
PV.PER.RNK,TD,2007,5.31400966644287
PV.PER.RNK,TD,2006,5.79710149765015
PV.PER.RNK,TD,2005,8.25242710113525
PV.PER.RNK,TD,2004,7.28155326843262
PV.PER.RNK,TD,2003,10.5527639389038
PV.PER.RNK,TD,2002,10.0529098510742
PV.PER.RNK,TD,2001,None
PV.PER.RNK,TD,2000,14.8148145675659
PV.PER.RNK,TD,1999,None
PV.PER.RNK,TD,1998,11.1702127456665
PV.PER.RNK,TD,1997,None
PV.PER.RNK,TD,1996,18.0851058959961
PV.PER.RNK,TD,1995,None
PV.PER.RNK,TG,2019,16.5094337463379
PV.PER.RNK,TG,2018,16.0377349853516
PV.PER.RNK,TG,2017,17.1428565979004
PV.PER.RNK,TG,2016,39.0476188659668
PV.PER.RNK,TG,2015,38.5714302062988
PV.PER.RNK,TG,2014,38.5714302062988
PV.PER.RNK,TG,2013,36.0189590454102
PV.PER.RNK,TG,2012,35.5450248718262
PV.PER.RNK,TG,2011,40.7582931518555
PV.PER.RNK,TG,2010,39.8104248046875
PV.PER.RNK,TG,2009,38.8625602722168
PV.PER.RNK,TG,2008,38.461540222168
PV.PER.RNK,TG,2007,33.3333320617676
PV.PER.RNK,TG,2006,28.9855079650879
PV.PER.RNK,TG,2005,8.73786449432373
PV.PER.RNK,TG,2004,34.9514579772949
PV.PER.RNK,TG,2003,38.1909561157227
PV.PER.RNK,TG,2002,47.6190490722656
PV.PER.RNK,TG,2001,None
PV.PER.RNK,TG,2000,35.4497337341309
PV.PER.RNK,TG,1999,None
PV.PER.RNK,TG,1998,26.0638294219971
PV.PER.RNK,TG,1997,None
PV.PER.RNK,TG,1996,32.9787216186523
PV.PER.RNK,TG,1995,None
PV.PER.RNK,TJ,2019,26.4150943756104
PV.PER.RNK,TJ,2018,19.8113212585449
PV.PER.RNK,TJ,2017,22.8571434020996
PV.PER.RNK,TJ,2016,20
PV.PER.RNK,TJ,2015,18.5714282989502
PV.PER.RNK,TJ,2014,23.3333339691162
PV.PER.RNK,TJ,2013,13.2701425552368
PV.PER.RNK,TJ,2012,12.3222751617432
PV.PER.RNK,TJ,2011,16.5876770019531
PV.PER.RNK,TJ,2010,15.6398105621338
PV.PER.RNK,TJ,2009,16.1137447357178
PV.PER.RNK,TJ,2008,18.269229888916
PV.PER.RNK,TJ,2007,22.2222213745117
PV.PER.RNK,TJ,2006,11.1111106872559
PV.PER.RNK,TJ,2005,10.6796112060547
PV.PER.RNK,TJ,2004,12.1359224319458
PV.PER.RNK,TJ,2003,18.0904521942139
PV.PER.RNK,TJ,2002,19.5767192840576
PV.PER.RNK,TJ,2001,None
PV.PER.RNK,TJ,2000,7.40740728378296
PV.PER.RNK,TJ,1999,None
PV.PER.RNK,TJ,1998,5.85106372833252
PV.PER.RNK,TJ,1997,None
PV.PER.RNK,TJ,1996,3.19148945808411
PV.PER.RNK,TJ,1995,None
PV.PER.RNK,TL,2019,56.1320762634277
PV.PER.RNK,TL,2018,54.2452812194824
PV.PER.RNK,TL,2017,49.0476188659668
PV.PER.RNK,TL,2016,46.1904754638672
PV.PER.RNK,TL,2015,36.1904754638672
PV.PER.RNK,TL,2014,38.0952377319336
PV.PER.RNK,TL,2013,35.5450248718262
PV.PER.RNK,TL,2012,37.4407577514648
PV.PER.RNK,TL,2011,31.7535552978516
PV.PER.RNK,TL,2010,29.8578205108643
PV.PER.RNK,TL,2009,26.5402851104736
PV.PER.RNK,TL,2008,19.7115383148193
PV.PER.RNK,TL,2007,15.4589376449585
PV.PER.RNK,TL,2006,14.0096616744995
PV.PER.RNK,TL,2005,25.7281551361084
PV.PER.RNK,TL,2004,39.8058242797852
PV.PER.RNK,TL,2003,36.6834182739258
PV.PER.RNK,TL,2002,29.6296291351318
PV.PER.RNK,TL,2001,None
PV.PER.RNK,TL,2000,64.5502624511719
PV.PER.RNK,TL,1999,None
PV.PER.RNK,TL,1998,None
PV.PER.RNK,TL,1997,None
PV.PER.RNK,TL,1996,None
PV.PER.RNK,TL,1995,None
PV.PER.RNK,TN,2019,17.4528293609619
PV.PER.RNK,TN,2018,16.9811325073242
PV.PER.RNK,TN,2017,13.8095235824585
PV.PER.RNK,TN,2016,11.4285717010498
PV.PER.RNK,TN,2015,16.6666660308838
PV.PER.RNK,TN,2014,18.5714282989502
PV.PER.RNK,TN,2013,18.9573459625244
PV.PER.RNK,TN,2012,22.274881362915
PV.PER.RNK,TN,2011,35.5450248718262
PV.PER.RNK,TN,2010,43.6018943786621
PV.PER.RNK,TN,2009,46.9194297790527
PV.PER.RNK,TN,2008,48.0769233703613
PV.PER.RNK,TN,2007,48.3091773986816
PV.PER.RNK,TN,2006,52.6570053100586
PV.PER.RNK,TN,2005,47.0873794555664
PV.PER.RNK,TN,2004,50
PV.PER.RNK,TN,2003,57.2864303588867
PV.PER.RNK,TN,2002,50.2645492553711
PV.PER.RNK,TN,2001,None
PV.PER.RNK,TN,2000,59.7883605957031
PV.PER.RNK,TN,1999,None
PV.PER.RNK,TN,1998,55.319149017334
PV.PER.RNK,TN,1997,None
PV.PER.RNK,TN,1996,55.319149017334
PV.PER.RNK,TN,1995,None
PV.PER.RNK,TZ,2019,30.6603775024414
PV.PER.RNK,TZ,2018,25.4716987609863
PV.PER.RNK,TZ,2017,26.1904754638672
PV.PER.RNK,TZ,2016,28.5714282989502
PV.PER.RNK,TZ,2015,30.9523811340332
PV.PER.RNK,TZ,2014,25.238094329834
PV.PER.RNK,TZ,2013,40.7582931518555
PV.PER.RNK,TZ,2012,47.3933639526367
PV.PER.RNK,TZ,2011,46.445499420166
PV.PER.RNK,TZ,2010,46.445499420166
PV.PER.RNK,TZ,2009,47.8672981262207
PV.PER.RNK,TZ,2008,37.019229888916
PV.PER.RNK,TZ,2007,31.4009666442871
PV.PER.RNK,TZ,2006,33.3333320617676
PV.PER.RNK,TZ,2005,28.1553401947021
PV.PER.RNK,TZ,2004,24.2718448638916
PV.PER.RNK,TZ,2003,22.1105518341064
PV.PER.RNK,TZ,2002,38.624340057373
PV.PER.RNK,TZ,2001,None
PV.PER.RNK,TZ,2000,25.3968257904053
PV.PER.RNK,TZ,1999,None
PV.PER.RNK,TZ,1998,32.4468078613281
PV.PER.RNK,TZ,1997,None
PV.PER.RNK,TZ,1996,24.4680843353271
PV.PER.RNK,TZ,1995,None
PV.PER.RNK,UG,2019,22.1698112487793
PV.PER.RNK,UG,2018,21.2264156341553
PV.PER.RNK,UG,2017,26.6666660308838
PV.PER.RNK,UG,2016,21.4285717010498
PV.PER.RNK,UG,2015,20.9523811340332
PV.PER.RNK,UG,2014,15.2380952835083
PV.PER.RNK,UG,2013,19.9052124023438
PV.PER.RNK,UG,2012,20.3791465759277
PV.PER.RNK,UG,2011,18.0094795227051
PV.PER.RNK,UG,2010,16.1137447357178
PV.PER.RNK,UG,2009,16.5876770019531
PV.PER.RNK,UG,2008,17.7884616851807
PV.PER.RNK,UG,2007,18.3574886322021
PV.PER.RNK,UG,2006,14.4927539825439
PV.PER.RNK,UG,2005,10.1941747665405
PV.PER.RNK,UG,2004,12.62135887146
PV.PER.RNK,UG,2003,6.53266334533691
PV.PER.RNK,UG,2002,12.1693124771118
PV.PER.RNK,UG,2001,None
PV.PER.RNK,UG,2000,12.6984128952026
PV.PER.RNK,UG,1999,None
PV.PER.RNK,UG,1998,15.4255323410034
PV.PER.RNK,UG,1997,None
PV.PER.RNK,UG,1996,8.51063823699951
PV.PER.RNK,UG,1995,None
PV.PER.RNK,UZ,2019,34.9056587219238
PV.PER.RNK,UZ,2018,35.8490562438965
PV.PER.RNK,UZ,2017,37.6190490722656
PV.PER.RNK,UZ,2016,36.1904754638672
PV.PER.RNK,UZ,2015,33.3333320617676
PV.PER.RNK,UZ,2014,36.6666679382324
PV.PER.RNK,UZ,2013,27.014217376709
PV.PER.RNK,UZ,2012,29.8578205108643
PV.PER.RNK,UZ,2011,28.4360198974609
PV.PER.RNK,UZ,2010,23.6966819763184
PV.PER.RNK,UZ,2009,18.4834117889404
PV.PER.RNK,UZ,2008,13.4615383148193
PV.PER.RNK,UZ,2007,10.1449279785156
PV.PER.RNK,UZ,2006,6.7632851600647
PV.PER.RNK,UZ,2005,3.88349509239197
PV.PER.RNK,UZ,2004,8.25242710113525
PV.PER.RNK,UZ,2003,12.0603017807007
PV.PER.RNK,UZ,2002,17.9894180297852
PV.PER.RNK,UZ,2001,None
PV.PER.RNK,UZ,2000,12.1693124771118
PV.PER.RNK,UZ,1999,None
PV.PER.RNK,UZ,1998,23.9361705780029
PV.PER.RNK,UZ,1997,None
PV.PER.RNK,UZ,1996,27.1276588439941
PV.PER.RNK,UZ,1995,None
PV.PER.RNK,VN,2019,49.0566024780273
PV.PER.RNK,VN,2018,48.5849075317383
PV.PER.RNK,VN,2017,54.761905670166
PV.PER.RNK,VN,2016,54.2857131958008
PV.PER.RNK,VN,2015,50
PV.PER.RNK,VN,2014,44.2857131958008
PV.PER.RNK,VN,2013,56.8720397949219
PV.PER.RNK,VN,2012,55.9241714477539
PV.PER.RNK,VN,2011,54.028434753418
PV.PER.RNK,VN,2010,51.6587677001953
PV.PER.RNK,VN,2009,53.0805702209473
PV.PER.RNK,VN,2008,49.519229888916
PV.PER.RNK,VN,2007,52.1739120483398
PV.PER.RNK,VN,2006,57.9710159301758
PV.PER.RNK,VN,2005,62.1359214782715
PV.PER.RNK,VN,2004,50.4854354858398
PV.PER.RNK,VN,2003,48.7437171936035
PV.PER.RNK,VN,2002,58.201057434082
PV.PER.RNK,VN,2001,None
PV.PER.RNK,VN,2000,62.962963104248
PV.PER.RNK,VN,1999,None
PV.PER.RNK,VN,1998,57.9787216186523
PV.PER.RNK,VN,1997,None
PV.PER.RNK,VN,1996,63.2978706359863
PV.PER.RNK,VN,1995,None
PV.PER.RNK,VU,2019,82.0754699707031
PV.PER.RNK,VU,2018,72.1698150634766
PV.PER.RNK,VU,2017,69.523811340332
PV.PER.RNK,VU,2016,62.3809509277344
PV.PER.RNK,VU,2015,60.9523811340332
PV.PER.RNK,VU,2014,67.6190490722656
PV.PER.RNK,VU,2013,91.4691925048828
PV.PER.RNK,VU,2012,91.9431304931641
PV.PER.RNK,VU,2011,89.0995254516602
PV.PER.RNK,VU,2010,92.890998840332
PV.PER.RNK,VU,2009,92.4170608520508
PV.PER.RNK,VU,2008,92.788459777832
PV.PER.RNK,VU,2007,93.7198104858398
PV.PER.RNK,VU,2006,98.5507278442383
PV.PER.RNK,VU,2005,99.0291290283203
PV.PER.RNK,VU,2004,66.5048522949219
PV.PER.RNK,VU,2003,71.8592987060547
PV.PER.RNK,VU,2002,87.8306884765625
PV.PER.RNK,VU,2001,None
PV.PER.RNK,VU,2000,90.476188659668
PV.PER.RNK,VU,1999,None
PV.PER.RNK,VU,1998,88.2978744506836
PV.PER.RNK,VU,1997,None
PV.PER.RNK,VU,1996,82.4468078613281
PV.PER.RNK,VU,1995,None
PV.PER.RNK,WS,2019,91.0377349853516
PV.PER.RNK,WS,2018,90.5660400390625
PV.PER.RNK,WS,2017,90.476188659668
PV.PER.RNK,WS,2016,91.9047622680664
PV.PER.RNK,WS,2015,91.4285736083984
PV.PER.RNK,WS,2014,90
PV.PER.RNK,WS,2013,81.9905242919922
PV.PER.RNK,WS,2012,82.9383850097656
PV.PER.RNK,WS,2011,81.5165863037109
PV.PER.RNK,WS,2010,72.0379180908203
PV.PER.RNK,WS,2009,83.4123229980469
PV.PER.RNK,WS,2008,87.5
PV.PER.RNK,WS,2007,81.6425094604492
PV.PER.RNK,WS,2006,87.4396133422852
PV.PER.RNK,WS,2005,87.3786392211914
PV.PER.RNK,WS,2004,90.7766952514648
PV.PER.RNK,WS,2003,95.4773864746094
PV.PER.RNK,WS,2002,86.2433853149414
PV.PER.RNK,WS,2001,None
PV.PER.RNK,WS,2000,92.0634918212891
PV.PER.RNK,WS,1999,None
PV.PER.RNK,WS,1998,94.1489334106445
PV.PER.RNK,WS,1997,None
PV.PER.RNK,WS,1996,93.0851058959961
PV.PER.RNK,WS,1995,None
PV.PER.RNK,YE,2019,0
PV.PER.RNK,YE,2018,0
PV.PER.RNK,YE,2017,0
PV.PER.RNK,YE,2016,0.476190477609634
PV.PER.RNK,YE,2015,0.476190477609634
PV.PER.RNK,YE,2014,0.952380955219269
PV.PER.RNK,YE,2013,1.89573454856873
PV.PER.RNK,YE,2012,1.42180097103119
PV.PER.RNK,YE,2011,1.89573454856873
PV.PER.RNK,YE,2010,1.89573454856873
PV.PER.RNK,YE,2009,1.89573454856873
PV.PER.RNK,YE,2008,2.88461542129517
PV.PER.RNK,YE,2007,8.69565200805664
PV.PER.RNK,YE,2006,12.0772943496704
PV.PER.RNK,YE,2005,9.22330093383789
PV.PER.RNK,YE,2004,6.31067943572998
PV.PER.RNK,YE,2003,9.54773902893066
PV.PER.RNK,YE,2002,13.7566137313843
PV.PER.RNK,YE,2001,None
PV.PER.RNK,YE,2000,14.2857141494751
PV.PER.RNK,YE,1999,None
PV.PER.RNK,YE,1998,13.297872543335
PV.PER.RNK,YE,1997,None
PV.PER.RNK,YE,1996,9.57446765899658
PV.PER.RNK,YE,1995,None
PV.PER.RNK,ZM,2019,43.3962249755859
PV.PER.RNK,ZM,2018,50.9433975219727
PV.PER.RNK,ZM,2017,52.3809509277344
PV.PER.RNK,ZM,2016,50
PV.PER.RNK,ZM,2015,53.3333320617676
PV.PER.RNK,ZM,2014,52.3809509277344
PV.PER.RNK,ZM,2013,61.6113739013672
PV.PER.RNK,ZM,2012,68.2464447021484
PV.PER.RNK,ZM,2011,63.5071105957031
PV.PER.RNK,ZM,2010,63.0331764221191
PV.PER.RNK,ZM,2009,65.4028472900391
PV.PER.RNK,ZM,2008,60.0961532592773
PV.PER.RNK,ZM,2007,56.5217399597168
PV.PER.RNK,ZM,2006,56.038646697998
PV.PER.RNK,ZM,2005,50
PV.PER.RNK,ZM,2004,52.9126205444336
PV.PER.RNK,ZM,2003,50.7537689208984
PV.PER.RNK,ZM,2002,35.4497337341309
PV.PER.RNK,ZM,2001,None
PV.PER.RNK,ZM,2000,46.560848236084
PV.PER.RNK,ZM,1999,None
PV.PER.RNK,ZM,1998,54.2553176879883
PV.PER.RNK,ZM,1997,None
PV.PER.RNK,ZM,1996,42.0212783813477
PV.PER.RNK,ZM,1995,None
