RL.PER.RNK,AF,2023,None
RL.PER.RNK,AF,2022,5.18867921829224
RL.PER.RNK,AF,2021,1.90476191043854
RL.PER.RNK,AF,2020,2.38095235824585
RL.PER.RNK,AF,2019,4.2857141494751
RL.PER.RNK,AF,2018,4.2857141494751
RL.PER.RNK,AF,2017,5.2380952835083
RL.PER.RNK,AF,2016,5.7142858505249
RL.PER.RNK,AF,2015,4.2857141494751
RL.PER.RNK,AF,2014,4.32692289352417
RL.PER.RNK,AF,2013,1.877934217453
RL.PER.RNK,AF,2012,1.4084507226944
RL.PER.RNK,AF,2011,0.469483554363251
RL.PER.RNK,AF,2010,0.473933637142181
RL.PER.RNK,AF,2009,0.473933637142181
RL.PER.RNK,AF,2008,0.480769217014313
RL.PER.RNK,AF,2007,0.478468894958496
RL.PER.RNK,AF,2006,0.478468894958496
RL.PER.RNK,AF,2005,2.39234447479248
RL.PER.RNK,AF,2004,2.4038462638855
RL.PER.RNK,AF,2003,2.98507452011108
RL.PER.RNK,AF,2002,1.99004971981049
RL.PER.RNK,AF,2001,None
RL.PER.RNK,AF,2000,1.49253726005554
RL.PER.RNK,AF,1999,None
RL.PER.RNK,AF,1998,2
RL.PER.RNK,AF,1997,None
RL.PER.RNK,AF,1996,1.50753772258759
RL.PER.RNK,AF,1995,None
RL.PER.RNK,AO,2023,None
RL.PER.RNK,AO,2022,16.0377349853516
RL.PER.RNK,AO,2021,17.1428565979004
RL.PER.RNK,AO,2020,18.0952377319336
RL.PER.RNK,AO,2019,15.2380952835083
RL.PER.RNK,AO,2018,16.6666660308838
RL.PER.RNK,AO,2017,14.7619047164917
RL.PER.RNK,AO,2016,16.1904754638672
RL.PER.RNK,AO,2015,12.8571424484253
RL.PER.RNK,AO,2014,11.5384616851807
RL.PER.RNK,AO,2013,7.51173686981201
RL.PER.RNK,AO,2012,7.51173686981201
RL.PER.RNK,AO,2011,8.92018795013428
RL.PER.RNK,AO,2010,8.05687236785889
RL.PER.RNK,AO,2009,9.47867298126221
RL.PER.RNK,AO,2008,7.21153831481934
RL.PER.RNK,AO,2007,6.22009563446045
RL.PER.RNK,AO,2006,8.13397121429443
RL.PER.RNK,AO,2005,6.22009563446045
RL.PER.RNK,AO,2004,5.28846168518066
RL.PER.RNK,AO,2003,5.97014904022217
RL.PER.RNK,AO,2002,2.48756217956543
RL.PER.RNK,AO,2001,None
RL.PER.RNK,AO,2000,2.48756217956543
RL.PER.RNK,AO,1999,None
RL.PER.RNK,AO,1998,5.5
RL.PER.RNK,AO,1997,None
RL.PER.RNK,AO,1996,3.51758790016174
RL.PER.RNK,AO,1995,None
RL.PER.RNK,BI,2023,None
RL.PER.RNK,BI,2022,9.90566062927246
RL.PER.RNK,BI,2021,8.09523773193359
RL.PER.RNK,BI,2020,6.66666650772095
RL.PER.RNK,BI,2019,5.7142858505249
RL.PER.RNK,BI,2018,5.7142858505249
RL.PER.RNK,BI,2017,6.66666650772095
RL.PER.RNK,BI,2016,6.66666650772095
RL.PER.RNK,BI,2015,10
RL.PER.RNK,BI,2014,14.9038457870483
RL.PER.RNK,BI,2013,14.0845069885254
RL.PER.RNK,BI,2012,13.1455402374268
RL.PER.RNK,BI,2011,12.2065725326538
RL.PER.RNK,BI,2010,10.4265403747559
RL.PER.RNK,BI,2009,11.3744077682495
RL.PER.RNK,BI,2008,15.384614944458
RL.PER.RNK,BI,2007,12.9186601638794
RL.PER.RNK,BI,2006,18.1818180084229
RL.PER.RNK,BI,2005,13.3971290588379
RL.PER.RNK,BI,2004,5.76923084259033
RL.PER.RNK,BI,2003,5.47263669967651
RL.PER.RNK,BI,2002,6.46766185760498
RL.PER.RNK,BI,2001,None
RL.PER.RNK,BI,2000,2.98507452011108
RL.PER.RNK,BI,1999,None
RL.PER.RNK,BI,1998,8.5
RL.PER.RNK,BI,1997,None
RL.PER.RNK,BI,1996,7.53768825531006
RL.PER.RNK,BI,1995,None
RL.PER.RNK,BJ,2023,None
RL.PER.RNK,BJ,2022,28.7735843658447
RL.PER.RNK,BJ,2021,28.0952377319336
RL.PER.RNK,BJ,2020,23.8095245361328
RL.PER.RNK,BJ,2019,26.1904754638672
RL.PER.RNK,BJ,2018,26.1904754638672
RL.PER.RNK,BJ,2017,29.5238094329834
RL.PER.RNK,BJ,2016,30
RL.PER.RNK,BJ,2015,33.3333320617676
RL.PER.RNK,BJ,2014,36.0576934814453
RL.PER.RNK,BJ,2013,34.7417831420898
RL.PER.RNK,BJ,2012,34.7417831420898
RL.PER.RNK,BJ,2011,30.5164318084717
RL.PER.RNK,BJ,2010,30.3317527770996
RL.PER.RNK,BJ,2009,31.2796211242676
RL.PER.RNK,BJ,2008,36.538459777832
RL.PER.RNK,BJ,2007,36.8421058654785
RL.PER.RNK,BJ,2006,37.3205757141113
RL.PER.RNK,BJ,2005,35.4067001342773
RL.PER.RNK,BJ,2004,39.4230766296387
RL.PER.RNK,BJ,2003,40.7960205078125
RL.PER.RNK,BJ,2002,45.2736320495605
RL.PER.RNK,BJ,2001,None
RL.PER.RNK,BJ,2000,46.2686576843262
RL.PER.RNK,BJ,1999,None
RL.PER.RNK,BJ,1998,54
RL.PER.RNK,BJ,1997,None
RL.PER.RNK,BJ,1996,53.2663307189941
RL.PER.RNK,BJ,1995,None
RL.PER.RNK,BF,2023,None
RL.PER.RNK,BF,2022,28.301887512207
RL.PER.RNK,BF,2021,35.238094329834
RL.PER.RNK,BF,2020,35.7142868041992
RL.PER.RNK,BF,2019,35.238094329834
RL.PER.RNK,BF,2018,34.761905670166
RL.PER.RNK,BF,2017,38.0952377319336
RL.PER.RNK,BF,2016,35.7142868041992
RL.PER.RNK,BF,2015,34.2857131958008
RL.PER.RNK,BF,2014,33.6538467407227
RL.PER.RNK,BF,2013,37.0892028808594
RL.PER.RNK,BF,2012,41.7840385437012
RL.PER.RNK,BF,2011,44.6009407043457
RL.PER.RNK,BF,2010,49.7630348205566
RL.PER.RNK,BF,2009,48.8151664733887
RL.PER.RNK,BF,2008,43.75
RL.PER.RNK,BF,2007,42.5837326049805
RL.PER.RNK,BF,2006,42.1052627563477
RL.PER.RNK,BF,2005,38.2775115966797
RL.PER.RNK,BF,2004,36.538459777832
RL.PER.RNK,BF,2003,30.8457717895508
RL.PER.RNK,BF,2002,25.8706474304199
RL.PER.RNK,BF,2001,None
RL.PER.RNK,BF,2000,29.3532333374023
RL.PER.RNK,BF,1999,None
RL.PER.RNK,BF,1998,20.5
RL.PER.RNK,BF,1997,None
RL.PER.RNK,BF,1996,20.6030158996582
RL.PER.RNK,BF,1995,None
RL.PER.RNK,BD,2023,None
RL.PER.RNK,BD,2022,29.7169818878174
RL.PER.RNK,BD,2021,28.5714282989502
RL.PER.RNK,BD,2020,31.4285717010498
RL.PER.RNK,BD,2019,27.1428565979004
RL.PER.RNK,BD,2018,27.619047164917
RL.PER.RNK,BD,2017,27.619047164917
RL.PER.RNK,BD,2016,27.619047164917
RL.PER.RNK,BD,2015,25.238094329834
RL.PER.RNK,BD,2014,24.0384616851807
RL.PER.RNK,BD,2013,20.6572761535645
RL.PER.RNK,BD,2012,18.7793426513672
RL.PER.RNK,BD,2011,28.1690139770508
RL.PER.RNK,BD,2010,26.0663509368896
RL.PER.RNK,BD,2009,26.0663509368896
RL.PER.RNK,BD,2008,25.480770111084
RL.PER.RNK,BD,2007,23.4449768066406
RL.PER.RNK,BD,2006,20.5741634368896
RL.PER.RNK,BD,2005,17.7033500671387
RL.PER.RNK,BD,2004,14.9038457870483
RL.PER.RNK,BD,2003,14.4278602600098
RL.PER.RNK,BD,2002,17.412935256958
RL.PER.RNK,BD,2001,None
RL.PER.RNK,BD,2000,20.8955230712891
RL.PER.RNK,BD,1999,None
RL.PER.RNK,BD,1998,19
RL.PER.RNK,BD,1997,None
RL.PER.RNK,BD,1996,20.1005020141602
RL.PER.RNK,BD,1995,None
RL.PER.RNK,BO,2023,None
RL.PER.RNK,BO,2022,9.43396186828613
RL.PER.RNK,BO,2021,11.4285717010498
RL.PER.RNK,BO,2020,9.5238094329834
RL.PER.RNK,BO,2019,10
RL.PER.RNK,BO,2018,9.5238094329834
RL.PER.RNK,BO,2017,9.5238094329834
RL.PER.RNK,BO,2016,9.5238094329834
RL.PER.RNK,BO,2015,10.4761905670166
RL.PER.RNK,BO,2014,12.0192308425903
RL.PER.RNK,BO,2013,15.023473739624
RL.PER.RNK,BO,2012,15.962441444397
RL.PER.RNK,BO,2011,16.9014091491699
RL.PER.RNK,BO,2010,14.6919431686401
RL.PER.RNK,BO,2009,13.7440757751465
RL.PER.RNK,BO,2008,17.3076915740967
RL.PER.RNK,BO,2007,22.9665069580078
RL.PER.RNK,BO,2006,23.9234447479248
RL.PER.RNK,BO,2005,28.2296657562256
RL.PER.RNK,BO,2004,33.1730766296387
RL.PER.RNK,BO,2003,39.8009948730469
RL.PER.RNK,BO,2002,40.2985076904297
RL.PER.RNK,BO,2001,None
RL.PER.RNK,BO,2000,39.8009948730469
RL.PER.RNK,BO,1999,None
RL.PER.RNK,BO,1998,44
RL.PER.RNK,BO,1997,None
RL.PER.RNK,BO,1996,42.7135696411133
RL.PER.RNK,BO,1995,None
RL.PER.RNK,BT,2023,None
RL.PER.RNK,BT,2022,71.698112487793
RL.PER.RNK,BT,2021,70
RL.PER.RNK,BT,2020,69.0476226806641
RL.PER.RNK,BT,2019,71.9047622680664
RL.PER.RNK,BT,2018,70
RL.PER.RNK,BT,2017,73.3333358764648
RL.PER.RNK,BT,2016,69.0476226806641
RL.PER.RNK,BT,2015,69.523811340332
RL.PER.RNK,BT,2014,67.3076934814453
RL.PER.RNK,BT,2013,60.5633811950684
RL.PER.RNK,BT,2012,61.0328636169434
RL.PER.RNK,BT,2011,61.5023460388184
RL.PER.RNK,BT,2010,60.6635055541992
RL.PER.RNK,BT,2009,60.1895751953125
RL.PER.RNK,BT,2008,61.538459777832
RL.PER.RNK,BT,2007,61.2440185546875
RL.PER.RNK,BT,2006,58.8516731262207
RL.PER.RNK,BT,2005,59.3301429748535
RL.PER.RNK,BT,2004,58.6538467407227
RL.PER.RNK,BT,2003,56.7164192199707
RL.PER.RNK,BT,2002,56.2189064025879
RL.PER.RNK,BT,2001,None
RL.PER.RNK,BT,2000,55.2238807678223
RL.PER.RNK,BT,1999,None
RL.PER.RNK,BT,1998,53
RL.PER.RNK,BT,1997,None
RL.PER.RNK,BT,1996,49.7487449645996
RL.PER.RNK,BT,1995,None
RL.PER.RNK,CF,2023,None
RL.PER.RNK,CF,2022,3.77358484268188
RL.PER.RNK,CF,2021,4.2857141494751
RL.PER.RNK,CF,2020,4.2857141494751
RL.PER.RNK,CF,2019,3.33333325386047
RL.PER.RNK,CF,2018,3.33333325386047
RL.PER.RNK,CF,2017,2.38095235824585
RL.PER.RNK,CF,2016,1.90476191043854
RL.PER.RNK,CF,2015,1.42857146263123
RL.PER.RNK,CF,2014,1.44230771064758
RL.PER.RNK,CF,2013,0.469483554363251
RL.PER.RNK,CF,2012,3.75586843490601
RL.PER.RNK,CF,2011,7.0422534942627
RL.PER.RNK,CF,2010,7.5829381942749
RL.PER.RNK,CF,2009,7.10900497436523
RL.PER.RNK,CF,2008,5.76923084259033
RL.PER.RNK,CF,2007,2.39234447479248
RL.PER.RNK,CF,2006,3.34928226470947
RL.PER.RNK,CF,2005,6.69856452941895
RL.PER.RNK,CF,2004,4.32692289352417
RL.PER.RNK,CF,2003,6.46766185760498
RL.PER.RNK,CF,2002,19.9004974365234
RL.PER.RNK,CF,2001,None
RL.PER.RNK,CF,2000,6.96517419815063
RL.PER.RNK,CF,1999,None
RL.PER.RNK,CF,1998,13.5
RL.PER.RNK,CF,1997,None
RL.PER.RNK,CF,1996,15.5778894424438
RL.PER.RNK,CF,1995,None
RL.PER.RNK,CI,2023,None
RL.PER.RNK,CI,2022,35.3773574829102
RL.PER.RNK,CI,2021,27.1428565979004
RL.PER.RNK,CI,2020,27.619047164917
RL.PER.RNK,CI,2019,27.619047164917
RL.PER.RNK,CI,2018,30.4761905670166
RL.PER.RNK,CI,2017,29.0476188659668
RL.PER.RNK,CI,2016,28.0952377319336
RL.PER.RNK,CI,2015,29.5238094329834
RL.PER.RNK,CI,2014,33.1730766296387
RL.PER.RNK,CI,2013,19.2488269805908
RL.PER.RNK,CI,2012,12.6760559082031
RL.PER.RNK,CI,2011,8.45070457458496
RL.PER.RNK,CI,2010,9.00473976135254
RL.PER.RNK,CI,2009,9.00473976135254
RL.PER.RNK,CI,2008,5.28846168518066
RL.PER.RNK,CI,2007,4.78468894958496
RL.PER.RNK,CI,2006,4.30622005462646
RL.PER.RNK,CI,2005,4.30622005462646
RL.PER.RNK,CI,2004,6.73076915740967
RL.PER.RNK,CI,2003,7.46268653869629
RL.PER.RNK,CI,2002,7.46268653869629
RL.PER.RNK,CI,2001,None
RL.PER.RNK,CI,2000,10.945273399353
RL.PER.RNK,CI,1999,None
RL.PER.RNK,CI,1998,20
RL.PER.RNK,CI,1997,None
RL.PER.RNK,CI,1996,25.1256275177002
RL.PER.RNK,CI,1995,None
RL.PER.RNK,CM,2023,None
RL.PER.RNK,CM,2022,15.5660381317139
RL.PER.RNK,CM,2021,12.8571424484253
RL.PER.RNK,CM,2020,11.4285717010498
RL.PER.RNK,CM,2019,11.4285717010498
RL.PER.RNK,CM,2018,12.380952835083
RL.PER.RNK,CM,2017,14.2857141494751
RL.PER.RNK,CM,2016,13.3333330154419
RL.PER.RNK,CM,2015,13.8095235824585
RL.PER.RNK,CM,2014,18.269229888916
RL.PER.RNK,CM,2013,14.5539903640747
RL.PER.RNK,CM,2012,15.4929580688477
RL.PER.RNK,CM,2011,13.6150236129761
RL.PER.RNK,CM,2010,13.2701425552368
RL.PER.RNK,CM,2009,12.7962083816528
RL.PER.RNK,CM,2008,12.5
RL.PER.RNK,CM,2007,11.0047845840454
RL.PER.RNK,CM,2006,11.4832534790039
RL.PER.RNK,CM,2005,11.0047845840454
RL.PER.RNK,CM,2004,13.4615383148193
RL.PER.RNK,CM,2003,12.93532371521
RL.PER.RNK,CM,2002,9.45273590087891
RL.PER.RNK,CM,2001,None
RL.PER.RNK,CM,2000,12.4378108978271
RL.PER.RNK,CM,1999,None
RL.PER.RNK,CM,1998,14.5
RL.PER.RNK,CM,1997,None
RL.PER.RNK,CM,1996,7.03517580032349
RL.PER.RNK,CM,1995,None
RL.PER.RNK,CD,2023,None
RL.PER.RNK,CD,2022,4.24528312683105
RL.PER.RNK,CD,2021,3.80952382087708
RL.PER.RNK,CD,2020,2.85714292526245
RL.PER.RNK,CD,2019,1.90476191043854
RL.PER.RNK,CD,2018,2.38095235824585
RL.PER.RNK,CD,2017,3.80952382087708
RL.PER.RNK,CD,2016,4.7619047164917
RL.PER.RNK,CD,2015,2.38095235824585
RL.PER.RNK,CD,2014,2.88461542129517
RL.PER.RNK,CD,2013,2.81690144538879
RL.PER.RNK,CD,2012,0.938967108726501
RL.PER.RNK,CD,2011,1.877934217453
RL.PER.RNK,CD,2010,2.36966824531555
RL.PER.RNK,CD,2009,1.89573454856873
RL.PER.RNK,CD,2008,2.88461542129517
RL.PER.RNK,CD,2007,1.91387557983398
RL.PER.RNK,CD,2006,2.39234447479248
RL.PER.RNK,CD,2005,3.82775115966797
RL.PER.RNK,CD,2004,1.92307686805725
RL.PER.RNK,CD,2003,0.497512429952621
RL.PER.RNK,CD,2002,0.497512429952621
RL.PER.RNK,CD,2001,None
RL.PER.RNK,CD,2000,0.995024859905243
RL.PER.RNK,CD,1999,None
RL.PER.RNK,CD,1998,0.5
RL.PER.RNK,CD,1997,None
RL.PER.RNK,CD,1996,1.00502514839172
RL.PER.RNK,CD,1995,None
RL.PER.RNK,CG,2023,None
RL.PER.RNK,CG,2022,15.0943393707275
RL.PER.RNK,CG,2021,14.2857141494751
RL.PER.RNK,CG,2020,12.380952835083
RL.PER.RNK,CG,2019,12.380952835083
RL.PER.RNK,CG,2018,11.9047622680664
RL.PER.RNK,CG,2017,10.4761905670166
RL.PER.RNK,CG,2016,10.9523811340332
RL.PER.RNK,CG,2015,11.4285717010498
RL.PER.RNK,CG,2014,10.5769233703613
RL.PER.RNK,CG,2013,12.2065725326538
RL.PER.RNK,CG,2012,10.7981224060059
RL.PER.RNK,CG,2011,10.3286380767822
RL.PER.RNK,CG,2010,9.47867298126221
RL.PER.RNK,CG,2009,9.95260620117188
RL.PER.RNK,CG,2008,9.61538505554199
RL.PER.RNK,CG,2007,10.0478467941284
RL.PER.RNK,CG,2006,9.09090900421143
RL.PER.RNK,CG,2005,5.74162673950195
RL.PER.RNK,CG,2004,12.0192308425903
RL.PER.RNK,CG,2003,8.95522403717041
RL.PER.RNK,CG,2002,8.95522403717041
RL.PER.RNK,CG,2001,None
RL.PER.RNK,CG,2000,8.4577112197876
RL.PER.RNK,CG,1999,None
RL.PER.RNK,CG,1998,3
RL.PER.RNK,CG,1997,None
RL.PER.RNK,CG,1996,17.5879402160645
RL.PER.RNK,CG,1995,None
RL.PER.RNK,KM,2023,None
RL.PER.RNK,KM,2022,8.49056625366211
RL.PER.RNK,KM,2021,9.5238094329834
RL.PER.RNK,KM,2020,8.5714282989502
RL.PER.RNK,KM,2019,10.9523811340332
RL.PER.RNK,KM,2018,10
RL.PER.RNK,KM,2017,11.9047622680664
RL.PER.RNK,KM,2016,13.8095235824585
RL.PER.RNK,KM,2015,21.4285717010498
RL.PER.RNK,KM,2014,17.7884616851807
RL.PER.RNK,KM,2013,17.3708915710449
RL.PER.RNK,KM,2012,14.0845069885254
RL.PER.RNK,KM,2011,15.023473739624
RL.PER.RNK,KM,2010,13.7440757751465
RL.PER.RNK,KM,2009,11.8483409881592
RL.PER.RNK,KM,2008,13.4615383148193
RL.PER.RNK,KM,2007,13.8755979537964
RL.PER.RNK,KM,2006,18.6602878570557
RL.PER.RNK,KM,2005,16.2679424285889
RL.PER.RNK,KM,2004,16.8269233703613
RL.PER.RNK,KM,2003,27.3631839752197
RL.PER.RNK,KM,2002,29.3532333374023
RL.PER.RNK,KM,2001,None
RL.PER.RNK,KM,2000,12.93532371521
RL.PER.RNK,KM,1999,None
RL.PER.RNK,KM,1998,23
RL.PER.RNK,KM,1997,None
RL.PER.RNK,KM,1996,21.608039855957
RL.PER.RNK,KM,1995,None
RL.PER.RNK,CV,2023,None
RL.PER.RNK,CV,2022,60.8490562438965
RL.PER.RNK,CV,2021,60.9523811340332
RL.PER.RNK,CV,2020,64.7619018554688
RL.PER.RNK,CV,2019,65.7142868041992
RL.PER.RNK,CV,2018,66.1904754638672
RL.PER.RNK,CV,2017,62.8571434020996
RL.PER.RNK,CV,2016,59.523811340332
RL.PER.RNK,CV,2015,70.476188659668
RL.PER.RNK,CV,2014,75
RL.PER.RNK,CV,2013,66.1971817016602
RL.PER.RNK,CV,2012,65.2582168579102
RL.PER.RNK,CV,2011,65.2582168579102
RL.PER.RNK,CV,2010,64.9289093017578
RL.PER.RNK,CV,2009,64.9289093017578
RL.PER.RNK,CV,2008,67.3076934814453
RL.PER.RNK,CV,2007,69.3779907226563
RL.PER.RNK,CV,2006,68.8995208740234
RL.PER.RNK,CV,2005,59.8086128234863
RL.PER.RNK,CV,2004,60.5769233703613
RL.PER.RNK,CV,2003,60.1990051269531
RL.PER.RNK,CV,2002,58.7064666748047
RL.PER.RNK,CV,2001,None
RL.PER.RNK,CV,2000,69.651741027832
RL.PER.RNK,CV,1999,None
RL.PER.RNK,CV,1998,69.5
RL.PER.RNK,CV,1997,None
RL.PER.RNK,CV,1996,81.9095458984375
RL.PER.RNK,CV,1995,None
RL.PER.RNK,DJ,2023,None
RL.PER.RNK,DJ,2022,14.6226415634155
RL.PER.RNK,DJ,2021,16.1904754638672
RL.PER.RNK,DJ,2020,15.2380952835083
RL.PER.RNK,DJ,2019,18.0952377319336
RL.PER.RNK,DJ,2018,17.1428565979004
RL.PER.RNK,DJ,2017,17.619047164917
RL.PER.RNK,DJ,2016,16.6666660308838
RL.PER.RNK,DJ,2015,16.1904754638672
RL.PER.RNK,DJ,2014,18.75
RL.PER.RNK,DJ,2013,24.8826293945313
RL.PER.RNK,DJ,2012,25.8215961456299
RL.PER.RNK,DJ,2011,23.9436626434326
RL.PER.RNK,DJ,2010,27.014217376709
RL.PER.RNK,DJ,2009,29.8578205108643
RL.PER.RNK,DJ,2008,31.25
RL.PER.RNK,DJ,2007,25.3588523864746
RL.PER.RNK,DJ,2006,21.0526313781738
RL.PER.RNK,DJ,2005,19.6172256469727
RL.PER.RNK,DJ,2004,25
RL.PER.RNK,DJ,2003,22.8855724334717
RL.PER.RNK,DJ,2002,20.3980102539063
RL.PER.RNK,DJ,2001,None
RL.PER.RNK,DJ,2000,24.8756217956543
RL.PER.RNK,DJ,1999,None
RL.PER.RNK,DJ,1998,21
RL.PER.RNK,DJ,1997,None
RL.PER.RNK,DJ,1996,18.5929641723633
RL.PER.RNK,DJ,1995,None
RL.PER.RNK,EG,2023,None
RL.PER.RNK,EG,2022,42.4528312683105
RL.PER.RNK,EG,2021,43.8095245361328
RL.PER.RNK,EG,2020,41.4285697937012
RL.PER.RNK,EG,2019,42.8571434020996
RL.PER.RNK,EG,2018,43.3333320617676
RL.PER.RNK,EG,2017,35.238094329834
RL.PER.RNK,EG,2016,34.2857131958008
RL.PER.RNK,EG,2015,30.9523811340332
RL.PER.RNK,EG,2014,27.884614944458
RL.PER.RNK,EG,2013,27.6995296478271
RL.PER.RNK,EG,2012,37.0892028808594
RL.PER.RNK,EG,2011,38.9671363830566
RL.PER.RNK,EG,2010,50.2369651794434
RL.PER.RNK,EG,2009,52.6066360473633
RL.PER.RNK,EG,2008,51.4423065185547
RL.PER.RNK,EG,2007,47.8468894958496
RL.PER.RNK,EG,2006,46.8899536132813
RL.PER.RNK,EG,2005,54.0669860839844
RL.PER.RNK,EG,2004,52.8846168518066
RL.PER.RNK,EG,2003,51.7412948608398
RL.PER.RNK,EG,2002,53.7313423156738
RL.PER.RNK,EG,2001,None
RL.PER.RNK,EG,2000,49.7512435913086
RL.PER.RNK,EG,1999,None
RL.PER.RNK,EG,1998,47.5
RL.PER.RNK,EG,1997,None
RL.PER.RNK,EG,1996,51.7587928771973
RL.PER.RNK,EG,1995,None
RL.PER.RNK,ER,2023,None
RL.PER.RNK,ER,2022,2.8301887512207
RL.PER.RNK,ER,2021,5.2380952835083
RL.PER.RNK,ER,2020,5.2380952835083
RL.PER.RNK,ER,2019,5.2380952835083
RL.PER.RNK,ER,2018,5.2380952835083
RL.PER.RNK,ER,2017,4.7619047164917
RL.PER.RNK,ER,2016,4.2857141494751
RL.PER.RNK,ER,2015,3.33333325386047
RL.PER.RNK,ER,2014,2.4038462638855
RL.PER.RNK,ER,2013,4.22535228729248
RL.PER.RNK,ER,2012,4.22535228729248
RL.PER.RNK,ER,2011,6.1032862663269
RL.PER.RNK,ER,2010,6.16113758087158
RL.PER.RNK,ER,2009,7.5829381942749
RL.PER.RNK,ER,2008,7.692307472229
RL.PER.RNK,ER,2007,8.61244010925293
RL.PER.RNK,ER,2006,11.0047845840454
RL.PER.RNK,ER,2005,18.1818180084229
RL.PER.RNK,ER,2004,18.269229888916
RL.PER.RNK,ER,2003,25.3731346130371
RL.PER.RNK,ER,2002,29.8507461547852
RL.PER.RNK,ER,2001,None
RL.PER.RNK,ER,2000,27.8606967926025
RL.PER.RNK,ER,1999,None
RL.PER.RNK,ER,1998,32.5
RL.PER.RNK,ER,1997,None
RL.PER.RNK,ER,1996,29.6482410430908
RL.PER.RNK,ER,1995,None
RL.PER.RNK,ET,2023,None
RL.PER.RNK,ET,2022,26.4150943756104
RL.PER.RNK,ET,2021,29.0476188659668
RL.PER.RNK,ET,2020,38.0952377319336
RL.PER.RNK,ET,2019,33.8095245361328
RL.PER.RNK,ET,2018,35.7142868041992
RL.PER.RNK,ET,2017,33.3333320617676
RL.PER.RNK,ET,2016,33.3333320617676
RL.PER.RNK,ET,2015,35.238094329834
RL.PER.RNK,ET,2014,37.5
RL.PER.RNK,ET,2013,32.8638496398926
RL.PER.RNK,ET,2012,30.5164318084717
RL.PER.RNK,ET,2011,27.2300472259521
RL.PER.RNK,ET,2010,25.5924167633057
RL.PER.RNK,ET,2009,22.748815536499
RL.PER.RNK,ET,2008,26.9230766296387
RL.PER.RNK,ET,2007,30.6220092773438
RL.PER.RNK,ET,2006,30.6220092773438
RL.PER.RNK,ET,2005,21.0526313781738
RL.PER.RNK,ET,2004,20.1923084259033
RL.PER.RNK,ET,2003,23.8805961608887
RL.PER.RNK,ET,2002,19.4029846191406
RL.PER.RNK,ET,2001,None
RL.PER.RNK,ET,2000,21.8905467987061
RL.PER.RNK,ET,1999,None
RL.PER.RNK,ET,1998,21.5
RL.PER.RNK,ET,1997,None
RL.PER.RNK,ET,1996,19.0954780578613
RL.PER.RNK,ET,1995,None
RL.PER.RNK,FM,2023,None
RL.PER.RNK,FM,2022,72.1698150634766
RL.PER.RNK,FM,2021,68.0952377319336
RL.PER.RNK,FM,2020,56.1904754638672
RL.PER.RNK,FM,2019,55.238094329834
RL.PER.RNK,FM,2018,54.761905670166
RL.PER.RNK,FM,2017,55.7142868041992
RL.PER.RNK,FM,2016,53.3333320617676
RL.PER.RNK,FM,2015,45.238094329834
RL.PER.RNK,FM,2014,46.6346168518066
RL.PER.RNK,FM,2013,55.8685455322266
RL.PER.RNK,FM,2012,56.3380279541016
RL.PER.RNK,FM,2011,53.521125793457
RL.PER.RNK,FM,2010,59.2417068481445
RL.PER.RNK,FM,2009,61.1374397277832
RL.PER.RNK,FM,2008,64.4230804443359
RL.PER.RNK,FM,2007,86.6028671264648
RL.PER.RNK,FM,2006,88.5167465209961
RL.PER.RNK,FM,2005,86.6028671264648
RL.PER.RNK,FM,2004,83.1730804443359
RL.PER.RNK,FM,2003,78.6069641113281
RL.PER.RNK,FM,2002,77.6119384765625
RL.PER.RNK,FM,2001,None
RL.PER.RNK,FM,2000,79.6019897460938
RL.PER.RNK,FM,1999,None
RL.PER.RNK,FM,1998,80
RL.PER.RNK,FM,1997,None
RL.PER.RNK,FM,1996,76.8844223022461
RL.PER.RNK,FM,1995,None
RL.PER.RNK,GH,2023,None
RL.PER.RNK,GH,2022,51.4150924682617
RL.PER.RNK,GH,2021,50.476188659668
RL.PER.RNK,GH,2020,51.9047622680664
RL.PER.RNK,GH,2019,53.3333320617676
RL.PER.RNK,GH,2018,55.238094329834
RL.PER.RNK,GH,2017,57.6190490722656
RL.PER.RNK,GH,2016,55.238094329834
RL.PER.RNK,GH,2015,59.523811340332
RL.PER.RNK,GH,2014,61.0576934814453
RL.PER.RNK,GH,2013,57.2769966125488
RL.PER.RNK,GH,2012,55.8685455322266
RL.PER.RNK,GH,2011,54.4600944519043
RL.PER.RNK,GH,2010,54.028434753418
RL.PER.RNK,GH,2009,53.554500579834
RL.PER.RNK,GH,2008,53.3653831481934
RL.PER.RNK,GH,2007,55.0239219665527
RL.PER.RNK,GH,2006,55.0239219665527
RL.PER.RNK,GH,2005,48.8038291931152
RL.PER.RNK,GH,2004,48.5576934814453
RL.PER.RNK,GH,2003,52.2388076782227
RL.PER.RNK,GH,2002,54.7263679504395
RL.PER.RNK,GH,2001,None
RL.PER.RNK,GH,2000,52.2388076782227
RL.PER.RNK,GH,1999,None
RL.PER.RNK,GH,1998,37.5
RL.PER.RNK,GH,1997,None
RL.PER.RNK,GH,1996,43.7185935974121
RL.PER.RNK,GH,1995,None
RL.PER.RNK,GN,2023,None
RL.PER.RNK,GN,2022,14.1509437561035
RL.PER.RNK,GN,2021,11.9047622680664
RL.PER.RNK,GN,2020,8.09523773193359
RL.PER.RNK,GN,2019,9.0476188659668
RL.PER.RNK,GN,2018,9.0476188659668
RL.PER.RNK,GN,2017,9.0476188659668
RL.PER.RNK,GN,2016,9.0476188659668
RL.PER.RNK,GN,2015,9.5238094329834
RL.PER.RNK,GN,2014,5.28846168518066
RL.PER.RNK,GN,2013,5.63380289077759
RL.PER.RNK,GN,2012,5.16431903839111
RL.PER.RNK,GN,2011,3.75586843490601
RL.PER.RNK,GN,2010,3.79146909713745
RL.PER.RNK,GN,2009,2.84360194206238
RL.PER.RNK,GN,2008,3.8461537361145
RL.PER.RNK,GN,2007,5.26315784454346
RL.PER.RNK,GN,2006,5.26315784454346
RL.PER.RNK,GN,2005,7.17703342437744
RL.PER.RNK,GN,2004,8.17307662963867
RL.PER.RNK,GN,2003,13.9303483963013
RL.PER.RNK,GN,2002,16.4179096221924
RL.PER.RNK,GN,2001,None
RL.PER.RNK,GN,2000,5.47263669967651
RL.PER.RNK,GN,1999,None
RL.PER.RNK,GN,1998,8
RL.PER.RNK,GN,1997,None
RL.PER.RNK,GN,1996,6.53266334533691
RL.PER.RNK,GN,1995,None
RL.PER.RNK,GM,2023,None
RL.PER.RNK,GM,2022,37.2641525268555
RL.PER.RNK,GM,2021,38.5714302062988
RL.PER.RNK,GM,2020,39.0476188659668
RL.PER.RNK,GM,2019,39.523811340332
RL.PER.RNK,GM,2018,35.238094329834
RL.PER.RNK,GM,2017,34.2857131958008
RL.PER.RNK,GM,2016,22.8571434020996
RL.PER.RNK,GM,2015,27.1428565979004
RL.PER.RNK,GM,2014,28.8461532592773
RL.PER.RNK,GM,2013,33.3333320617676
RL.PER.RNK,GM,2012,32.8638496398926
RL.PER.RNK,GM,2011,33.8028182983398
RL.PER.RNK,GM,2010,34.1232223510742
RL.PER.RNK,GM,2009,36.4928894042969
RL.PER.RNK,GM,2008,39.9038467407227
RL.PER.RNK,GM,2007,45.9330139160156
RL.PER.RNK,GM,2006,44.4976081848145
RL.PER.RNK,GM,2005,39.2344512939453
RL.PER.RNK,GM,2004,42.3076934814453
RL.PER.RNK,GM,2003,57.7114410400391
RL.PER.RNK,GM,2002,47.2636833190918
RL.PER.RNK,GM,2001,None
RL.PER.RNK,GM,2000,47.7611923217773
RL.PER.RNK,GM,1999,None
RL.PER.RNK,GM,1998,51.5
RL.PER.RNK,GM,1997,None
RL.PER.RNK,GM,1996,52.2613067626953
RL.PER.RNK,GM,1995,None
RL.PER.RNK,GW,2023,None
RL.PER.RNK,GW,2022,6.60377359390259
RL.PER.RNK,GW,2021,6.1904764175415
RL.PER.RNK,GW,2020,5.7142858505249
RL.PER.RNK,GW,2019,7.61904764175415
RL.PER.RNK,GW,2018,8.5714282989502
RL.PER.RNK,GW,2017,6.1904764175415
RL.PER.RNK,GW,2016,5.2380952835083
RL.PER.RNK,GW,2015,6.66666650772095
RL.PER.RNK,GW,2014,6.73076915740967
RL.PER.RNK,GW,2013,1.4084507226944
RL.PER.RNK,GW,2012,2.81690144538879
RL.PER.RNK,GW,2011,6.57277011871338
RL.PER.RNK,GW,2010,7.10900497436523
RL.PER.RNK,GW,2009,4.7393364906311
RL.PER.RNK,GW,2008,6.25
RL.PER.RNK,GW,2007,7.17703342437744
RL.PER.RNK,GW,2006,9.56937789916992
RL.PER.RNK,GW,2005,9.09090900421143
RL.PER.RNK,GW,2004,11.057692527771
RL.PER.RNK,GW,2003,10.945273399353
RL.PER.RNK,GW,2002,14.9253730773926
RL.PER.RNK,GW,2001,None
RL.PER.RNK,GW,2000,9.45273590087891
RL.PER.RNK,GW,1999,None
RL.PER.RNK,GW,1998,1
RL.PER.RNK,GW,1997,None
RL.PER.RNK,GW,1996,2.51256275177002
RL.PER.RNK,GW,1995,None
RL.PER.RNK,HN,2023,None
RL.PER.RNK,HN,2022,16.9811325073242
RL.PER.RNK,HN,2021,15.2380952835083
RL.PER.RNK,HN,2020,16.6666660308838
RL.PER.RNK,HN,2019,14.7619047164917
RL.PER.RNK,HN,2018,15.2380952835083
RL.PER.RNK,HN,2017,13.8095235824585
RL.PER.RNK,HN,2016,11.4285717010498
RL.PER.RNK,HN,2015,17.1428565979004
RL.PER.RNK,HN,2014,16.3461532592773
RL.PER.RNK,HN,2013,11.2676057815552
RL.PER.RNK,HN,2012,9.85915470123291
RL.PER.RNK,HN,2011,20.1877937316895
RL.PER.RNK,HN,2010,22.274881362915
RL.PER.RNK,HN,2009,19.9052124023438
RL.PER.RNK,HN,2008,18.75
RL.PER.RNK,HN,2007,20.0956935882568
RL.PER.RNK,HN,2006,17.2248802185059
RL.PER.RNK,HN,2005,27.7511959075928
RL.PER.RNK,HN,2004,21.634614944458
RL.PER.RNK,HN,2003,19.4029846191406
RL.PER.RNK,HN,2002,22.3880596160889
RL.PER.RNK,HN,2001,None
RL.PER.RNK,HN,2000,19.9004974365234
RL.PER.RNK,HN,1999,None
RL.PER.RNK,HN,1998,22.5
RL.PER.RNK,HN,1997,None
RL.PER.RNK,HN,1996,21.1055278778076
RL.PER.RNK,HN,1995,None
RL.PER.RNK,HT,2023,None
RL.PER.RNK,HT,2022,7.54716968536377
RL.PER.RNK,HT,2021,9.0476188659668
RL.PER.RNK,HT,2020,16.1904754638672
RL.PER.RNK,HT,2019,16.6666660308838
RL.PER.RNK,HT,2018,14.7619047164917
RL.PER.RNK,HT,2017,12.380952835083
RL.PER.RNK,HT,2016,15.7142858505249
RL.PER.RNK,HT,2015,9.0476188659668
RL.PER.RNK,HT,2014,8.65384578704834
RL.PER.RNK,HT,2013,7.0422534942627
RL.PER.RNK,HT,2012,7.0422534942627
RL.PER.RNK,HT,2011,5.16431903839111
RL.PER.RNK,HT,2010,5.21327018737793
RL.PER.RNK,HT,2009,5.68720388412476
RL.PER.RNK,HT,2008,8.65384578704834
RL.PER.RNK,HT,2007,6.69856452941895
RL.PER.RNK,HT,2006,5.74162673950195
RL.PER.RNK,HT,2005,1.91387557983398
RL.PER.RNK,HT,2004,1.44230771064758
RL.PER.RNK,HT,2003,0.995024859905243
RL.PER.RNK,HT,2002,1.49253726005554
RL.PER.RNK,HT,2001,None
RL.PER.RNK,HT,2000,3.98009943962097
RL.PER.RNK,HT,1999,None
RL.PER.RNK,HT,1998,6.5
RL.PER.RNK,HT,1997,None
RL.PER.RNK,HT,1996,8.04020118713379
RL.PER.RNK,HT,1995,None
RL.PER.RNK,IN,2023,None
RL.PER.RNK,IN,2022,55.1886787414551
RL.PER.RNK,IN,2021,50
RL.PER.RNK,IN,2020,52.3809509277344
RL.PER.RNK,IN,2019,51.4285697937012
RL.PER.RNK,IN,2018,53.3333320617676
RL.PER.RNK,IN,2017,52.8571434020996
RL.PER.RNK,IN,2016,52.3809509277344
RL.PER.RNK,IN,2015,55.238094329834
RL.PER.RNK,IN,2014,55.769229888916
RL.PER.RNK,IN,2013,53.521125793457
RL.PER.RNK,IN,2012,53.051643371582
RL.PER.RNK,IN,2011,52.582160949707
RL.PER.RNK,IN,2010,53.554500579834
RL.PER.RNK,IN,2009,54.9763031005859
RL.PER.RNK,IN,2008,57.211540222168
RL.PER.RNK,IN,2007,56.4593315124512
RL.PER.RNK,IN,2006,57.4162673950195
RL.PER.RNK,IN,2005,56.9377975463867
RL.PER.RNK,IN,2004,55.769229888916
RL.PER.RNK,IN,2003,56.2189064025879
RL.PER.RNK,IN,2002,53.233829498291
RL.PER.RNK,IN,2001,None
RL.PER.RNK,IN,2000,62.1890563964844
RL.PER.RNK,IN,1999,None
RL.PER.RNK,IN,1998,62
RL.PER.RNK,IN,1997,None
RL.PER.RNK,IN,1996,61.3065338134766
RL.PER.RNK,IN,1995,None
RL.PER.RNK,JO,2023,None
RL.PER.RNK,JO,2022,57.0754699707031
RL.PER.RNK,JO,2021,56.6666679382324
RL.PER.RNK,JO,2020,56.6666679382324
RL.PER.RNK,JO,2019,56.6666679382324
RL.PER.RNK,JO,2018,59.523811340332
RL.PER.RNK,JO,2017,59.523811340332
RL.PER.RNK,JO,2016,59.0476188659668
RL.PER.RNK,JO,2015,66.6666641235352
RL.PER.RNK,JO,2014,68.2692337036133
RL.PER.RNK,JO,2013,63.3802833557129
RL.PER.RNK,JO,2012,62.4413146972656
RL.PER.RNK,JO,2011,61.0328636169434
RL.PER.RNK,JO,2010,59.7156410217285
RL.PER.RNK,JO,2009,59.7156410217285
RL.PER.RNK,JO,2008,60.0961532592773
RL.PER.RNK,JO,2007,60.2870826721191
RL.PER.RNK,JO,2006,60.2870826721191
RL.PER.RNK,JO,2005,58.3732070922852
RL.PER.RNK,JO,2004,59.6153831481934
RL.PER.RNK,JO,2003,61.6915435791016
RL.PER.RNK,JO,2002,55.7213935852051
RL.PER.RNK,JO,2001,None
RL.PER.RNK,JO,2000,62.6865653991699
RL.PER.RNK,JO,1999,None
RL.PER.RNK,JO,1998,61
RL.PER.RNK,JO,1997,None
RL.PER.RNK,JO,1996,60.8040199279785
RL.PER.RNK,JO,1995,None
RL.PER.RNK,KE,2023,None
RL.PER.RNK,KE,2022,40.5660362243652
RL.PER.RNK,KE,2021,37.1428565979004
RL.PER.RNK,KE,2020,30.4761905670166
RL.PER.RNK,KE,2019,35.7142868041992
RL.PER.RNK,KE,2018,36.6666679382324
RL.PER.RNK,KE,2017,37.1428565979004
RL.PER.RNK,KE,2016,35.238094329834
RL.PER.RNK,KE,2015,36.6666679382324
RL.PER.RNK,KE,2014,38.9423065185547
RL.PER.RNK,KE,2013,30.046947479248
RL.PER.RNK,KE,2012,23.9436626434326
RL.PER.RNK,KE,2011,19.2488269805908
RL.PER.RNK,KE,2010,18.0094795227051
RL.PER.RNK,KE,2009,16.5876770019531
RL.PER.RNK,KE,2008,16.3461532592773
RL.PER.RNK,KE,2007,17.2248802185059
RL.PER.RNK,KE,2006,22.4880390167236
RL.PER.RNK,KE,2005,22.0095691680908
RL.PER.RNK,KE,2004,20.6730766296387
RL.PER.RNK,KE,2003,19.9004974365234
RL.PER.RNK,KE,2002,18.4079608917236
RL.PER.RNK,KE,2001,None
RL.PER.RNK,KE,2000,23.3830852508545
RL.PER.RNK,KE,1999,None
RL.PER.RNK,KE,1998,17.5
RL.PER.RNK,KE,1997,None
RL.PER.RNK,KE,1996,18.0904521942139
RL.PER.RNK,KE,1995,None
RL.PER.RNK,KG,2023,None
RL.PER.RNK,KG,2022,12.7358493804932
RL.PER.RNK,KG,2021,13.8095235824585
RL.PER.RNK,KG,2020,17.619047164917
RL.PER.RNK,KG,2019,19.0476188659668
RL.PER.RNK,KG,2018,18.0952377319336
RL.PER.RNK,KG,2017,17.1428565979004
RL.PER.RNK,KG,2016,14.2857141494751
RL.PER.RNK,KG,2015,13.3333330154419
RL.PER.RNK,KG,2014,16.8269233703613
RL.PER.RNK,KG,2013,13.1455402374268
RL.PER.RNK,KG,2012,11.7370891571045
RL.PER.RNK,KG,2011,10.7981224060059
RL.PER.RNK,KG,2010,8.53080558776855
RL.PER.RNK,KG,2009,6.16113758087158
RL.PER.RNK,KG,2008,6.73076915740967
RL.PER.RNK,KG,2007,7.65550231933594
RL.PER.RNK,KG,2006,7.65550231933594
RL.PER.RNK,KG,2005,13.8755979537964
RL.PER.RNK,KG,2004,23.0769233703613
RL.PER.RNK,KG,2003,26.8656711578369
RL.PER.RNK,KG,2002,23.3830852508545
RL.PER.RNK,KG,2001,None
RL.PER.RNK,KG,2000,23.8805961608887
RL.PER.RNK,KG,1999,None
RL.PER.RNK,KG,1998,25
RL.PER.RNK,KG,1997,None
RL.PER.RNK,KG,1996,27.6381912231445
RL.PER.RNK,KG,1995,None
RL.PER.RNK,KH,2023,None
RL.PER.RNK,KH,2022,21.2264156341553
RL.PER.RNK,KH,2021,19.5238094329834
RL.PER.RNK,KH,2020,17.1428565979004
RL.PER.RNK,KH,2019,17.619047164917
RL.PER.RNK,KH,2018,11.4285717010498
RL.PER.RNK,KH,2017,13.3333330154419
RL.PER.RNK,KH,2016,12.380952835083
RL.PER.RNK,KH,2015,14.2857141494751
RL.PER.RNK,KH,2014,15.865385055542
RL.PER.RNK,KH,2013,15.962441444397
RL.PER.RNK,KH,2012,16.4319248199463
RL.PER.RNK,KH,2011,14.5539903640747
RL.PER.RNK,KH,2010,12.3222751617432
RL.PER.RNK,KH,2009,13.2701425552368
RL.PER.RNK,KH,2008,11.057692527771
RL.PER.RNK,KH,2007,11.9617223739624
RL.PER.RNK,KH,2006,10.0478467941284
RL.PER.RNK,KH,2005,10.0478467941284
RL.PER.RNK,KH,2004,10.5769233703613
RL.PER.RNK,KH,2003,13.4328355789185
RL.PER.RNK,KH,2002,12.4378108978271
RL.PER.RNK,KH,2001,None
RL.PER.RNK,KH,2000,16.4179096221924
RL.PER.RNK,KH,1999,None
RL.PER.RNK,KH,1998,13
RL.PER.RNK,KH,1997,None
RL.PER.RNK,KH,1996,13.5678396224976
RL.PER.RNK,KH,1995,None
RL.PER.RNK,KI,2023,None
RL.PER.RNK,KI,2022,69.8113174438477
RL.PER.RNK,KI,2021,79.523811340332
RL.PER.RNK,KI,2020,82.3809509277344
RL.PER.RNK,KI,2019,78.0952377319336
RL.PER.RNK,KI,2018,71.9047622680664
RL.PER.RNK,KI,2017,71.4285736083984
RL.PER.RNK,KI,2016,60.476188659668
RL.PER.RNK,KI,2015,52.8571434020996
RL.PER.RNK,KI,2014,53.3653831481934
RL.PER.RNK,KI,2013,59.6244125366211
RL.PER.RNK,KI,2012,59.6244125366211
RL.PER.RNK,KI,2011,58.6854476928711
RL.PER.RNK,KI,2010,56.3981056213379
RL.PER.RNK,KI,2009,58.7677726745605
RL.PER.RNK,KI,2008,60.5769233703613
RL.PER.RNK,KI,2007,72.2488021850586
RL.PER.RNK,KI,2006,76.5550231933594
RL.PER.RNK,KI,2005,70.8134002685547
RL.PER.RNK,KI,2004,68.75
RL.PER.RNK,KI,2003,78.6069641113281
RL.PER.RNK,KI,2002,77.6119384765625
RL.PER.RNK,KI,2001,None
RL.PER.RNK,KI,2000,79.6019897460938
RL.PER.RNK,KI,1999,None
RL.PER.RNK,KI,1998,80
RL.PER.RNK,KI,1997,None
RL.PER.RNK,KI,1996,76.8844223022461
RL.PER.RNK,KI,1995,None
RL.PER.RNK,LA,2023,None
RL.PER.RNK,LA,2022,23.5849056243896
RL.PER.RNK,LA,2021,26.6666660308838
RL.PER.RNK,LA,2020,20
RL.PER.RNK,LA,2019,17.1428565979004
RL.PER.RNK,LA,2018,19.5238094329834
RL.PER.RNK,LA,2017,18.5714282989502
RL.PER.RNK,LA,2016,20.9523811340332
RL.PER.RNK,LA,2015,22.380952835083
RL.PER.RNK,LA,2014,25.480770111084
RL.PER.RNK,LA,2013,23.9436626434326
RL.PER.RNK,LA,2012,23.0046939849854
RL.PER.RNK,LA,2011,16.4319248199463
RL.PER.RNK,LA,2010,16.5876770019531
RL.PER.RNK,LA,2009,15.1658763885498
RL.PER.RNK,LA,2008,21.1538467407227
RL.PER.RNK,LA,2007,18.6602878570557
RL.PER.RNK,LA,2006,15.7894735336304
RL.PER.RNK,LA,2005,11.4832534790039
RL.PER.RNK,LA,2004,9.13461494445801
RL.PER.RNK,LA,2003,6.96517419815063
RL.PER.RNK,LA,2002,9.95024871826172
RL.PER.RNK,LA,2001,None
RL.PER.RNK,LA,2000,17.9104480743408
RL.PER.RNK,LA,1999,None
RL.PER.RNK,LA,1998,18
RL.PER.RNK,LA,1997,None
RL.PER.RNK,LA,1996,17.0854263305664
RL.PER.RNK,LA,1995,None
RL.PER.RNK,LB,2023,None
RL.PER.RNK,LB,2022,13.6792449951172
RL.PER.RNK,LB,2021,14.7619047164917
RL.PER.RNK,LB,2020,19.0476188659668
RL.PER.RNK,LB,2019,21.9047622680664
RL.PER.RNK,LB,2018,22.8571434020996
RL.PER.RNK,LB,2017,21.9047622680664
RL.PER.RNK,LB,2016,21.9047622680664
RL.PER.RNK,LB,2015,23.3333339691162
RL.PER.RNK,LB,2014,26.9230766296387
RL.PER.RNK,LB,2013,28.1690139770508
RL.PER.RNK,LB,2012,30.046947479248
RL.PER.RNK,LB,2011,31.4553985595703
RL.PER.RNK,LB,2010,31.7535552978516
RL.PER.RNK,LB,2009,32.2274894714355
RL.PER.RNK,LB,2008,33.6538467407227
RL.PER.RNK,LB,2007,31.1004791259766
RL.PER.RNK,LB,2006,33.0143547058105
RL.PER.RNK,LB,2005,45.4545440673828
RL.PER.RNK,LB,2004,45.6730766296387
RL.PER.RNK,LB,2003,43.2835807800293
RL.PER.RNK,LB,2002,43.2835807800293
RL.PER.RNK,LB,2001,None
RL.PER.RNK,LB,2000,46.766170501709
RL.PER.RNK,LB,1999,None
RL.PER.RNK,LB,1998,38.5
RL.PER.RNK,LB,1997,None
RL.PER.RNK,LB,1996,42.2110557556152
RL.PER.RNK,LB,1995,None
RL.PER.RNK,LR,2023,None
RL.PER.RNK,LR,2022,19.3396224975586
RL.PER.RNK,LR,2021,18.0952377319336
RL.PER.RNK,LR,2020,15.7142858505249
RL.PER.RNK,LR,2019,16.1904754638672
RL.PER.RNK,LR,2018,16.1904754638672
RL.PER.RNK,LR,2017,16.1904754638672
RL.PER.RNK,LR,2016,17.619047164917
RL.PER.RNK,LR,2015,19.5238094329834
RL.PER.RNK,LR,2014,23.0769233703613
RL.PER.RNK,LR,2013,19.7183094024658
RL.PER.RNK,LR,2012,20.6572761535645
RL.PER.RNK,LR,2011,18.3098583221436
RL.PER.RNK,LR,2010,17.0616111755371
RL.PER.RNK,LR,2009,16.1137447357178
RL.PER.RNK,LR,2008,12.0192308425903
RL.PER.RNK,LR,2007,20.5741634368896
RL.PER.RNK,LR,2006,22.0095691680908
RL.PER.RNK,LR,2005,8.13397121429443
RL.PER.RNK,LR,2004,3.8461537361145
RL.PER.RNK,LR,2003,3.98009943962097
RL.PER.RNK,LR,2002,2.98507452011108
RL.PER.RNK,LR,2001,None
RL.PER.RNK,LR,2000,0.497512429952621
RL.PER.RNK,LR,1999,None
RL.PER.RNK,LR,1998,1.5
RL.PER.RNK,LR,1997,None
RL.PER.RNK,LR,1996,0.502512574195862
RL.PER.RNK,LR,1995,None
RL.PER.RNK,LK,2023,None
RL.PER.RNK,LK,2022,52.3584899902344
RL.PER.RNK,LK,2021,53.3333320617676
RL.PER.RNK,LK,2020,53.8095245361328
RL.PER.RNK,LK,2019,53.8095245361328
RL.PER.RNK,LK,2018,53.8095245361328
RL.PER.RNK,LK,2017,54.2857131958008
RL.PER.RNK,LK,2016,57.1428565979004
RL.PER.RNK,LK,2015,58.0952377319336
RL.PER.RNK,LK,2014,50.480770111084
RL.PER.RNK,LK,2013,46.478874206543
RL.PER.RNK,LK,2012,52.1126747131348
RL.PER.RNK,LK,2011,52.1126747131348
RL.PER.RNK,LK,2010,51.1848335266113
RL.PER.RNK,LK,2009,51.6587677001953
RL.PER.RNK,LK,2008,54.3269233703613
RL.PER.RNK,LK,2007,56.9377975463867
RL.PER.RNK,LK,2006,56.9377975463867
RL.PER.RNK,LK,2005,57.4162673950195
RL.PER.RNK,LK,2004,58.1730766296387
RL.PER.RNK,LK,2003,59.7014923095703
RL.PER.RNK,LK,2002,61.1940307617188
RL.PER.RNK,LK,2001,None
RL.PER.RNK,LK,2000,56.7164192199707
RL.PER.RNK,LK,1999,None
RL.PER.RNK,LK,1998,54.5
RL.PER.RNK,LK,1997,None
RL.PER.RNK,LK,1996,57.7889442443848
RL.PER.RNK,LK,1995,None
RL.PER.RNK,LS,2023,None
RL.PER.RNK,LS,2022,33.9622650146484
RL.PER.RNK,LS,2021,36.1904754638672
RL.PER.RNK,LS,2020,34.761905670166
RL.PER.RNK,LS,2019,38.0952377319336
RL.PER.RNK,LS,2018,40
RL.PER.RNK,LS,2017,43.3333320617676
RL.PER.RNK,LS,2016,47.6190490722656
RL.PER.RNK,LS,2015,49.0476188659668
RL.PER.RNK,LS,2014,48.5576934814453
RL.PER.RNK,LS,2013,49.2957763671875
RL.PER.RNK,LS,2012,47.417839050293
RL.PER.RNK,LS,2011,47.417839050293
RL.PER.RNK,LS,2010,45.971565246582
RL.PER.RNK,LS,2009,47.8672981262207
RL.PER.RNK,LS,2008,48.0769233703613
RL.PER.RNK,LS,2007,46.8899536132813
RL.PER.RNK,LS,2006,47.3684196472168
RL.PER.RNK,LS,2005,46.4114837646484
RL.PER.RNK,LS,2004,49.038459777832
RL.PER.RNK,LS,2003,54.7263679504395
RL.PER.RNK,LS,2002,56.7164192199707
RL.PER.RNK,LS,2001,None
RL.PER.RNK,LS,2000,53.233829498291
RL.PER.RNK,LS,1999,None
RL.PER.RNK,LS,1998,56.5
RL.PER.RNK,LS,1997,None
RL.PER.RNK,LS,1996,55.7788963317871
RL.PER.RNK,LS,1995,None
RL.PER.RNK,MA,2023,None
RL.PER.RNK,MA,2022,44.8113212585449
RL.PER.RNK,MA,2021,45.7142868041992
RL.PER.RNK,MA,2020,47.1428565979004
RL.PER.RNK,MA,2019,45.7142868041992
RL.PER.RNK,MA,2018,44.761905670166
RL.PER.RNK,MA,2017,44.2857131958008
RL.PER.RNK,MA,2016,44.2857131958008
RL.PER.RNK,MA,2015,50.9523811340332
RL.PER.RNK,MA,2014,52.4038467407227
RL.PER.RNK,MA,2013,44.6009407043457
RL.PER.RNK,MA,2012,46.478874206543
RL.PER.RNK,MA,2011,46.948356628418
RL.PER.RNK,MA,2010,47.8672981262207
RL.PER.RNK,MA,2009,46.9194297790527
RL.PER.RNK,MA,2008,41.8269233703613
RL.PER.RNK,MA,2007,46.4114837646484
RL.PER.RNK,MA,2006,45.4545440673828
RL.PER.RNK,MA,2005,44.9760780334473
RL.PER.RNK,MA,2004,50.961540222168
RL.PER.RNK,MA,2003,49.2537307739258
RL.PER.RNK,MA,2002,51.7412948608398
RL.PER.RNK,MA,2001,None
RL.PER.RNK,MA,2000,53.7313423156738
RL.PER.RNK,MA,1999,None
RL.PER.RNK,MA,1998,55.5
RL.PER.RNK,MA,1997,None
RL.PER.RNK,MA,1996,59.2964820861816
RL.PER.RNK,MA,1995,None
RL.PER.RNK,MG,2023,None
RL.PER.RNK,MG,2022,18.3962268829346
RL.PER.RNK,MG,2021,20.4761905670166
RL.PER.RNK,MG,2020,20.4761905670166
RL.PER.RNK,MG,2019,15.7142858505249
RL.PER.RNK,MG,2018,20.4761905670166
RL.PER.RNK,MG,2017,20
RL.PER.RNK,MG,2016,19.5238094329834
RL.PER.RNK,MG,2015,28.5714282989502
RL.PER.RNK,MG,2014,26.4423084259033
RL.PER.RNK,MG,2013,18.7793426513672
RL.PER.RNK,MG,2012,19.2488269805908
RL.PER.RNK,MG,2011,20.6572761535645
RL.PER.RNK,MG,2010,21.8009471893311
RL.PER.RNK,MG,2009,27.962085723877
RL.PER.RNK,MG,2008,39.4230766296387
RL.PER.RNK,MG,2007,43.0622024536133
RL.PER.RNK,MG,2006,41.1483268737793
RL.PER.RNK,MG,2005,41.6267929077148
RL.PER.RNK,MG,2004,43.75
RL.PER.RNK,MG,2003,44.7761192321777
RL.PER.RNK,MG,2002,46.2686576843262
RL.PER.RNK,MG,2001,None
RL.PER.RNK,MG,2000,44.2786064147949
RL.PER.RNK,MG,1999,None
RL.PER.RNK,MG,1998,40.5
RL.PER.RNK,MG,1997,None
RL.PER.RNK,MG,1996,38.6934661865234
RL.PER.RNK,MG,1995,None
RL.PER.RNK,ML,2023,None
RL.PER.RNK,ML,2022,17.9245281219482
RL.PER.RNK,ML,2021,19.0476188659668
RL.PER.RNK,ML,2020,18.5714282989502
RL.PER.RNK,ML,2019,20
RL.PER.RNK,ML,2018,21.4285717010498
RL.PER.RNK,ML,2017,22.8571434020996
RL.PER.RNK,ML,2016,23.3333339691162
RL.PER.RNK,ML,2015,26.1904754638672
RL.PER.RNK,ML,2014,31.25
RL.PER.RNK,ML,2013,27.2300472259521
RL.PER.RNK,ML,2012,31.4553985595703
RL.PER.RNK,ML,2011,38.4976539611816
RL.PER.RNK,ML,2010,40.2843589782715
RL.PER.RNK,ML,2009,44.0758285522461
RL.PER.RNK,ML,2008,45.6730766296387
RL.PER.RNK,ML,2007,49.2822952270508
RL.PER.RNK,ML,2006,46.4114837646484
RL.PER.RNK,ML,2005,47.3684196472168
RL.PER.RNK,ML,2004,46.1538467407227
RL.PER.RNK,ML,2003,53.233829498291
RL.PER.RNK,ML,2002,44.7761192321777
RL.PER.RNK,ML,2001,None
RL.PER.RNK,ML,2000,42.7860679626465
RL.PER.RNK,ML,1999,None
RL.PER.RNK,ML,1998,43.5
RL.PER.RNK,ML,1997,None
RL.PER.RNK,ML,1996,41.7085418701172
RL.PER.RNK,ML,1995,None
RL.PER.RNK,MM,2023,None
RL.PER.RNK,MM,2022,5.66037750244141
RL.PER.RNK,MM,2021,5.7142858505249
RL.PER.RNK,MM,2020,10.9523811340332
RL.PER.RNK,MM,2019,13.8095235824585
RL.PER.RNK,MM,2018,15.7142858505249
RL.PER.RNK,MM,2017,16.6666660308838
RL.PER.RNK,MM,2016,18.5714282989502
RL.PER.RNK,MM,2015,7.61904764175415
RL.PER.RNK,MM,2014,8.17307662963867
RL.PER.RNK,MM,2013,9.38967132568359
RL.PER.RNK,MM,2012,6.1032862663269
RL.PER.RNK,MM,2011,4.22535228729248
RL.PER.RNK,MM,2010,2.84360194206238
RL.PER.RNK,MM,2009,3.3175356388092
RL.PER.RNK,MM,2008,3.36538457870483
RL.PER.RNK,MM,2007,3.82775115966797
RL.PER.RNK,MM,2006,3.82775115966797
RL.PER.RNK,MM,2005,0.956937789916992
RL.PER.RNK,MM,2004,0.961538434028625
RL.PER.RNK,MM,2003,1.49253726005554
RL.PER.RNK,MM,2002,0.995024859905243
RL.PER.RNK,MM,2001,None
RL.PER.RNK,MM,2000,4.47761201858521
RL.PER.RNK,MM,1999,None
RL.PER.RNK,MM,1998,4.5
RL.PER.RNK,MM,1997,None
RL.PER.RNK,MM,1996,4.02010059356689
RL.PER.RNK,MM,1995,None
RL.PER.RNK,MZ,2023,None
RL.PER.RNK,MZ,2022,16.5094337463379
RL.PER.RNK,MZ,2021,15.7142858505249
RL.PER.RNK,MZ,2020,14.7619047164917
RL.PER.RNK,MZ,2019,14.2857141494751
RL.PER.RNK,MZ,2018,14.2857141494751
RL.PER.RNK,MZ,2017,15.2380952835083
RL.PER.RNK,MZ,2016,12.8571424484253
RL.PER.RNK,MZ,2015,20.9523811340332
RL.PER.RNK,MZ,2014,22.115385055542
RL.PER.RNK,MZ,2013,23.474178314209
RL.PER.RNK,MZ,2012,33.3333320617676
RL.PER.RNK,MZ,2011,32.8638496398926
RL.PER.RNK,MZ,2010,36.9668235778809
RL.PER.RNK,MZ,2009,33.1753540039063
RL.PER.RNK,MZ,2008,33.1730766296387
RL.PER.RNK,MZ,2007,33.4928245544434
RL.PER.RNK,MZ,2006,31.5789470672607
RL.PER.RNK,MZ,2005,32.5358848571777
RL.PER.RNK,MZ,2004,31.25
RL.PER.RNK,MZ,2003,28.8557205200195
RL.PER.RNK,MZ,2002,30.348258972168
RL.PER.RNK,MZ,2001,None
RL.PER.RNK,MZ,2000,27.3631839752197
RL.PER.RNK,MZ,1999,None
RL.PER.RNK,MZ,1998,24.5
RL.PER.RNK,MZ,1997,None
RL.PER.RNK,MZ,1996,23.6180896759033
RL.PER.RNK,MZ,1995,None
RL.PER.RNK,MR,2023,None
RL.PER.RNK,MR,2022,25.4716987609863
RL.PER.RNK,MR,2021,25.238094329834
RL.PER.RNK,MR,2020,30
RL.PER.RNK,MR,2019,28.5714282989502
RL.PER.RNK,MR,2018,25.7142848968506
RL.PER.RNK,MR,2017,30.4761905670166
RL.PER.RNK,MR,2016,25.238094329834
RL.PER.RNK,MR,2015,18.0952377319336
RL.PER.RNK,MR,2014,19.230770111084
RL.PER.RNK,MR,2013,15.4929580688477
RL.PER.RNK,MR,2012,17.8403759002686
RL.PER.RNK,MR,2011,18.7793426513672
RL.PER.RNK,MR,2010,20.8530807495117
RL.PER.RNK,MR,2009,23.6966819763184
RL.PER.RNK,MR,2008,10.5769233703613
RL.PER.RNK,MR,2007,28.2296657562256
RL.PER.RNK,MR,2006,25.3588523864746
RL.PER.RNK,MR,2005,29.1866035461426
RL.PER.RNK,MR,2004,26.9230766296387
RL.PER.RNK,MR,2003,31.8407955169678
RL.PER.RNK,MR,2002,38.3084564208984
RL.PER.RNK,MR,2001,None
RL.PER.RNK,MR,2000,38.8059692382813
RL.PER.RNK,MR,1999,None
RL.PER.RNK,MR,1998,37
RL.PER.RNK,MR,1997,None
RL.PER.RNK,MR,1996,35.6783905029297
RL.PER.RNK,MR,1995,None
RL.PER.RNK,MW,2023,None
RL.PER.RNK,MW,2022,44.3396224975586
RL.PER.RNK,MW,2021,45.238094329834
RL.PER.RNK,MW,2020,44.2857131958008
RL.PER.RNK,MW,2019,41.9047622680664
RL.PER.RNK,MW,2018,37.6190490722656
RL.PER.RNK,MW,2017,39.0476188659668
RL.PER.RNK,MW,2016,37.6190490722656
RL.PER.RNK,MW,2015,43.8095245361328
RL.PER.RNK,MW,2014,45.1923065185547
RL.PER.RNK,MW,2013,50.2347412109375
RL.PER.RNK,MW,2012,48.8262901306152
RL.PER.RNK,MW,2011,50.7042236328125
RL.PER.RNK,MW,2010,50.7108993530273
RL.PER.RNK,MW,2009,50.7108993530273
RL.PER.RNK,MW,2008,52.4038467407227
RL.PER.RNK,MW,2007,50.2392349243164
RL.PER.RNK,MW,2006,48.8038291931152
RL.PER.RNK,MW,2005,49.2822952270508
RL.PER.RNK,MW,2004,48.0769233703613
RL.PER.RNK,MW,2003,46.766170501709
RL.PER.RNK,MW,2002,39.3034820556641
RL.PER.RNK,MW,2001,None
RL.PER.RNK,MW,2000,34.3283576965332
RL.PER.RNK,MW,1999,None
RL.PER.RNK,MW,1998,38
RL.PER.RNK,MW,1997,None
RL.PER.RNK,MW,1996,39.1959800720215
RL.PER.RNK,MW,1995,None
RL.PER.RNK,NE,2023,None
RL.PER.RNK,NE,2022,34.4339637756348
RL.PER.RNK,NE,2021,36.6666679382324
RL.PER.RNK,NE,2020,30.9523811340332
RL.PER.RNK,NE,2019,30.9523811340332
RL.PER.RNK,NE,2018,29.5238094329834
RL.PER.RNK,NE,2017,26.1904754638672
RL.PER.RNK,NE,2016,27.1428565979004
RL.PER.RNK,NE,2015,31.9047622680664
RL.PER.RNK,NE,2014,30.2884616851807
RL.PER.RNK,NE,2013,31.9248828887939
RL.PER.RNK,NE,2012,31.9248828887939
RL.PER.RNK,NE,2011,42.7230033874512
RL.PER.RNK,NE,2010,36.0189590454102
RL.PER.RNK,NE,2009,38.3886260986328
RL.PER.RNK,NE,2008,29.8076915740967
RL.PER.RNK,NE,2007,33.0143547058105
RL.PER.RNK,NE,2006,32.5358848571777
RL.PER.RNK,NE,2005,29.6650714874268
RL.PER.RNK,NE,2004,32.211540222168
RL.PER.RNK,NE,2003,37.3134346008301
RL.PER.RNK,NE,2002,33.3333320617676
RL.PER.RNK,NE,2001,None
RL.PER.RNK,NE,2000,28.3582096099854
RL.PER.RNK,NE,1999,None
RL.PER.RNK,NE,1998,30
RL.PER.RNK,NE,1997,None
RL.PER.RNK,NE,1996,30.1507530212402
RL.PER.RNK,NE,1995,None
RL.PER.RNK,NG,2023,None
RL.PER.RNK,NG,2022,19.8113212585449
RL.PER.RNK,NG,2021,20.9523811340332
RL.PER.RNK,NG,2020,20.9523811340332
RL.PER.RNK,NG,2019,18.5714282989502
RL.PER.RNK,NG,2018,18.5714282989502
RL.PER.RNK,NG,2017,19.0476188659668
RL.PER.RNK,NG,2016,14.7619047164917
RL.PER.RNK,NG,2015,14.7619047164917
RL.PER.RNK,NG,2014,12.5
RL.PER.RNK,NG,2013,12.6760559082031
RL.PER.RNK,NG,2012,11.2676057815552
RL.PER.RNK,NG,2011,11.7370891571045
RL.PER.RNK,NG,2010,11.3744077682495
RL.PER.RNK,NG,2009,12.3222751617432
RL.PER.RNK,NG,2008,14.9038457870483
RL.PER.RNK,NG,2007,13.3971290588379
RL.PER.RNK,NG,2006,14.3540668487549
RL.PER.RNK,NG,2005,7.65550231933594
RL.PER.RNK,NG,2004,6.25
RL.PER.RNK,NG,2003,4.97512435913086
RL.PER.RNK,NG,2002,4.47761201858521
RL.PER.RNK,NG,2001,None
RL.PER.RNK,NG,2000,13.4328355789185
RL.PER.RNK,NG,1999,None
RL.PER.RNK,NG,1998,12.5
RL.PER.RNK,NG,1997,None
RL.PER.RNK,NG,1996,9.54773902893066
RL.PER.RNK,NG,1995,None
RL.PER.RNK,NI,2023,None
RL.PER.RNK,NI,2022,8.96226406097412
RL.PER.RNK,NI,2021,7.14285707473755
RL.PER.RNK,NI,2020,10
RL.PER.RNK,NI,2019,9.5238094329834
RL.PER.RNK,NI,2018,13.3333330154419
RL.PER.RNK,NI,2017,28.5714282989502
RL.PER.RNK,NI,2016,28.5714282989502
RL.PER.RNK,NI,2015,25.7142848968506
RL.PER.RNK,NI,2014,27.4038467407227
RL.PER.RNK,NI,2013,31.4553985595703
RL.PER.RNK,NI,2012,28.1690139770508
RL.PER.RNK,NI,2011,28.6384983062744
RL.PER.RNK,NI,2010,24.1706161499023
RL.PER.RNK,NI,2009,25.1184825897217
RL.PER.RNK,NI,2008,24.0384616851807
RL.PER.RNK,NI,2007,24.4019145965576
RL.PER.RNK,NI,2006,27.2727279663086
RL.PER.RNK,NI,2005,33.4928245544434
RL.PER.RNK,NI,2004,24.0384616851807
RL.PER.RNK,NI,2003,34.825870513916
RL.PER.RNK,NI,2002,32.3383102416992
RL.PER.RNK,NI,2001,None
RL.PER.RNK,NI,2000,26.3681583404541
RL.PER.RNK,NI,1999,None
RL.PER.RNK,NI,1998,33
RL.PER.RNK,NI,1997,None
RL.PER.RNK,NI,1996,35.1758804321289
RL.PER.RNK,NI,1995,None
RL.PER.RNK,NP,2023,None
RL.PER.RNK,NP,2022,37.7358474731445
RL.PER.RNK,NP,2021,33.8095245361328
RL.PER.RNK,NP,2020,32.3809509277344
RL.PER.RNK,NP,2019,31.4285717010498
RL.PER.RNK,NP,2018,33.8095245361328
RL.PER.RNK,NP,2017,27.1428565979004
RL.PER.RNK,NP,2016,21.4285717010498
RL.PER.RNK,NP,2015,29.0476188659668
RL.PER.RNK,NP,2014,30.769229888916
RL.PER.RNK,NP,2013,29.1079807281494
RL.PER.RNK,NP,2012,27.6995296478271
RL.PER.RNK,NP,2011,21.5962448120117
RL.PER.RNK,NP,2010,17.5355453491211
RL.PER.RNK,NP,2009,20.8530807495117
RL.PER.RNK,NP,2008,30.769229888916
RL.PER.RNK,NP,2007,34.9282302856445
RL.PER.RNK,NP,2006,31.1004791259766
RL.PER.RNK,NP,2005,23.9234447479248
RL.PER.RNK,NP,2004,27.4038467407227
RL.PER.RNK,NP,2003,32.8358192443848
RL.PER.RNK,NP,2002,37.3134346008301
RL.PER.RNK,NP,2001,None
RL.PER.RNK,NP,2000,43.7810935974121
RL.PER.RNK,NP,1999,None
RL.PER.RNK,NP,1998,52
RL.PER.RNK,NP,1997,None
RL.PER.RNK,NP,1996,51.2562828063965
RL.PER.RNK,NP,1995,None
RL.PER.RNK,PK,2023,None
RL.PER.RNK,PK,2022,25
RL.PER.RNK,PK,2021,27.619047164917
RL.PER.RNK,PK,2020,24.761905670166
RL.PER.RNK,PK,2019,25.7142848968506
RL.PER.RNK,PK,2018,26.6666660308838
RL.PER.RNK,PK,2017,23.8095245361328
RL.PER.RNK,PK,2016,20.4761905670166
RL.PER.RNK,PK,2015,24.2857151031494
RL.PER.RNK,PK,2014,25.9615383148193
RL.PER.RNK,PK,2013,22.0657272338867
RL.PER.RNK,PK,2012,21.1267604827881
RL.PER.RNK,PK,2011,19.7183094024658
RL.PER.RNK,PK,2010,28.4360198974609
RL.PER.RNK,PK,2009,22.274881362915
RL.PER.RNK,PK,2008,18.269229888916
RL.PER.RNK,PK,2007,21.0526313781738
RL.PER.RNK,PK,2006,23.4449768066406
RL.PER.RNK,PK,2005,21.5311012268066
RL.PER.RNK,PK,2004,17.3076915740967
RL.PER.RNK,PK,2003,20.3980102539063
RL.PER.RNK,PK,2002,20.8955230712891
RL.PER.RNK,PK,2001,None
RL.PER.RNK,PK,2000,19.4029846191406
RL.PER.RNK,PK,1999,None
RL.PER.RNK,PK,1998,25.5
RL.PER.RNK,PK,1997,None
RL.PER.RNK,PK,1996,31.6582908630371
RL.PER.RNK,PK,1995,None
RL.PER.RNK,PH,2023,None
RL.PER.RNK,PH,2022,33.4905662536621
RL.PER.RNK,PH,2021,26.1904754638672
RL.PER.RNK,PH,2020,28.0952377319336
RL.PER.RNK,PH,2019,29.5238094329834
RL.PER.RNK,PH,2018,31.9047622680664
RL.PER.RNK,PH,2017,32.3809509277344
RL.PER.RNK,PH,2016,36.1904754638672
RL.PER.RNK,PH,2015,40
RL.PER.RNK,PH,2014,42.3076934814453
RL.PER.RNK,PH,2013,41.3145523071289
RL.PER.RNK,PH,2012,39.4366188049316
RL.PER.RNK,PH,2011,38.0281677246094
RL.PER.RNK,PH,2010,35.0710906982422
RL.PER.RNK,PH,2009,34.5971565246582
RL.PER.RNK,PH,2008,35.5769233703613
RL.PER.RNK,PH,2007,39.7129173278809
RL.PER.RNK,PH,2006,42.5837326049805
RL.PER.RNK,PH,2005,43.0622024536133
RL.PER.RNK,PH,2004,32.6923065185547
RL.PER.RNK,PH,2003,35.8208961486816
RL.PER.RNK,PH,2002,39.8009948730469
RL.PER.RNK,PH,2001,None
RL.PER.RNK,PH,2000,39.3034820556641
RL.PER.RNK,PH,1999,None
RL.PER.RNK,PH,1998,52.5
RL.PER.RNK,PH,1997,None
RL.PER.RNK,PH,1996,53.7688446044922
RL.PER.RNK,PH,1995,None
RL.PER.RNK,PG,2023,None
RL.PER.RNK,PG,2022,27.3584899902344
RL.PER.RNK,PG,2021,23.8095245361328
RL.PER.RNK,PG,2020,25.7142848968506
RL.PER.RNK,PG,2019,22.8571434020996
RL.PER.RNK,PG,2018,23.3333339691162
RL.PER.RNK,PG,2017,21.4285717010498
RL.PER.RNK,PG,2016,23.8095245361328
RL.PER.RNK,PG,2015,20.4761905670166
RL.PER.RNK,PG,2014,24.519229888916
RL.PER.RNK,PG,2013,17.8403759002686
RL.PER.RNK,PG,2012,23.474178314209
RL.PER.RNK,PG,2011,24.4131450653076
RL.PER.RNK,PG,2010,19.9052124023438
RL.PER.RNK,PG,2009,18.9573459625244
RL.PER.RNK,PG,2008,20.1923084259033
RL.PER.RNK,PG,2007,22.0095691680908
RL.PER.RNK,PG,2006,24.4019145965576
RL.PER.RNK,PG,2005,16.7464122772217
RL.PER.RNK,PG,2004,26.4423084259033
RL.PER.RNK,PG,2003,18.9054718017578
RL.PER.RNK,PG,2002,28.8557205200195
RL.PER.RNK,PG,2001,None
RL.PER.RNK,PG,2000,28.8557205200195
RL.PER.RNK,PG,1999,None
RL.PER.RNK,PG,1998,35.5
RL.PER.RNK,PG,1997,None
RL.PER.RNK,PG,1996,32.1608047485352
RL.PER.RNK,PG,1995,None
RL.PER.RNK,KP,2023,None
RL.PER.RNK,KP,2022,4.71698093414307
RL.PER.RNK,KP,2021,4.7619047164917
RL.PER.RNK,KP,2020,4.7619047164917
RL.PER.RNK,KP,2019,4.7619047164917
RL.PER.RNK,KP,2018,4.7619047164917
RL.PER.RNK,KP,2017,3.33333325386047
RL.PER.RNK,KP,2016,3.33333325386047
RL.PER.RNK,KP,2015,1.90476191043854
RL.PER.RNK,KP,2014,1.92307686805725
RL.PER.RNK,KP,2013,6.1032862663269
RL.PER.RNK,KP,2012,6.57277011871338
RL.PER.RNK,KP,2011,5.63380289077759
RL.PER.RNK,KP,2010,5.68720388412476
RL.PER.RNK,KP,2009,5.21327018737793
RL.PER.RNK,KP,2008,9.13461494445801
RL.PER.RNK,KP,2007,9.09090900421143
RL.PER.RNK,KP,2006,6.69856452941895
RL.PER.RNK,KP,2005,12.9186601638794
RL.PER.RNK,KP,2004,8.65384578704834
RL.PER.RNK,KP,2003,12.4378108978271
RL.PER.RNK,KP,2002,8.4577112197876
RL.PER.RNK,KP,2001,None
RL.PER.RNK,KP,2000,17.412935256958
RL.PER.RNK,KP,1999,None
RL.PER.RNK,KP,1998,14
RL.PER.RNK,KP,1997,None
RL.PER.RNK,KP,1996,15.0753765106201
RL.PER.RNK,KP,1995,None
RL.PER.RNK,PS,2023,None
RL.PER.RNK,PS,2022,31.1320762634277
RL.PER.RNK,PS,2021,32.8571434020996
RL.PER.RNK,PS,2020,35.238094329834
RL.PER.RNK,PS,2019,33.3333320617676
RL.PER.RNK,PS,2018,32.8571434020996
RL.PER.RNK,PS,2017,36.1904754638672
RL.PER.RNK,PS,2016,39.0476188659668
RL.PER.RNK,PS,2015,35.7142868041992
RL.PER.RNK,PS,2014,41.8269233703613
RL.PER.RNK,PS,2013,42.2535209655762
RL.PER.RNK,PS,2012,40.8450698852539
RL.PER.RNK,PS,2011,42.2535209655762
RL.PER.RNK,PS,2010,48.3412322998047
RL.PER.RNK,PS,2009,45.497631072998
RL.PER.RNK,PS,2008,25
RL.PER.RNK,PS,2007,31.5789470672607
RL.PER.RNK,PS,2006,44.0191383361816
RL.PER.RNK,PS,2005,42.5837326049805
RL.PER.RNK,PS,2004,44.230770111084
RL.PER.RNK,PS,2003,49.7512435913086
RL.PER.RNK,PS,2002,41.7910461425781
RL.PER.RNK,PS,2001,None
RL.PER.RNK,PS,2000,48.756217956543
RL.PER.RNK,PS,1999,None
RL.PER.RNK,PS,1998,50
RL.PER.RNK,PS,1997,None
RL.PER.RNK,PS,1996,48.7437171936035
RL.PER.RNK,PS,1995,None
RL.PER.RNK,RW,2023,None
RL.PER.RNK,RW,2022,56.1320762634277
RL.PER.RNK,RW,2021,56.1904754638672
RL.PER.RNK,RW,2020,54.761905670166
RL.PER.RNK,RW,2019,54.761905670166
RL.PER.RNK,RW,2018,56.6666679382324
RL.PER.RNK,RW,2017,58.0952377319336
RL.PER.RNK,RW,2016,56.6666679382324
RL.PER.RNK,RW,2015,58.5714302062988
RL.PER.RNK,RW,2014,61.538459777832
RL.PER.RNK,RW,2013,51.1737098693848
RL.PER.RNK,RW,2012,48.3568077087402
RL.PER.RNK,RW,2011,46.478874206543
RL.PER.RNK,RW,2010,44.5497627258301
RL.PER.RNK,RW,2009,36.9668235778809
RL.PER.RNK,RW,2008,38.461540222168
RL.PER.RNK,RW,2007,35.4067001342773
RL.PER.RNK,RW,2006,30.1435413360596
RL.PER.RNK,RW,2005,23.4449768066406
RL.PER.RNK,RW,2004,21.1538467407227
RL.PER.RNK,RW,2003,17.412935256958
RL.PER.RNK,RW,2002,16.9154224395752
RL.PER.RNK,RW,2001,None
RL.PER.RNK,RW,2000,7.46268653869629
RL.PER.RNK,RW,1999,None
RL.PER.RNK,RW,1998,6
RL.PER.RNK,RW,1997,None
RL.PER.RNK,RW,1996,5.52763795852661
RL.PER.RNK,RW,1995,None
RL.PER.RNK,SD,2023,None
RL.PER.RNK,SD,2022,10.3773584365845
RL.PER.RNK,SD,2021,10
RL.PER.RNK,SD,2020,13.8095235824585
RL.PER.RNK,SD,2019,10.4761905670166
RL.PER.RNK,SD,2018,10.4761905670166
RL.PER.RNK,SD,2017,11.4285717010498
RL.PER.RNK,SD,2016,8.5714282989502
RL.PER.RNK,SD,2015,8.09523773193359
RL.PER.RNK,SD,2014,9.13461494445801
RL.PER.RNK,SD,2013,7.98122072219849
RL.PER.RNK,SD,2012,8.92018795013428
RL.PER.RNK,SD,2011,7.51173686981201
RL.PER.RNK,SD,2010,6.63507127761841
RL.PER.RNK,SD,2009,8.53080558776855
RL.PER.RNK,SD,2008,4.807692527771
RL.PER.RNK,SD,2007,5.74162673950195
RL.PER.RNK,SD,2006,7.17703342437744
RL.PER.RNK,SD,2005,2.87081336975098
RL.PER.RNK,SD,2004,4.807692527771
RL.PER.RNK,SD,2003,3.48258709907532
RL.PER.RNK,SD,2002,7.96019887924194
RL.PER.RNK,SD,2001,None
RL.PER.RNK,SD,2000,1.99004971981049
RL.PER.RNK,SD,1999,None
RL.PER.RNK,SD,1998,2.5
RL.PER.RNK,SD,1997,None
RL.PER.RNK,SD,1996,2.01005029678345
RL.PER.RNK,SD,1995,None
RL.PER.RNK,SN,2023,None
RL.PER.RNK,SN,2022,42.9245300292969
RL.PER.RNK,SN,2021,39.0476188659668
RL.PER.RNK,SN,2020,41.9047622680664
RL.PER.RNK,SN,2019,47.1428565979004
RL.PER.RNK,SN,2018,45.7142868041992
RL.PER.RNK,SN,2017,48.5714302062988
RL.PER.RNK,SN,2016,51.4285697937012
RL.PER.RNK,SN,2015,51.9047622680664
RL.PER.RNK,SN,2014,55.288459777832
RL.PER.RNK,SN,2013,47.8873252868652
RL.PER.RNK,SN,2012,46.948356628418
RL.PER.RNK,SN,2011,40.3755874633789
RL.PER.RNK,SN,2010,41.7061614990234
RL.PER.RNK,SN,2009,43.6018943786621
RL.PER.RNK,SN,2008,47.1153831481934
RL.PER.RNK,SN,2007,48.3253593444824
RL.PER.RNK,SN,2006,49.2822952270508
RL.PER.RNK,SN,2005,54.5454559326172
RL.PER.RNK,SN,2004,53.8461532592773
RL.PER.RNK,SN,2003,50.7462692260742
RL.PER.RNK,SN,2002,57.2139320373535
RL.PER.RNK,SN,2001,None
RL.PER.RNK,SN,2000,52.7363166809082
RL.PER.RNK,SN,1999,None
RL.PER.RNK,SN,1998,55
RL.PER.RNK,SN,1997,None
RL.PER.RNK,SN,1996,46.2311553955078
RL.PER.RNK,SN,1995,None
RL.PER.RNK,SB,2023,None
RL.PER.RNK,SB,2022,43.8679237365723
RL.PER.RNK,SB,2021,40
RL.PER.RNK,SB,2020,53.3333320617676
RL.PER.RNK,SB,2019,50.476188659668
RL.PER.RNK,SB,2018,47.6190490722656
RL.PER.RNK,SB,2017,47.1428565979004
RL.PER.RNK,SB,2016,43.8095245361328
RL.PER.RNK,SB,2015,37.6190490722656
RL.PER.RNK,SB,2014,35.5769233703613
RL.PER.RNK,SB,2013,39.9061050415039
RL.PER.RNK,SB,2012,38.4976539611816
RL.PER.RNK,SB,2011,36.6197166442871
RL.PER.RNK,SB,2010,31.2796211242676
RL.PER.RNK,SB,2009,30.8056869506836
RL.PER.RNK,SB,2008,31.730770111084
RL.PER.RNK,SB,2007,24.8803825378418
RL.PER.RNK,SB,2006,32.0574150085449
RL.PER.RNK,SB,2005,25.3588523864746
RL.PER.RNK,SB,2004,23.5576915740967
RL.PER.RNK,SB,2003,58.7064666748047
RL.PER.RNK,SB,2002,57.7114410400391
RL.PER.RNK,SB,2001,None
RL.PER.RNK,SB,2000,66.6666641235352
RL.PER.RNK,SB,1999,None
RL.PER.RNK,SB,1998,70.5
RL.PER.RNK,SB,1997,None
RL.PER.RNK,SB,1996,69.3467330932617
RL.PER.RNK,SB,1995,None
RL.PER.RNK,SL,2023,None
RL.PER.RNK,SL,2022,23.1132068634033
RL.PER.RNK,SL,2021,21.9047622680664
RL.PER.RNK,SL,2020,22.8571434020996
RL.PER.RNK,SL,2019,22.380952835083
RL.PER.RNK,SL,2018,22.380952835083
RL.PER.RNK,SL,2017,22.380952835083
RL.PER.RNK,SL,2016,22.380952835083
RL.PER.RNK,SL,2015,18.5714282989502
RL.PER.RNK,SL,2014,17.3076915740967
RL.PER.RNK,SL,2013,21.5962448120117
RL.PER.RNK,SL,2012,22.0657272338867
RL.PER.RNK,SL,2011,22.5352115631104
RL.PER.RNK,SL,2010,18.4834117889404
RL.PER.RNK,SL,2009,18.4834117889404
RL.PER.RNK,SL,2008,19.230770111084
RL.PER.RNK,SL,2007,16.2679424285889
RL.PER.RNK,SL,2006,16.7464122772217
RL.PER.RNK,SL,2005,12.4401912689209
RL.PER.RNK,SL,2004,13.942307472229
RL.PER.RNK,SL,2003,11.9402980804443
RL.PER.RNK,SL,2002,6.96517419815063
RL.PER.RNK,SL,2001,None
RL.PER.RNK,SL,2000,9.95024871826172
RL.PER.RNK,SL,1999,None
RL.PER.RNK,SL,1998,9.5
RL.PER.RNK,SL,1997,None
RL.PER.RNK,SL,1996,8.5427131652832
RL.PER.RNK,SL,1995,None
RL.PER.RNK,SO,2023,None
RL.PER.RNK,SO,2022,0
RL.PER.RNK,SO,2021,0.476190477609634
RL.PER.RNK,SO,2020,0.476190477609634
RL.PER.RNK,SO,2019,0
RL.PER.RNK,SO,2018,0
RL.PER.RNK,SO,2017,0
RL.PER.RNK,SO,2016,0
RL.PER.RNK,SO,2015,0
RL.PER.RNK,SO,2014,0
RL.PER.RNK,SO,2013,0
RL.PER.RNK,SO,2012,0
RL.PER.RNK,SO,2011,0
RL.PER.RNK,SO,2010,0
RL.PER.RNK,SO,2009,0
RL.PER.RNK,SO,2008,0
RL.PER.RNK,SO,2007,0
RL.PER.RNK,SO,2006,0
RL.PER.RNK,SO,2005,0
RL.PER.RNK,SO,2004,0
RL.PER.RNK,SO,2003,0
RL.PER.RNK,SO,2002,0
RL.PER.RNK,SO,2001,None
RL.PER.RNK,SO,2000,0
RL.PER.RNK,SO,1999,None
RL.PER.RNK,SO,1998,0
RL.PER.RNK,SO,1997,None
RL.PER.RNK,SO,1996,0
RL.PER.RNK,SO,1995,None
RL.PER.RNK,SS,2023,None
RL.PER.RNK,SS,2022,1.41509437561035
RL.PER.RNK,SS,2021,1.42857146263123
RL.PER.RNK,SS,2020,1.42857146263123
RL.PER.RNK,SS,2019,1.42857146263123
RL.PER.RNK,SS,2018,1.42857146263123
RL.PER.RNK,SS,2017,1.42857146263123
RL.PER.RNK,SS,2016,1.42857146263123
RL.PER.RNK,SS,2015,0.952380955219269
RL.PER.RNK,SS,2014,0.961538434028625
RL.PER.RNK,SS,2013,3.75586843490601
RL.PER.RNK,SS,2012,4.6948356628418
RL.PER.RNK,SS,2011,9.38967132568359
RL.PER.RNK,SS,2010,None
RL.PER.RNK,SS,2009,None
RL.PER.RNK,SS,2008,None
RL.PER.RNK,SS,2007,None
RL.PER.RNK,SS,2006,None
RL.PER.RNK,SS,2005,None
RL.PER.RNK,SS,2004,None
RL.PER.RNK,SS,2003,None
RL.PER.RNK,SS,2002,None
RL.PER.RNK,SS,2001,None
RL.PER.RNK,SS,2000,None
RL.PER.RNK,SS,1999,None
RL.PER.RNK,SS,1998,None
RL.PER.RNK,SS,1997,None
RL.PER.RNK,SS,1996,None
RL.PER.RNK,SS,1995,None
RL.PER.RNK,ST,2023,None
RL.PER.RNK,ST,2022,27.8301887512207
RL.PER.RNK,ST,2021,24.2857151031494
RL.PER.RNK,ST,2020,26.1904754638672
RL.PER.RNK,ST,2019,25.238094329834
RL.PER.RNK,ST,2018,24.761905670166
RL.PER.RNK,ST,2017,24.761905670166
RL.PER.RNK,ST,2016,26.6666660308838
RL.PER.RNK,ST,2015,24.761905670166
RL.PER.RNK,ST,2014,23.5576915740967
RL.PER.RNK,ST,2013,25.3521118164063
RL.PER.RNK,ST,2012,27.2300472259521
RL.PER.RNK,ST,2011,30.046947479248
RL.PER.RNK,ST,2010,29.8578205108643
RL.PER.RNK,ST,2009,29.3838863372803
RL.PER.RNK,ST,2008,37.019229888916
RL.PER.RNK,ST,2007,40.1913871765137
RL.PER.RNK,ST,2006,38.7559814453125
RL.PER.RNK,ST,2005,35.8851661682129
RL.PER.RNK,ST,2004,44.711540222168
RL.PER.RNK,ST,2003,45.2736320495605
RL.PER.RNK,ST,2002,46.766170501709
RL.PER.RNK,ST,2001,None
RL.PER.RNK,ST,2000,58.2089538574219
RL.PER.RNK,ST,1999,None
RL.PER.RNK,ST,1998,60
RL.PER.RNK,ST,1997,None
RL.PER.RNK,ST,1996,60.3015060424805
RL.PER.RNK,ST,1995,None
RL.PER.RNK,SZ,2023,None
RL.PER.RNK,SZ,2022,29.2452831268311
RL.PER.RNK,SZ,2021,30.9523811340332
RL.PER.RNK,SZ,2020,32.8571434020996
RL.PER.RNK,SZ,2019,34.2857131958008
RL.PER.RNK,SZ,2018,44.2857131958008
RL.PER.RNK,SZ,2017,44.761905670166
RL.PER.RNK,SZ,2016,38.5714302062988
RL.PER.RNK,SZ,2015,44.2857131958008
RL.PER.RNK,SZ,2014,44.230770111084
RL.PER.RNK,SZ,2013,40.3755874633789
RL.PER.RNK,SZ,2012,37.5586853027344
RL.PER.RNK,SZ,2011,35.6807518005371
RL.PER.RNK,SZ,2010,39.3364944458008
RL.PER.RNK,SZ,2009,38.8625602722168
RL.PER.RNK,SZ,2008,36.0576934814453
RL.PER.RNK,SZ,2007,29.1866035461426
RL.PER.RNK,SZ,2006,33.4928245544434
RL.PER.RNK,SZ,2005,22.4880390167236
RL.PER.RNK,SZ,2004,22.115385055542
RL.PER.RNK,SZ,2003,32.3383102416992
RL.PER.RNK,SZ,2002,26.3681583404541
RL.PER.RNK,SZ,2001,None
RL.PER.RNK,SZ,2000,30.348258972168
RL.PER.RNK,SZ,1999,None
RL.PER.RNK,SZ,1998,31.5
RL.PER.RNK,SZ,1997,None
RL.PER.RNK,SZ,1996,37.1859283447266
RL.PER.RNK,SZ,1995,None
RL.PER.RNK,SY,2023,None
RL.PER.RNK,SY,2022,0.943396210670471
RL.PER.RNK,SY,2021,0.952380955219269
RL.PER.RNK,SY,2020,0.952380955219269
RL.PER.RNK,SY,2019,0.952380955219269
RL.PER.RNK,SY,2018,0.952380955219269
RL.PER.RNK,SY,2017,0.952380955219269
RL.PER.RNK,SY,2016,0.952380955219269
RL.PER.RNK,SY,2015,4.7619047164917
RL.PER.RNK,SY,2014,5.76923084259033
RL.PER.RNK,SY,2013,4.6948356628418
RL.PER.RNK,SY,2012,12.2065725326538
RL.PER.RNK,SY,2011,25.8215961456299
RL.PER.RNK,SY,2010,33.1753540039063
RL.PER.RNK,SY,2009,34.1232223510742
RL.PER.RNK,SY,2008,26.4423084259033
RL.PER.RNK,SY,2007,22.4880390167236
RL.PER.RNK,SY,2006,20.0956935882568
RL.PER.RNK,SY,2005,33.9712905883789
RL.PER.RNK,SY,2004,39.9038467407227
RL.PER.RNK,SY,2003,39.3034820556641
RL.PER.RNK,SY,2002,35.8208961486816
RL.PER.RNK,SY,2001,None
RL.PER.RNK,SY,2000,35.8208961486816
RL.PER.RNK,SY,1999,None
RL.PER.RNK,SY,1998,34.5
RL.PER.RNK,SY,1997,None
RL.PER.RNK,SY,1996,33.165828704834
RL.PER.RNK,SY,1995,None
RL.PER.RNK,TD,2023,None
RL.PER.RNK,TD,2022,8.01886749267578
RL.PER.RNK,TD,2021,7.61904764175415
RL.PER.RNK,TD,2020,7.14285707473755
RL.PER.RNK,TD,2019,6.66666650772095
RL.PER.RNK,TD,2018,7.14285707473755
RL.PER.RNK,TD,2017,8.5714282989502
RL.PER.RNK,TD,2016,7.14285707473755
RL.PER.RNK,TD,2015,8.5714282989502
RL.PER.RNK,TD,2014,9.61538505554199
RL.PER.RNK,TD,2013,5.16431903839111
RL.PER.RNK,TD,2012,3.28638505935669
RL.PER.RNK,TD,2011,2.81690144538879
RL.PER.RNK,TD,2010,3.3175356388092
RL.PER.RNK,TD,2009,3.79146909713745
RL.PER.RNK,TD,2008,2.4038462638855
RL.PER.RNK,TD,2007,4.30622005462646
RL.PER.RNK,TD,2006,2.87081336975098
RL.PER.RNK,TD,2005,4.78468894958496
RL.PER.RNK,TD,2004,7.692307472229
RL.PER.RNK,TD,2003,4.47761201858521
RL.PER.RNK,TD,2002,14.4278602600098
RL.PER.RNK,TD,2001,None
RL.PER.RNK,TD,2000,14.9253730773926
RL.PER.RNK,TD,1999,None
RL.PER.RNK,TD,1998,12
RL.PER.RNK,TD,1997,None
RL.PER.RNK,TD,1996,11.557788848877
RL.PER.RNK,TD,1995,None
RL.PER.RNK,TG,2023,None
RL.PER.RNK,TG,2022,30.6603775024414
RL.PER.RNK,TG,2021,30.4761905670166
RL.PER.RNK,TG,2020,27.1428565979004
RL.PER.RNK,TG,2019,29.0476188659668
RL.PER.RNK,TG,2018,29.0476188659668
RL.PER.RNK,TG,2017,24.2857151031494
RL.PER.RNK,TG,2016,29.0476188659668
RL.PER.RNK,TG,2015,21.9047622680664
RL.PER.RNK,TG,2014,20.1923084259033
RL.PER.RNK,TG,2013,16.9014091491699
RL.PER.RNK,TG,2012,17.3708915710449
RL.PER.RNK,TG,2011,21.1267604827881
RL.PER.RNK,TG,2010,19.4312801361084
RL.PER.RNK,TG,2009,19.4312801361084
RL.PER.RNK,TG,2008,22.5961532592773
RL.PER.RNK,TG,2007,19.6172256469727
RL.PER.RNK,TG,2006,19.6172256469727
RL.PER.RNK,TG,2005,15.3110046386719
RL.PER.RNK,TG,2004,15.865385055542
RL.PER.RNK,TG,2003,18.4079608917236
RL.PER.RNK,TG,2002,24.8756217956543
RL.PER.RNK,TG,2001,None
RL.PER.RNK,TG,2000,32.3383102416992
RL.PER.RNK,TG,1999,None
RL.PER.RNK,TG,1998,27
RL.PER.RNK,TG,1997,None
RL.PER.RNK,TG,1996,26.6331653594971
RL.PER.RNK,TG,1995,None
RL.PER.RNK,TJ,2023,None
RL.PER.RNK,TJ,2022,10.8490562438965
RL.PER.RNK,TJ,2021,10.4761905670166
RL.PER.RNK,TJ,2020,9.0476188659668
RL.PER.RNK,TJ,2019,8.5714282989502
RL.PER.RNK,TJ,2018,7.61904764175415
RL.PER.RNK,TJ,2017,7.61904764175415
RL.PER.RNK,TJ,2016,10.4761905670166
RL.PER.RNK,TJ,2015,12.380952835083
RL.PER.RNK,TJ,2014,13.4615383148193
RL.PER.RNK,TJ,2013,8.45070457458496
RL.PER.RNK,TJ,2012,9.38967132568359
RL.PER.RNK,TJ,2011,9.85915470123291
RL.PER.RNK,TJ,2010,9.95260620117188
RL.PER.RNK,TJ,2009,8.05687236785889
RL.PER.RNK,TJ,2008,8.17307662963867
RL.PER.RNK,TJ,2007,8.13397121429443
RL.PER.RNK,TJ,2006,10.5263156890869
RL.PER.RNK,TJ,2005,14.3540668487549
RL.PER.RNK,TJ,2004,12.9807691574097
RL.PER.RNK,TJ,2003,16.4179096221924
RL.PER.RNK,TJ,2002,15.9203977584839
RL.PER.RNK,TJ,2001,None
RL.PER.RNK,TJ,2000,6.46766185760498
RL.PER.RNK,TJ,1999,None
RL.PER.RNK,TJ,1998,5
RL.PER.RNK,TJ,1997,None
RL.PER.RNK,TJ,1996,3.01507544517517
RL.PER.RNK,TJ,1995,None
RL.PER.RNK,TL,2023,None
RL.PER.RNK,TL,2022,20.2830181121826
RL.PER.RNK,TL,2021,16.6666660308838
RL.PER.RNK,TL,2020,10.4761905670166
RL.PER.RNK,TL,2019,11.9047622680664
RL.PER.RNK,TL,2018,10.9523811340332
RL.PER.RNK,TL,2017,10
RL.PER.RNK,TL,2016,10
RL.PER.RNK,TL,2015,11.9047622680664
RL.PER.RNK,TL,2014,11.057692527771
RL.PER.RNK,TL,2013,10.3286380767822
RL.PER.RNK,TL,2012,10.3286380767822
RL.PER.RNK,TL,2011,11.2676057815552
RL.PER.RNK,TL,2010,10.9004735946655
RL.PER.RNK,TL,2009,10.9004735946655
RL.PER.RNK,TL,2008,14.4230766296387
RL.PER.RNK,TL,2007,10.5263156890869
RL.PER.RNK,TL,2006,11.9617223739624
RL.PER.RNK,TL,2005,37.3205757141113
RL.PER.RNK,TL,2004,35.0961532592773
RL.PER.RNK,TL,2003,40.2985076904297
RL.PER.RNK,TL,2002,24.3781089782715
RL.PER.RNK,TL,2001,None
RL.PER.RNK,TL,2000,59.7014923095703
RL.PER.RNK,TL,1999,None
RL.PER.RNK,TL,1998,3.5
RL.PER.RNK,TL,1997,None
RL.PER.RNK,TL,1996,4.52261304855347
RL.PER.RNK,TL,1995,None
RL.PER.RNK,TN,2023,None
RL.PER.RNK,TN,2022,50.9433975219727
RL.PER.RNK,TN,2021,53.8095245361328
RL.PER.RNK,TN,2020,55.7142868041992
RL.PER.RNK,TN,2019,55.7142868041992
RL.PER.RNK,TN,2018,55.7142868041992
RL.PER.RNK,TN,2017,57.1428565979004
RL.PER.RNK,TN,2016,54.2857131958008
RL.PER.RNK,TN,2015,55.7142868041992
RL.PER.RNK,TN,2014,56.25
RL.PER.RNK,TN,2013,49.7652587890625
RL.PER.RNK,TN,2012,51.1737098693848
RL.PER.RNK,TN,2011,49.7652587890625
RL.PER.RNK,TN,2010,54.502368927002
RL.PER.RNK,TN,2009,58.2938385009766
RL.PER.RNK,TN,2008,56.730770111084
RL.PER.RNK,TN,2007,55.9808616638184
RL.PER.RNK,TN,2006,55.5023918151855
RL.PER.RNK,TN,2005,51.6746406555176
RL.PER.RNK,TN,2004,55.288459777832
RL.PER.RNK,TN,2003,46.2686576843262
RL.PER.RNK,TN,2002,47.7611923217773
RL.PER.RNK,TN,2001,None
RL.PER.RNK,TN,2000,41.2935333251953
RL.PER.RNK,TN,1999,None
RL.PER.RNK,TN,1998,42.5
RL.PER.RNK,TN,1997,None
RL.PER.RNK,TN,1996,41.2060317993164
RL.PER.RNK,TN,1995,None
RL.PER.RNK,TZ,2023,None
RL.PER.RNK,TZ,2022,38.2075462341309
RL.PER.RNK,TZ,2021,31.9047622680664
RL.PER.RNK,TZ,2020,29.5238094329834
RL.PER.RNK,TZ,2019,30
RL.PER.RNK,TZ,2018,30.9523811340332
RL.PER.RNK,TZ,2017,33.8095245361328
RL.PER.RNK,TZ,2016,36.6666679382324
RL.PER.RNK,TZ,2015,41.4285697937012
RL.PER.RNK,TZ,2014,39.9038467407227
RL.PER.RNK,TZ,2013,40.8450698852539
RL.PER.RNK,TZ,2012,36.6197166442871
RL.PER.RNK,TZ,2011,37.0892028808594
RL.PER.RNK,TZ,2010,37.4407577514648
RL.PER.RNK,TZ,2009,39.3364944458008
RL.PER.RNK,TZ,2008,42.788459777832
RL.PER.RNK,TZ,2007,43.5406684875488
RL.PER.RNK,TZ,2006,41.6267929077148
RL.PER.RNK,TZ,2005,44.4976081848145
RL.PER.RNK,TZ,2004,41.8269233703613
RL.PER.RNK,TZ,2003,43.7810935974121
RL.PER.RNK,TZ,2002,42.7860679626465
RL.PER.RNK,TZ,2001,None
RL.PER.RNK,TZ,2000,40.7960205078125
RL.PER.RNK,TZ,1999,None
RL.PER.RNK,TZ,1998,46
RL.PER.RNK,TZ,1997,None
RL.PER.RNK,TZ,1996,45.7286415100098
RL.PER.RNK,TZ,1995,None
RL.PER.RNK,UG,2023,None
RL.PER.RNK,UG,2022,39.1509437561035
RL.PER.RNK,UG,2021,39.523811340332
RL.PER.RNK,UG,2020,40.9523811340332
RL.PER.RNK,UG,2019,41.4285697937012
RL.PER.RNK,UG,2018,41.4285697937012
RL.PER.RNK,UG,2017,40.9523811340332
RL.PER.RNK,UG,2016,44.761905670166
RL.PER.RNK,UG,2015,40.476188659668
RL.PER.RNK,UG,2014,40.8653831481934
RL.PER.RNK,UG,2013,44.1314544677734
RL.PER.RNK,UG,2012,44.1314544677734
RL.PER.RNK,UG,2011,44.1314544677734
RL.PER.RNK,UG,2010,42.1800956726074
RL.PER.RNK,UG,2009,42.1800956726074
RL.PER.RNK,UG,2008,43.269229888916
RL.PER.RNK,UG,2007,44.0191383361816
RL.PER.RNK,UG,2006,44.9760780334473
RL.PER.RNK,UG,2005,34.9282302856445
RL.PER.RNK,UG,2004,30.2884616851807
RL.PER.RNK,UG,2003,36.3184089660645
RL.PER.RNK,UG,2002,31.343282699585
RL.PER.RNK,UG,2001,None
RL.PER.RNK,UG,2000,25.3731346130371
RL.PER.RNK,UG,1999,None
RL.PER.RNK,UG,1998,32
RL.PER.RNK,UG,1997,None
RL.PER.RNK,UG,1996,32.6633148193359
RL.PER.RNK,UG,1995,None
RL.PER.RNK,UZ,2023,None
RL.PER.RNK,UZ,2022,21.698112487793
RL.PER.RNK,UZ,2021,18.5714282989502
RL.PER.RNK,UZ,2020,12.8571424484253
RL.PER.RNK,UZ,2019,13.3333330154419
RL.PER.RNK,UZ,2018,12.8571424484253
RL.PER.RNK,UZ,2017,10.9523811340332
RL.PER.RNK,UZ,2016,11.9047622680664
RL.PER.RNK,UZ,2015,10.9523811340332
RL.PER.RNK,UZ,2014,10.0961542129517
RL.PER.RNK,UZ,2013,9.85915470123291
RL.PER.RNK,UZ,2012,7.98122072219849
RL.PER.RNK,UZ,2011,3.28638505935669
RL.PER.RNK,UZ,2010,4.7393364906311
RL.PER.RNK,UZ,2009,6.63507127761841
RL.PER.RNK,UZ,2008,10.0961542129517
RL.PER.RNK,UZ,2007,9.56937789916992
RL.PER.RNK,UZ,2006,4.78468894958496
RL.PER.RNK,UZ,2005,5.26315784454346
RL.PER.RNK,UZ,2004,7.21153831481934
RL.PER.RNK,UZ,2003,9.95024871826172
RL.PER.RNK,UZ,2002,5.47263669967651
RL.PER.RNK,UZ,2001,None
RL.PER.RNK,UZ,2000,11.9402980804443
RL.PER.RNK,UZ,1999,None
RL.PER.RNK,UZ,1998,10.5
RL.PER.RNK,UZ,1997,None
RL.PER.RNK,UZ,1996,12.0603017807007
RL.PER.RNK,UZ,1995,None
RL.PER.RNK,VN,2023,None
RL.PER.RNK,VN,2022,47.6415100097656
RL.PER.RNK,VN,2021,47.1428565979004
RL.PER.RNK,VN,2020,46.6666679382324
RL.PER.RNK,VN,2019,51.9047622680664
RL.PER.RNK,VN,2018,52.3809509277344
RL.PER.RNK,VN,2017,54.761905670166
RL.PER.RNK,VN,2016,56.1904754638672
RL.PER.RNK,VN,2015,43.3333320617676
RL.PER.RNK,VN,2014,42.788459777832
RL.PER.RNK,VN,2013,39.4366188049316
RL.PER.RNK,VN,2012,35.2112693786621
RL.PER.RNK,VN,2011,35.2112693786621
RL.PER.RNK,VN,2010,33.6492881774902
RL.PER.RNK,VN,2009,36.0189590454102
RL.PER.RNK,VN,2008,38.9423065185547
RL.PER.RNK,VN,2007,38.2775115966797
RL.PER.RNK,VN,2006,37.7990417480469
RL.PER.RNK,VN,2005,43.5406684875488
RL.PER.RNK,VN,2004,34.6153831481934
RL.PER.RNK,VN,2003,30.348258972168
RL.PER.RNK,VN,2002,31.8407955169678
RL.PER.RNK,VN,2001,None
RL.PER.RNK,VN,2000,40.2985076904297
RL.PER.RNK,VN,1999,None
RL.PER.RNK,VN,1998,39.5
RL.PER.RNK,VN,1997,None
RL.PER.RNK,VN,1996,36.6834182739258
RL.PER.RNK,VN,1995,None
RL.PER.RNK,VU,2023,None
RL.PER.RNK,VU,2022,58.9622650146484
RL.PER.RNK,VU,2021,65.7142868041992
RL.PER.RNK,VU,2020,60.9523811340332
RL.PER.RNK,VU,2019,59.0476188659668
RL.PER.RNK,VU,2018,65.7142868041992
RL.PER.RNK,VU,2017,69.523811340332
RL.PER.RNK,VU,2016,64.7619018554688
RL.PER.RNK,VU,2015,60
RL.PER.RNK,VU,2014,64.4230804443359
RL.PER.RNK,VU,2013,62.9107971191406
RL.PER.RNK,VU,2012,61.9718322753906
RL.PER.RNK,VU,2011,61.9718322753906
RL.PER.RNK,VU,2010,61.6113739013672
RL.PER.RNK,VU,2009,63.5071105957031
RL.PER.RNK,VU,2008,64.9038467407227
RL.PER.RNK,VU,2007,67.9425811767578
RL.PER.RNK,VU,2006,66.5071792602539
RL.PER.RNK,VU,2005,65.0717697143555
RL.PER.RNK,VU,2004,63.461540222168
RL.PER.RNK,VU,2003,80.5970153808594
RL.PER.RNK,VU,2002,80.0995025634766
RL.PER.RNK,VU,2001,None
RL.PER.RNK,VU,2000,80.5970153808594
RL.PER.RNK,VU,1999,None
RL.PER.RNK,VU,1998,61.5
RL.PER.RNK,VU,1997,None
RL.PER.RNK,VU,1996,62.3115577697754
RL.PER.RNK,VU,1995,None
RL.PER.RNK,WS,2023,None
RL.PER.RNK,WS,2022,80.6603775024414
RL.PER.RNK,WS,2021,79.523811340332
RL.PER.RNK,WS,2020,82.3809509277344
RL.PER.RNK,WS,2019,85.2380981445313
RL.PER.RNK,WS,2018,77.6190490722656
RL.PER.RNK,WS,2017,79.0476226806641
RL.PER.RNK,WS,2016,78.5714263916016
RL.PER.RNK,WS,2015,74.7619018554688
RL.PER.RNK,WS,2014,76.9230804443359
RL.PER.RNK,WS,2013,71.8309860229492
RL.PER.RNK,WS,2012,71.3615036010742
RL.PER.RNK,WS,2011,69.4835662841797
RL.PER.RNK,WS,2010,68.2464447021484
RL.PER.RNK,WS,2009,68.7203826904297
RL.PER.RNK,WS,2008,76.9230804443359
RL.PER.RNK,WS,2007,81.339714050293
RL.PER.RNK,WS,2006,82.2966537475586
RL.PER.RNK,WS,2005,85.1674652099609
RL.PER.RNK,WS,2004,82.211540222168
RL.PER.RNK,WS,2003,88.059700012207
RL.PER.RNK,WS,2002,87.5621871948242
RL.PER.RNK,WS,2001,None
RL.PER.RNK,WS,2000,83.0845794677734
RL.PER.RNK,WS,1999,None
RL.PER.RNK,WS,1998,82
RL.PER.RNK,WS,1997,None
RL.PER.RNK,WS,1996,80.4020080566406
RL.PER.RNK,WS,1995,None
RL.PER.RNK,YE,2023,None
RL.PER.RNK,YE,2022,1.88679242134094
RL.PER.RNK,YE,2021,2.85714292526245
RL.PER.RNK,YE,2020,3.80952382087708
RL.PER.RNK,YE,2019,2.38095235824585
RL.PER.RNK,YE,2018,1.90476191043854
RL.PER.RNK,YE,2017,1.90476191043854
RL.PER.RNK,YE,2016,3.80952382087708
RL.PER.RNK,YE,2015,7.14285707473755
RL.PER.RNK,YE,2014,7.692307472229
RL.PER.RNK,YE,2013,10.7981224060059
RL.PER.RNK,YE,2012,8.45070457458496
RL.PER.RNK,YE,2011,7.98122072219849
RL.PER.RNK,YE,2010,12.7962083816528
RL.PER.RNK,YE,2009,14.2180099487305
RL.PER.RNK,YE,2008,16.8269233703613
RL.PER.RNK,YE,2007,17.7033500671387
RL.PER.RNK,YE,2006,14.8325357437134
RL.PER.RNK,YE,2005,8.61244010925293
RL.PER.RNK,YE,2004,10.0961542129517
RL.PER.RNK,YE,2003,9.45273590087891
RL.PER.RNK,YE,2002,4.97512435913086
RL.PER.RNK,YE,2001,None
RL.PER.RNK,YE,2000,3.48258709907532
RL.PER.RNK,YE,1999,None
RL.PER.RNK,YE,1998,7.5
RL.PER.RNK,YE,1997,None
RL.PER.RNK,YE,1996,9.04522609710693
RL.PER.RNK,YE,1995,None
RL.PER.RNK,ZM,2023,None
RL.PER.RNK,ZM,2022,33.0188674926758
RL.PER.RNK,ZM,2021,29.5238094329834
RL.PER.RNK,ZM,2020,28.5714282989502
RL.PER.RNK,ZM,2019,34.761905670166
RL.PER.RNK,ZM,2018,40.9523811340332
RL.PER.RNK,ZM,2017,40.476188659668
RL.PER.RNK,ZM,2016,43.3333320617676
RL.PER.RNK,ZM,2015,46.6666679382324
RL.PER.RNK,ZM,2014,47.5961532592773
RL.PER.RNK,ZM,2013,46.948356628418
RL.PER.RNK,ZM,2012,43.6619720458984
RL.PER.RNK,ZM,2011,39.9061050415039
RL.PER.RNK,ZM,2010,36.4928894042969
RL.PER.RNK,ZM,2009,39.8104248046875
RL.PER.RNK,ZM,2008,41.3461532592773
RL.PER.RNK,ZM,2007,36.3636360168457
RL.PER.RNK,ZM,2006,35.4067001342773
RL.PER.RNK,ZM,2005,36.8421058654785
RL.PER.RNK,ZM,2004,38.9423065185547
RL.PER.RNK,ZM,2003,41.7910461425781
RL.PER.RNK,ZM,2002,41.2935333251953
RL.PER.RNK,ZM,2001,None
RL.PER.RNK,ZM,2000,33.8308448791504
RL.PER.RNK,ZM,1999,None
RL.PER.RNK,ZM,1998,36.5
RL.PER.RNK,ZM,1997,None
RL.PER.RNK,ZM,1996,34.1708526611328
RL.PER.RNK,ZM,1995,None
RL.PER.RNK,ZW,2023,None
RL.PER.RNK,ZW,2022,11.3207550048828
RL.PER.RNK,ZW,2021,8.5714282989502
RL.PER.RNK,ZW,2020,7.61904764175415
RL.PER.RNK,ZW,2019,7.14285707473755
RL.PER.RNK,ZW,2018,8.09523773193359
RL.PER.RNK,ZW,2017,7.14285707473755
RL.PER.RNK,ZW,2016,8.09523773193359
RL.PER.RNK,ZW,2015,5.7142858505249
RL.PER.RNK,ZW,2014,3.8461537361145
RL.PER.RNK,ZW,2013,2.3474178314209
RL.PER.RNK,ZW,2012,1.877934217453
RL.PER.RNK,ZW,2011,0.938967108726501
RL.PER.RNK,ZW,2010,0.947867274284363
RL.PER.RNK,ZW,2009,0.947867274284363
RL.PER.RNK,ZW,2008,0.961538434028625
RL.PER.RNK,ZW,2007,1.43540668487549
RL.PER.RNK,ZW,2006,0.956937789916992
RL.PER.RNK,ZW,2005,0.478468894958496
RL.PER.RNK,ZW,2004,2.88461542129517
RL.PER.RNK,ZW,2003,2.48756217956543
RL.PER.RNK,ZW,2002,3.48258709907532
RL.PER.RNK,ZW,2001,None
RL.PER.RNK,ZW,2000,5.97014904022217
RL.PER.RNK,ZW,1999,None
RL.PER.RNK,ZW,1998,26.5
RL.PER.RNK,ZW,1997,None
RL.PER.RNK,ZW,1996,23.1155776977539
RL.PER.RNK,ZW,1995,None
