DT.ODA.ODAT.KD,AF,2019,4509450195.3125
DT.ODA.ODAT.KD,AF,2018,4073770019.53125
DT.ODA.ODAT.KD,AF,2017,4248819824.21875
DT.ODA.ODAT.KD,AF,2016,4610850097.65625
DT.ODA.ODAT.KD,AF,2015,4815140136.71875
DT.ODA.ODAT.KD,AF,2014,5175979980.46875
DT.ODA.ODAT.KD,AF,2013,5354040039.0625
DT.ODA.ODAT.KD,AF,2012,6966729980.46875
DT.ODA.ODAT.KD,AF,2011,7099149902.34375
DT.ODA.ODAT.KD,AF,2010,6882540039.0625
DT.ODA.ODAT.KD,AF,2009,6568600097.65625
DT.ODA.ODAT.KD,AF,2008,5124450195.3125
DT.ODA.ODAT.KD,AF,2007,5140459960.9375
DT.ODA.ODAT.KD,AF,2006,3536939941.40625
DT.ODA.ODAT.KD,AF,2005,3558129882.8125
DT.ODA.ODAT.KD,AF,2004,2882780029.29688
DT.ODA.ODAT.KD,AF,2003,2119750000
DT.ODA.ODAT.KD,AF,2002,1932219970.70313
DT.ODA.ODAT.KD,AF,2001,737489990.234375
DT.ODA.ODAT.KD,AF,2000,233360000.610352
DT.ODA.ODAT.KD,AF,1999,225970001.220703
DT.ODA.ODAT.KD,AF,1998,256950012.207031
DT.ODA.ODAT.KD,AF,1997,357220001.220703
DT.ODA.ODAT.KD,AF,1996,236380004.882813
DT.ODA.ODAT.KD,AF,1995,292700012.207031
DT.ODA.ODAT.KD,AO,2019,21299999.2370605
DT.ODA.ODAT.KD,AO,2018,172979995.727539
DT.ODA.ODAT.KD,AO,2017,247740005.493164
DT.ODA.ODAT.KD,AO,2016,234380004.882813
DT.ODA.ODAT.KD,AO,2015,426130004.882813
DT.ODA.ODAT.KD,AO,2014,242559997.558594
DT.ODA.ODAT.KD,AO,2013,294700012.207031
DT.ODA.ODAT.KD,AO,2012,258239990.234375
DT.ODA.ODAT.KD,AO,2011,202970001.220703
DT.ODA.ODAT.KD,AO,2010,250880004.882813
DT.ODA.ODAT.KD,AO,2009,241250000
DT.ODA.ODAT.KD,AO,2008,356690002.441406
DT.ODA.ODAT.KD,AO,2007,240179992.675781
DT.ODA.ODAT.KD,AO,2006,200860000.610352
DT.ODA.ODAT.KD,AO,2005,503459991.455078
DT.ODA.ODAT.KD,AO,2004,1438030029.29688
DT.ODA.ODAT.KD,AO,2003,678409973.144531
DT.ODA.ODAT.KD,AO,2002,647440002.441406
DT.ODA.ODAT.KD,AO,2001,477579986.572266
DT.ODA.ODAT.KD,AO,2000,492769989.013672
DT.ODA.ODAT.KD,AO,1999,601739990.234375
DT.ODA.ODAT.KD,AO,1998,521679992.675781
DT.ODA.ODAT.KD,AO,1997,551080017.089844
DT.ODA.ODAT.KD,AO,1996,652650024.414063
DT.ODA.ODAT.KD,AO,1995,591409973.144531
DT.ODA.ODAT.KD,BI,2019,605380004.882813
DT.ODA.ODAT.KD,BI,2018,483970001.220703
DT.ODA.ODAT.KD,BI,2017,489489990.234375
DT.ODA.ODAT.KD,BI,2016,847400024.414063
DT.ODA.ODAT.KD,BI,2015,423269989.013672
DT.ODA.ODAT.KD,BI,2014,524039978.027344
DT.ODA.ODAT.KD,BI,2013,567510009.765625
DT.ODA.ODAT.KD,BI,2012,540679992.675781
DT.ODA.ODAT.KD,BI,2011,573440002.441406
DT.ODA.ODAT.KD,BI,2010,661700012.207031
DT.ODA.ODAT.KD,BI,2009,540489990.234375
DT.ODA.ODAT.KD,BI,2008,460399993.896484
DT.ODA.ODAT.KD,BI,2007,424559997.558594
DT.ODA.ODAT.KD,BI,2006,508739990.234375
DT.ODA.ODAT.KD,BI,2005,449760009.765625
DT.ODA.ODAT.KD,BI,2004,451850006.103516
DT.ODA.ODAT.KD,BI,2003,318649993.896484
DT.ODA.ODAT.KD,BI,2002,278829986.572266
DT.ODA.ODAT.KD,BI,2001,247550003.051758
DT.ODA.ODAT.KD,BI,2000,156080001.831055
DT.ODA.ODAT.KD,BI,1999,119669998.168945
DT.ODA.ODAT.KD,BI,1998,108669998.168945
DT.ODA.ODAT.KD,BI,1997,87120002.746582
DT.ODA.ODAT.KD,BI,1996,154479995.727539
DT.ODA.ODAT.KD,BI,1995,381130004.882813
DT.ODA.ODAT.KD,BJ,2019,647039978.027344
DT.ODA.ODAT.KD,BJ,2018,615510009.765625
DT.ODA.ODAT.KD,BJ,2017,759820007.324219
DT.ODA.ODAT.KD,BJ,2016,573070007.324219
DT.ODA.ODAT.KD,BJ,2015,500149993.896484
DT.ODA.ODAT.KD,BJ,2014,610760009.765625
DT.ODA.ODAT.KD,BJ,2013,670340026.855469
DT.ODA.ODAT.KD,BJ,2012,528869995.117188
DT.ODA.ODAT.KD,BJ,2011,703190002.441406
DT.ODA.ODAT.KD,BJ,2010,738200012.207031
DT.ODA.ODAT.KD,BJ,2009,611320007.324219
DT.ODA.ODAT.KD,BJ,2008,548549987.792969
DT.ODA.ODAT.KD,BJ,2007,447720001.220703
DT.ODA.ODAT.KD,BJ,2006,473670013.427734
DT.ODA.ODAT.KD,BJ,2005,425149993.896484
DT.ODA.ODAT.KD,BJ,2004,487160003.662109
DT.ODA.ODAT.KD,BJ,2003,413519989.013672
DT.ODA.ODAT.KD,BJ,2002,357070007.324219
DT.ODA.ODAT.KD,BJ,2001,470450012.207031
DT.ODA.ODAT.KD,BJ,2000,408609985.351563
DT.ODA.ODAT.KD,BJ,1999,317019989.013672
DT.ODA.ODAT.KD,BJ,1998,297059997.558594
DT.ODA.ODAT.KD,BJ,1997,328130004.882813
DT.ODA.ODAT.KD,BJ,1996,373609985.351563
DT.ODA.ODAT.KD,BJ,1995,364260009.765625
DT.ODA.ODAT.KD,BF,2019,1216619995.11719
DT.ODA.ODAT.KD,BF,2018,1274310058.59375
DT.ODA.ODAT.KD,BF,2017,1000460021.97266
DT.ODA.ODAT.KD,BF,2016,1177280029.29688
DT.ODA.ODAT.KD,BF,2015,1143760009.76563
DT.ODA.ODAT.KD,BF,2014,1156750000
DT.ODA.ODAT.KD,BF,2013,1074109985.35156
DT.ODA.ODAT.KD,BF,2012,1194140014.64844
DT.ODA.ODAT.KD,BF,2011,972979980.46875
DT.ODA.ODAT.KD,BF,2010,1101989990.23438
DT.ODA.ODAT.KD,BF,2009,894710021.972656
DT.ODA.ODAT.KD,BF,2008,824489990.234375
DT.ODA.ODAT.KD,BF,2007,828669982.910156
DT.ODA.ODAT.KD,BF,2006,1061339965.82031
DT.ODA.ODAT.KD,BF,2005,850820007.324219
DT.ODA.ODAT.KD,BF,2004,808200012.207031
DT.ODA.ODAT.KD,BF,2003,743729980.46875
DT.ODA.ODAT.KD,BF,2002,714340026.855469
DT.ODA.ODAT.KD,BF,2001,659729980.46875
DT.ODA.ODAT.KD,BF,2000,330059997.558594
DT.ODA.ODAT.KD,BF,1999,603669982.910156
DT.ODA.ODAT.KD,BF,1998,605650024.414063
DT.ODA.ODAT.KD,BF,1997,558679992.675781
DT.ODA.ODAT.KD,BF,1996,565400024.414063
DT.ODA.ODAT.KD,BF,1995,646659973.144531
DT.ODA.ODAT.KD,BD,2019,4694339843.75
DT.ODA.ODAT.KD,BD,2018,3208610107.42188
DT.ODA.ODAT.KD,BD,2017,4124680175.78125
DT.ODA.ODAT.KD,BD,2016,2828709960.9375
DT.ODA.ODAT.KD,BD,2015,2915030029.29688
DT.ODA.ODAT.KD,BD,2014,2457110107.42188
DT.ODA.ODAT.KD,BD,2013,2663389892.57813
DT.ODA.ODAT.KD,BD,2012,2151449951.17188
DT.ODA.ODAT.KD,BD,2011,1440630004.88281
DT.ODA.ODAT.KD,BD,2010,1425060058.59375
DT.ODA.ODAT.KD,BD,2009,1063979980.46875
DT.ODA.ODAT.KD,BD,2008,1169010009.76563
DT.ODA.ODAT.KD,BD,2007,927559997.558594
DT.ODA.ODAT.KD,BD,2006,1197189941.40625
DT.ODA.ODAT.KD,BD,2005,1506020019.53125
DT.ODA.ODAT.KD,BD,2004,1752660034.17969
DT.ODA.ODAT.KD,BD,2003,1724010009.76563
DT.ODA.ODAT.KD,BD,2002,1222920043.94531
DT.ODA.ODAT.KD,BD,2001,1454079956.05469
DT.ODA.ODAT.KD,BD,2000,1445280029.29688
DT.ODA.ODAT.KD,BD,1999,1471319946.28906
DT.ODA.ODAT.KD,BD,1998,1436339965.82031
DT.ODA.ODAT.KD,BD,1997,1262670043.94531
DT.ODA.ODAT.KD,BD,1996,1287430053.71094
DT.ODA.ODAT.KD,BD,1995,1314180053.71094
DT.ODA.ODAT.KD,BO,2019,776469970.703125
DT.ODA.ODAT.KD,BO,2018,780059997.558594
DT.ODA.ODAT.KD,BO,2017,1061260009.76563
DT.ODA.ODAT.KD,BO,2016,795820007.324219
DT.ODA.ODAT.KD,BO,2015,898719970.703125
DT.ODA.ODAT.KD,BO,2014,683650024.414063
DT.ODA.ODAT.KD,BO,2013,709340026.855469
DT.ODA.ODAT.KD,BO,2012,682219970.703125
DT.ODA.ODAT.KD,BO,2011,536500000
DT.ODA.ODAT.KD,BO,2010,582239990.234375
DT.ODA.ODAT.KD,BO,2009,607900024.414063
DT.ODA.ODAT.KD,BO,2008,586119995.117188
DT.ODA.ODAT.KD,BO,2007,490709991.455078
DT.ODA.ODAT.KD,BO,2006,960390014.648438
DT.ODA.ODAT.KD,BO,2005,673440002.441406
DT.ODA.ODAT.KD,BO,2004,877450012.207031
DT.ODA.ODAT.KD,BO,2003,1052829956.05469
DT.ODA.ODAT.KD,BO,2002,943989990.234375
DT.ODA.ODAT.KD,BO,2001,1101040039.0625
DT.ODA.ODAT.KD,BO,2000,677559997.558594
DT.ODA.ODAT.KD,BO,1999,774580017.089844
DT.ODA.ODAT.KD,BO,1998,831570007.324219
DT.ODA.ODAT.KD,BO,1997,931210021.972656
DT.ODA.ODAT.KD,BO,1996,1015549987.79297
DT.ODA.ODAT.KD,BO,1995,884690002.441406
DT.ODA.ODAT.KD,BT,2019,192839996.337891
DT.ODA.ODAT.KD,BT,2018,114739997.86377
DT.ODA.ODAT.KD,BT,2017,130110000.610352
DT.ODA.ODAT.KD,BT,2016,56159999.8474121
DT.ODA.ODAT.KD,BT,2015,110169998.168945
DT.ODA.ODAT.KD,BT,2014,131059997.558594
DT.ODA.ODAT.KD,BT,2013,136119995.117188
DT.ODA.ODAT.KD,BT,2012,152820007.324219
DT.ODA.ODAT.KD,BT,2011,109650001.525879
DT.ODA.ODAT.KD,BT,2010,91919998.1689453
DT.ODA.ODAT.KD,BT,2009,69779998.7792969
DT.ODA.ODAT.KD,BT,2008,68309997.5585938
DT.ODA.ODAT.KD,BT,2007,65459999.0844727
DT.ODA.ODAT.KD,BT,2006,107919998.168945
DT.ODA.ODAT.KD,BT,2005,93660003.6621094
DT.ODA.ODAT.KD,BT,2004,88680000.3051758
DT.ODA.ODAT.KD,BT,2003,96750000
DT.ODA.ODAT.KD,BT,2002,91580001.8310547
DT.ODA.ODAT.KD,BT,2001,89769996.6430664
DT.ODA.ODAT.KD,BT,2000,77239997.8637695
DT.ODA.ODAT.KD,BT,1999,94940002.4414063
DT.ODA.ODAT.KD,BT,1998,80250000
DT.ODA.ODAT.KD,BT,1997,83550003.0517578
DT.ODA.ODAT.KD,BT,1996,74910003.6621094
DT.ODA.ODAT.KD,BT,1995,81940002.4414063
DT.ODA.ODAT.KD,CF,2019,740609985.351563
DT.ODA.ODAT.KD,CF,2018,687549987.792969
DT.ODA.ODAT.KD,CF,2017,574280029.296875
DT.ODA.ODAT.KD,CF,2016,580039978.027344
DT.ODA.ODAT.KD,CF,2015,557599975.585938
DT.ODA.ODAT.KD,CF,2014,616900024.414063
DT.ODA.ODAT.KD,CF,2013,205539993.286133
DT.ODA.ODAT.KD,CF,2012,233789993.286133
DT.ODA.ODAT.KD,CF,2011,258859985.351563
DT.ODA.ODAT.KD,CF,2010,276619995.117188
DT.ODA.ODAT.KD,CF,2009,224270004.272461
DT.ODA.ODAT.KD,CF,2008,255509994.506836
DT.ODA.ODAT.KD,CF,2007,191330001.831055
DT.ODA.ODAT.KD,CF,2006,158460006.713867
DT.ODA.ODAT.KD,CF,2005,108800003.051758
DT.ODA.ODAT.KD,CF,2004,135919998.168945
DT.ODA.ODAT.KD,CF,2003,68849998.4741211
DT.ODA.ODAT.KD,CF,2002,89319999.6948242
DT.ODA.ODAT.KD,CF,2001,120599998.474121
DT.ODA.ODAT.KD,CF,2000,109000000
DT.ODA.ODAT.KD,CF,1999,170479995.727539
DT.ODA.ODAT.KD,CF,1998,173419998.168945
DT.ODA.ODAT.KD,CF,1997,124500000
DT.ODA.ODAT.KD,CF,1996,210860000.610352
DT.ODA.ODAT.KD,CF,1995,190399993.896484
DT.ODA.ODAT.KD,CI,2019,1280780029.29688
DT.ODA.ODAT.KD,CI,2018,1025329956.05469
DT.ODA.ODAT.KD,CI,2017,922909973.144531
DT.ODA.ODAT.KD,CI,2016,699179992.675781
DT.ODA.ODAT.KD,CI,2015,741489990.234375
DT.ODA.ODAT.KD,CI,2014,949409973.144531
DT.ODA.ODAT.KD,CI,2013,1317300048.82813
DT.ODA.ODAT.KD,CI,2012,2998280029.29688
DT.ODA.ODAT.KD,CI,2011,1424170043.94531
DT.ODA.ODAT.KD,CI,2010,888369995.117188
DT.ODA.ODAT.KD,CI,2009,2273340087.89063
DT.ODA.ODAT.KD,CI,2008,407399993.896484
DT.ODA.ODAT.KD,CI,2007,208779998.779297
DT.ODA.ODAT.KD,CI,2006,287010009.765625
DT.ODA.ODAT.KD,CI,2005,112220001.220703
DT.ODA.ODAT.KD,CI,2004,199259994.506836
DT.ODA.ODAT.KD,CI,2003,350630004.882813
DT.ODA.ODAT.KD,CI,2002,1729219970.70313
DT.ODA.ODAT.KD,CI,2001,334429992.675781
DT.ODA.ODAT.KD,CI,2000,567969970.703125
DT.ODA.ODAT.KD,CI,1999,653950012.207031
DT.ODA.ODAT.KD,CI,1998,1449680053.71094
DT.ODA.ODAT.KD,CI,1997,641969970.703125
DT.ODA.ODAT.KD,CI,1996,1271800048.82813
DT.ODA.ODAT.KD,CI,1995,1550010009.76563
DT.ODA.ODAT.KD,CM,2019,1418920043.94531
DT.ODA.ODAT.KD,CM,2018,1244579956.05469
DT.ODA.ODAT.KD,CM,2017,1358560058.59375
DT.ODA.ODAT.KD,CM,2016,864309997.558594
DT.ODA.ODAT.KD,CM,2015,759270019.53125
DT.ODA.ODAT.KD,CM,2014,858099975.585938
DT.ODA.ODAT.KD,CM,2013,760390014.648438
DT.ODA.ODAT.KD,CM,2012,621650024.414063
DT.ODA.ODAT.KD,CM,2011,604929992.675781
DT.ODA.ODAT.KD,CM,2010,563169982.910156
DT.ODA.ODAT.KD,CM,2009,627599975.585938
DT.ODA.ODAT.KD,CM,2008,525109985.351563
DT.ODA.ODAT.KD,CM,2007,2013339965.82031
DT.ODA.ODAT.KD,CM,2006,2020709960.9375
DT.ODA.ODAT.KD,CM,2005,509140014.648438
DT.ODA.ODAT.KD,CM,2004,968539978.027344
DT.ODA.ODAT.KD,CM,2003,1202979980.46875
DT.ODA.ODAT.KD,CM,2002,991700012.207031
DT.ODA.ODAT.KD,CM,2001,786229980.46875
DT.ODA.ODAT.KD,CM,2000,617219970.703125
DT.ODA.ODAT.KD,CM,1999,645619995.117188
DT.ODA.ODAT.KD,CM,1998,753479980.46875
DT.ODA.ODAT.KD,CM,1997,735250000
DT.ODA.ODAT.KD,CM,1996,546140014.648438
DT.ODA.ODAT.KD,CM,1995,579049987.792969
DT.ODA.ODAT.KD,CD,2019,3073860107.42188
DT.ODA.ODAT.KD,CD,2018,2710679931.64063
DT.ODA.ODAT.KD,CD,2017,2573750000
DT.ODA.ODAT.KD,CD,2016,2402340087.89063
DT.ODA.ODAT.KD,CD,2015,2943070068.35938
DT.ODA.ODAT.KD,CD,2014,2460000000
DT.ODA.ODAT.KD,CD,2013,2649280029.29688
DT.ODA.ODAT.KD,CD,2012,2980520019.53125
DT.ODA.ODAT.KD,CD,2011,5651620117.1875
DT.ODA.ODAT.KD,CD,2010,3705850097.65625
DT.ODA.ODAT.KD,CD,2009,2109139892.57813
DT.ODA.ODAT.KD,CD,2008,1516739990.23438
DT.ODA.ODAT.KD,CD,2007,1215739990.23438
DT.ODA.ODAT.KD,CD,2006,2679689941.40625
DT.ODA.ODAT.KD,CD,2005,2206139892.57813
DT.ODA.ODAT.KD,CD,2004,2352669921.875
DT.ODA.ODAT.KD,CD,2003,7511509765.625
DT.ODA.ODAT.KD,CD,2002,1848079956.05469
DT.ODA.ODAT.KD,CD,2001,423929992.675781
DT.ODA.ODAT.KD,CD,2000,302850006.103516
DT.ODA.ODAT.KD,CD,1999,209470001.220703
DT.ODA.ODAT.KD,CD,1998,195259994.506836
DT.ODA.ODAT.KD,CD,1997,238740005.493164
DT.ODA.ODAT.KD,CD,1996,225820007.324219
DT.ODA.ODAT.KD,CD,1995,252229995.727539
DT.ODA.ODAT.KD,CG,2019,193470001.220703
DT.ODA.ODAT.KD,CG,2018,155960006.713867
DT.ODA.ODAT.KD,CG,2017,119199996.948242
DT.ODA.ODAT.KD,CG,2016,98919998.1689453
DT.ODA.ODAT.KD,CG,2015,101550003.051758
DT.ODA.ODAT.KD,CG,2014,105959999.084473
DT.ODA.ODAT.KD,CG,2013,151919998.168945
DT.ODA.ODAT.KD,CG,2012,145509994.506836
DT.ODA.ODAT.KD,CG,2011,259190002.441406
DT.ODA.ODAT.KD,CG,2010,1346569946.28906
DT.ODA.ODAT.KD,CG,2009,272239990.234375
DT.ODA.ODAT.KD,CG,2008,443029998.779297
DT.ODA.ODAT.KD,CG,2007,108199996.948242
DT.ODA.ODAT.KD,CG,2006,297440002.441406
DT.ODA.ODAT.KD,CG,2005,1676239990.23438
DT.ODA.ODAT.KD,CG,2004,141179992.675781
DT.ODA.ODAT.KD,CG,2003,93489997.8637695
DT.ODA.ODAT.KD,CG,2002,91989997.8637695
DT.ODA.ODAT.KD,CG,2001,120089996.337891
DT.ODA.ODAT.KD,CG,2000,54419998.1689453
DT.ODA.ODAT.KD,CG,1999,221000000
DT.ODA.ODAT.KD,CG,1998,95750000
DT.ODA.ODAT.KD,CG,1997,392320007.324219
DT.ODA.ODAT.KD,CG,1996,591070007.324219
DT.ODA.ODAT.KD,CG,1995,164839996.337891
DT.ODA.ODAT.KD,KM,2019,80059997.5585938
DT.ODA.ODAT.KD,KM,2018,96849998.4741211
DT.ODA.ODAT.KD,KM,2017,74739997.8637695
DT.ODA.ODAT.KD,KM,2016,61380001.0681152
DT.ODA.ODAT.KD,KM,2015,74800003.0517578
DT.ODA.ODAT.KD,KM,2014,74599998.4741211
DT.ODA.ODAT.KD,KM,2013,80900001.5258789
DT.ODA.ODAT.KD,KM,2012,100989997.86377
DT.ODA.ODAT.KD,KM,2011,53200000.7629395
DT.ODA.ODAT.KD,KM,2010,72959999.0844727
DT.ODA.ODAT.KD,KM,2009,50069999.6948242
DT.ODA.ODAT.KD,KM,2008,40380001.0681152
DT.ODA.ODAT.KD,KM,2007,44360000.6103516
DT.ODA.ODAT.KD,KM,2006,36380001.0681152
DT.ODA.ODAT.KD,KM,2005,27409999.8474121
DT.ODA.ODAT.KD,KM,2004,31340000.1525879
DT.ODA.ODAT.KD,KM,2003,33060001.373291
DT.ODA.ODAT.KD,KM,2002,43439998.626709
DT.ODA.ODAT.KD,KM,2001,46110000.6103516
DT.ODA.ODAT.KD,KM,2000,32520000.4577637
DT.ODA.ODAT.KD,KM,1999,32819999.6948242
DT.ODA.ODAT.KD,KM,1998,58330001.8310547
DT.ODA.ODAT.KD,KM,1997,43880001.0681152
DT.ODA.ODAT.KD,KM,1996,51750000
DT.ODA.ODAT.KD,KM,1995,51740001.6784668
DT.ODA.ODAT.KD,CV,2019,166929992.675781
DT.ODA.ODAT.KD,CV,2018,90000000
DT.ODA.ODAT.KD,CV,2017,137740005.493164
DT.ODA.ODAT.KD,CV,2016,132399993.896484
DT.ODA.ODAT.KD,CV,2015,178000000
DT.ODA.ODAT.KD,CV,2014,234270004.272461
DT.ODA.ODAT.KD,CV,2013,248500000
DT.ODA.ODAT.KD,CV,2012,258869995.117188
DT.ODA.ODAT.KD,CV,2011,243919998.168945
DT.ODA.ODAT.KD,CV,2010,344529998.779297
DT.ODA.ODAT.KD,CV,2009,204149993.896484
DT.ODA.ODAT.KD,CV,2008,206720001.220703
DT.ODA.ODAT.KD,CV,2007,155830001.831055
DT.ODA.ODAT.KD,CV,2006,166440002.441406
DT.ODA.ODAT.KD,CV,2005,203570007.324219
DT.ODA.ODAT.KD,CV,2004,183470001.220703
DT.ODA.ODAT.KD,CV,2003,201179992.675781
DT.ODA.ODAT.KD,CV,2002,150619995.117188
DT.ODA.ODAT.KD,CV,2001,136710006.713867
DT.ODA.ODAT.KD,CV,2000,160949996.948242
DT.ODA.ODAT.KD,CV,1999,212949996.948242
DT.ODA.ODAT.KD,CV,1998,204800003.051758
DT.ODA.ODAT.KD,CV,1997,173589996.337891
DT.ODA.ODAT.KD,CV,1996,164119995.117188
DT.ODA.ODAT.KD,CV,1995,158429992.675781
DT.ODA.ODAT.KD,DJ,2019,281670013.427734
DT.ODA.ODAT.KD,DJ,2018,188589996.337891
DT.ODA.ODAT.KD,DJ,2017,156970001.220703
DT.ODA.ODAT.KD,DJ,2016,209899993.896484
DT.ODA.ODAT.KD,DJ,2015,195820007.324219
DT.ODA.ODAT.KD,DJ,2014,165399993.896484
DT.ODA.ODAT.KD,DJ,2013,149179992.675781
DT.ODA.ODAT.KD,DJ,2012,147199996.948242
DT.ODA.ODAT.KD,DJ,2011,138100006.103516
DT.ODA.ODAT.KD,DJ,2010,129929992.675781
DT.ODA.ODAT.KD,DJ,2009,156289993.286133
DT.ODA.ODAT.KD,DJ,2008,133289993.286133
DT.ODA.ODAT.KD,DJ,2007,107830001.831055
DT.ODA.ODAT.KD,DJ,2006,132990005.493164
DT.ODA.ODAT.KD,DJ,2005,88040000.9155273
DT.ODA.ODAT.KD,DJ,2004,77410003.6621094
DT.ODA.ODAT.KD,DJ,2003,104349998.474121
DT.ODA.ODAT.KD,DJ,2002,113639999.389648
DT.ODA.ODAT.KD,DJ,2001,97739997.8637695
DT.ODA.ODAT.KD,DJ,2000,107400001.525879
DT.ODA.ODAT.KD,DJ,1999,107769996.643066
DT.ODA.ODAT.KD,DJ,1998,112370002.746582
DT.ODA.ODAT.KD,DJ,1997,119470001.220703
DT.ODA.ODAT.KD,DJ,1996,120139999.389648
DT.ODA.ODAT.KD,DJ,1995,122330001.831055
DT.ODA.ODAT.KD,EG,2019,1858619995.11719
DT.ODA.ODAT.KD,EG,2018,2218429931.64063
DT.ODA.ODAT.KD,EG,2017,168600006.103516
DT.ODA.ODAT.KD,EG,2016,2945629882.8125
DT.ODA.ODAT.KD,EG,2015,2956889892.57813
DT.ODA.ODAT.KD,EG,2014,3575070068.35938
DT.ODA.ODAT.KD,EG,2013,5420160156.25
DT.ODA.ODAT.KD,EG,2012,1661069946.28906
DT.ODA.ODAT.KD,EG,2011,415739990.234375
DT.ODA.ODAT.KD,EG,2010,638750000
DT.ODA.ODAT.KD,EG,2009,1049040039.0625
DT.ODA.ODAT.KD,EG,2008,1872239990.23438
DT.ODA.ODAT.KD,EG,2007,1351969970.70313
DT.ODA.ODAT.KD,EG,2006,1095729980.46875
DT.ODA.ODAT.KD,EG,2005,1334089965.82031
DT.ODA.ODAT.KD,EG,2004,1940959960.9375
DT.ODA.ODAT.KD,EG,2003,1417770019.53125
DT.ODA.ODAT.KD,EG,2002,1986390014.64844
DT.ODA.ODAT.KD,EG,2001,2070050048.82813
DT.ODA.ODAT.KD,EG,2000,2154489990.23438
DT.ODA.ODAT.KD,EG,1999,2428520019.53125
DT.ODA.ODAT.KD,EG,1998,2991669921.875
DT.ODA.ODAT.KD,EG,1997,2968330078.125
DT.ODA.ODAT.KD,EG,1996,3074620117.1875
DT.ODA.ODAT.KD,EG,1995,2753850097.65625
DT.ODA.ODAT.KD,ER,2019,290730010.986328
DT.ODA.ODAT.KD,ER,2018,90389999.3896484
DT.ODA.ODAT.KD,ER,2017,88209999.0844727
DT.ODA.ODAT.KD,ER,2016,76510002.1362305
DT.ODA.ODAT.KD,ER,2015,106949996.948242
DT.ODA.ODAT.KD,ER,2014,84790000.9155273
DT.ODA.ODAT.KD,ER,2013,81599998.4741211
DT.ODA.ODAT.KD,ER,2012,138440002.441406
DT.ODA.ODAT.KD,ER,2011,127529998.779297
DT.ODA.ODAT.KD,ER,2010,173029998.779297
DT.ODA.ODAT.KD,ER,2009,146000000
DT.ODA.ODAT.KD,ER,2008,117400001.525879
DT.ODA.ODAT.KD,ER,2007,134889999.389648
DT.ODA.ODAT.KD,ER,2006,146160003.662109
DT.ODA.ODAT.KD,ER,2005,442690002.441406
DT.ODA.ODAT.KD,ER,2004,345260009.765625
DT.ODA.ODAT.KD,ER,2003,441519989.013672
DT.ODA.ODAT.KD,ER,2002,358049987.792969
DT.ODA.ODAT.KD,ER,2001,479239990.234375
DT.ODA.ODAT.KD,ER,2000,293559997.558594
DT.ODA.ODAT.KD,ER,1999,233520004.272461
DT.ODA.ODAT.KD,ER,1998,253350006.103516
DT.ODA.ODAT.KD,ER,1997,184399993.896484
DT.ODA.ODAT.KD,ER,1996,228119995.117188
DT.ODA.ODAT.KD,ER,1995,213199996.948242
DT.ODA.ODAT.KD,ET,2019,5117689941.40625
DT.ODA.ODAT.KD,ET,2018,5317459960.9375
DT.ODA.ODAT.KD,ET,2017,4629129882.8125
DT.ODA.ODAT.KD,ET,2016,4662359863.28125
DT.ODA.ODAT.KD,ET,2015,3635459960.9375
DT.ODA.ODAT.KD,ET,2014,3679389892.57813
DT.ODA.ODAT.KD,ET,2013,4032840087.89063
DT.ODA.ODAT.KD,ET,2012,3418760009.76563
DT.ODA.ODAT.KD,ET,2011,3615429931.64063
DT.ODA.ODAT.KD,ET,2010,3799300048.82813
DT.ODA.ODAT.KD,ET,2009,3069139892.57813
DT.ODA.ODAT.KD,ET,2008,2974540039.0625
DT.ODA.ODAT.KD,ET,2007,2418750000
DT.ODA.ODAT.KD,ET,2006,2408520019.53125
DT.ODA.ODAT.KD,ET,2005,2420620117.1875
DT.ODA.ODAT.KD,ET,2004,2330800048.82813
DT.ODA.ODAT.KD,ET,2003,2254320068.35938
DT.ODA.ODAT.KD,ET,2002,2053000000
DT.ODA.ODAT.KD,ET,2001,1780010009.76563
DT.ODA.ODAT.KD,ET,2000,1101900024.41406
DT.ODA.ODAT.KD,ET,1999,975739990.234375
DT.ODA.ODAT.KD,ET,1998,1011669982.91016
DT.ODA.ODAT.KD,ET,1997,868049987.792969
DT.ODA.ODAT.KD,ET,1996,1120660034.17969
DT.ODA.ODAT.KD,ET,1995,1196900024.41406
DT.ODA.ODAT.KD,FM,2019,98319999.6948242
DT.ODA.ODAT.KD,FM,2018,105480003.356934
DT.ODA.ODAT.KD,FM,2017,107980003.356934
DT.ODA.ODAT.KD,FM,2016,56720001.2207031
DT.ODA.ODAT.KD,FM,2015,92300003.0517578
DT.ODA.ODAT.KD,FM,2014,132250000
DT.ODA.ODAT.KD,FM,2013,160649993.896484
DT.ODA.ODAT.KD,FM,2012,164259994.506836
DT.ODA.ODAT.KD,FM,2011,144020004.272461
DT.ODA.ODAT.KD,FM,2010,71540000.9155273
DT.ODA.ODAT.KD,FM,2009,147110000.610352
DT.ODA.ODAT.KD,FM,2008,111550003.051758
DT.ODA.ODAT.KD,FM,2007,140910003.662109
DT.ODA.ODAT.KD,FM,2006,138759994.506836
DT.ODA.ODAT.KD,FM,2005,139550003.051758
DT.ODA.ODAT.KD,FM,2004,117400001.525879
DT.ODA.ODAT.KD,FM,2003,158720001.220703
DT.ODA.ODAT.KD,FM,2002,159820007.324219
DT.ODA.ODAT.KD,FM,2001,198240005.493164
DT.ODA.ODAT.KD,FM,2000,143029998.779297
DT.ODA.ODAT.KD,FM,1999,156600006.103516
DT.ODA.ODAT.KD,FM,1998,112870002.746582
DT.ODA.ODAT.KD,FM,1997,127250000
DT.ODA.ODAT.KD,FM,1996,176759994.506836
DT.ODA.ODAT.KD,FM,1995,105339996.337891
DT.ODA.ODAT.KD,GH,2019,991859985.351563
DT.ODA.ODAT.KD,GH,2018,1147050048.82813
DT.ODA.ODAT.KD,GH,2017,1409150024.41406
DT.ODA.ODAT.KD,GH,2016,1503300048.82813
DT.ODA.ODAT.KD,GH,2015,2010489990.23438
DT.ODA.ODAT.KD,GH,2014,1145119995.11719
DT.ODA.ODAT.KD,GH,2013,1354650024.41406
DT.ODA.ODAT.KD,GH,2012,1857920043.94531
DT.ODA.ODAT.KD,GH,2011,1858819946.28906
DT.ODA.ODAT.KD,GH,2010,1821300048.82813
DT.ODA.ODAT.KD,GH,2009,1428030029.29688
DT.ODA.ODAT.KD,GH,2008,1056069946.28906
DT.ODA.ODAT.KD,GH,2007,978880004.882813
DT.ODA.ODAT.KD,GH,2006,1437959960.9375
DT.ODA.ODAT.KD,GH,2005,1381729980.46875
DT.ODA.ODAT.KD,GH,2004,1703209960.9375
DT.ODA.ODAT.KD,GH,2003,1330760009.76563
DT.ODA.ODAT.KD,GH,2002,1061709960.9375
DT.ODA.ODAT.KD,GH,2001,1040209960.9375
DT.ODA.ODAT.KD,GH,2000,881750000
DT.ODA.ODAT.KD,GH,1999,854030029.296875
DT.ODA.ODAT.KD,GH,1998,989710021.972656
DT.ODA.ODAT.KD,GH,1997,703349975.585938
DT.ODA.ODAT.KD,GH,1996,854469970.703125
DT.ODA.ODAT.KD,GH,1995,816419982.910156
DT.ODA.ODAT.KD,GN,2019,611650024.414063
DT.ODA.ODAT.KD,GN,2018,698299987.792969
DT.ODA.ODAT.KD,GN,2017,524739990.234375
DT.ODA.ODAT.KD,GN,2016,643219970.703125
DT.ODA.ODAT.KD,GN,2015,615840026.855469
DT.ODA.ODAT.KD,GN,2014,568849975.585938
DT.ODA.ODAT.KD,GN,2013,468390014.648438
DT.ODA.ODAT.KD,GN,2012,649750000
DT.ODA.ODAT.KD,GN,2011,201880004.882813
DT.ODA.ODAT.KD,GN,2010,232690002.441406
DT.ODA.ODAT.KD,GN,2009,250440002.441406
DT.ODA.ODAT.KD,GN,2008,325079986.572266
DT.ODA.ODAT.KD,GN,2007,222800003.051758
DT.ODA.ODAT.KD,GN,2006,205830001.831055
DT.ODA.ODAT.KD,GN,2005,237809997.558594
DT.ODA.ODAT.KD,GN,2004,341260009.765625
DT.ODA.ODAT.KD,GN,2003,339140014.648438
DT.ODA.ODAT.KD,GN,2002,391940002.441406
DT.ODA.ODAT.KD,GN,2001,463880004.882813
DT.ODA.ODAT.KD,GN,2000,236580001.831055
DT.ODA.ODAT.KD,GN,1999,351040008.544922
DT.ODA.ODAT.KD,GN,1998,520419982.910156
DT.ODA.ODAT.KD,GN,1997,563760009.765625
DT.ODA.ODAT.KD,GN,1996,403679992.675781
DT.ODA.ODAT.KD,GN,1995,524609985.351563
DT.ODA.ODAT.KD,GM,2019,208360000.610352
DT.ODA.ODAT.KD,GM,2018,250649993.896484
DT.ODA.ODAT.KD,GM,2017,319160003.662109
DT.ODA.ODAT.KD,GM,2016,104379997.253418
DT.ODA.ODAT.KD,GM,2015,122830001.831055
DT.ODA.ODAT.KD,GM,2014,100480003.356934
DT.ODA.ODAT.KD,GM,2013,113339996.337891
DT.ODA.ODAT.KD,GM,2012,141570007.324219
DT.ODA.ODAT.KD,GM,2011,132500000
DT.ODA.ODAT.KD,GM,2010,124980003.356934
DT.ODA.ODAT.KD,GM,2009,113919998.168945
DT.ODA.ODAT.KD,GM,2008,90739997.8637695
DT.ODA.ODAT.KD,GM,2007,99980003.3569336
DT.ODA.ODAT.KD,GM,2006,86779998.7792969
DT.ODA.ODAT.KD,GM,2005,72989997.8637695
DT.ODA.ODAT.KD,GM,2004,76160003.6621094
DT.ODA.ODAT.KD,GM,2003,83040000.9155273
DT.ODA.ODAT.KD,GM,2002,96110000.6103516
DT.ODA.ODAT.KD,GM,2001,83129997.253418
DT.ODA.ODAT.KD,GM,2000,76360000.6103516
DT.ODA.ODAT.KD,GM,1999,49869998.9318848
DT.ODA.ODAT.KD,GM,1998,58419998.1689453
DT.ODA.ODAT.KD,GM,1997,57930000.3051758
DT.ODA.ODAT.KD,GM,1996,50220001.2207031
DT.ODA.ODAT.KD,GM,1995,60959999.0844727
DT.ODA.ODAT.KD,GW,2019,122959999.084473
DT.ODA.ODAT.KD,GW,2018,164149993.896484
DT.ODA.ODAT.KD,GW,2017,126370002.746582
DT.ODA.ODAT.KD,GW,2016,223110000.610352
DT.ODA.ODAT.KD,GW,2015,109279998.779297
DT.ODA.ODAT.KD,GW,2014,110959999.084473
DT.ODA.ODAT.KD,GW,2013,107239997.86377
DT.ODA.ODAT.KD,GW,2012,83120002.746582
DT.ODA.ODAT.KD,GW,2011,116989997.86377
DT.ODA.ODAT.KD,GW,2010,132940002.441406
DT.ODA.ODAT.KD,GW,2009,134529998.779297
DT.ODA.ODAT.KD,GW,2008,115199996.948242
DT.ODA.ODAT.KD,GW,2007,115019996.643066
DT.ODA.ODAT.KD,GW,2006,103019996.643066
DT.ODA.ODAT.KD,GW,2005,80889999.3896484
DT.ODA.ODAT.KD,GW,2004,96300003.0517578
DT.ODA.ODAT.KD,GW,2003,198020004.272461
DT.ODA.ODAT.KD,GW,2002,98190002.4414063
DT.ODA.ODAT.KD,GW,2001,108019996.643066
DT.ODA.ODAT.KD,GW,2000,141080001.831055
DT.ODA.ODAT.KD,GW,1999,83010002.1362305
DT.ODA.ODAT.KD,GW,1998,142800003.051758
DT.ODA.ODAT.KD,GW,1997,186149993.896484
DT.ODA.ODAT.KD,GW,1996,251729995.727539
DT.ODA.ODAT.KD,GW,1995,155309997.558594
DT.ODA.ODAT.KD,HN,2019,488440002.441406
DT.ODA.ODAT.KD,HN,2018,712309997.558594
DT.ODA.ODAT.KD,HN,2017,491190002.441406
DT.ODA.ODAT.KD,HN,2016,469339996.337891
DT.ODA.ODAT.KD,HN,2015,614750000
DT.ODA.ODAT.KD,HN,2014,624890014.648438
DT.ODA.ODAT.KD,HN,2013,645500000
DT.ODA.ODAT.KD,HN,2012,584760009.765625
DT.ODA.ODAT.KD,HN,2011,363799987.792969
DT.ODA.ODAT.KD,HN,2010,507859985.351563
DT.ODA.ODAT.KD,HN,2009,400320007.324219
DT.ODA.ODAT.KD,HN,2008,424829986.572266
DT.ODA.ODAT.KD,HN,2007,392239990.234375
DT.ODA.ODAT.KD,HN,2006,596739990.234375
DT.ODA.ODAT.KD,HN,2005,766460021.972656
DT.ODA.ODAT.KD,HN,2004,674099975.585938
DT.ODA.ODAT.KD,HN,2003,428890014.648438
DT.ODA.ODAT.KD,HN,2002,554630004.882813
DT.ODA.ODAT.KD,HN,2001,868520019.53125
DT.ODA.ODAT.KD,HN,2000,616630004.882813
DT.ODA.ODAT.KD,HN,1999,1110310058.59375
DT.ODA.ODAT.KD,HN,1998,428230010.986328
DT.ODA.ODAT.KD,HN,1997,395420013.427734
DT.ODA.ODAT.KD,HN,1996,305470001.220703
DT.ODA.ODAT.KD,HN,1995,477899993.896484
DT.ODA.ODAT.KD,HT,2019,755799987.792969
DT.ODA.ODAT.KD,HT,2018,1093849975.58594
DT.ODA.ODAT.KD,HT,2017,1094989990.23438
DT.ODA.ODAT.KD,HT,2016,1221079956.05469
DT.ODA.ODAT.KD,HT,2015,1193910034.17969
DT.ODA.ODAT.KD,HT,2014,1131579956.05469
DT.ODA.ODAT.KD,HT,2013,1219880004.88281
DT.ODA.ODAT.KD,HT,2012,1359010009.76563
DT.ODA.ODAT.KD,HT,2011,1598530029.29688
DT.ODA.ODAT.KD,HT,2010,3184620117.1875
DT.ODA.ODAT.KD,HT,2009,1041540039.0625
DT.ODA.ODAT.KD,HT,2008,872380004.882813
DT.ODA.ODAT.KD,HT,2007,668630004.882813
DT.ODA.ODAT.KD,HT,2006,652340026.855469
DT.ODA.ODAT.KD,HT,2005,473209991.455078
DT.ODA.ODAT.KD,HT,2004,368880004.882813
DT.ODA.ODAT.KD,HT,2003,264709991.455078
DT.ODA.ODAT.KD,HT,2002,234910003.662109
DT.ODA.ODAT.KD,HT,2001,272049987.792969
DT.ODA.ODAT.KD,HT,2000,286019989.013672
DT.ODA.ODAT.KD,HT,1999,338160003.662109
DT.ODA.ODAT.KD,HT,1998,542729980.46875
DT.ODA.ODAT.KD,HT,1997,430929992.675781
DT.ODA.ODAT.KD,HT,1996,475570007.324219
DT.ODA.ODAT.KD,HT,1995,1004789978.02734
DT.ODA.ODAT.KD,IN,2019,2627189941.40625
DT.ODA.ODAT.KD,IN,2018,2557129882.8125
DT.ODA.ODAT.KD,IN,2017,3463409912.10938
DT.ODA.ODAT.KD,IN,2016,2929030029.29688
DT.ODA.ODAT.KD,IN,2015,3610699951.17188
DT.ODA.ODAT.KD,IN,2014,3005790039.0625
DT.ODA.ODAT.KD,IN,2013,2453169921.875
DT.ODA.ODAT.KD,IN,2012,1553260009.76563
DT.ODA.ODAT.KD,IN,2011,3112879882.8125
DT.ODA.ODAT.KD,IN,2010,2809929931.64063
DT.ODA.ODAT.KD,IN,2009,2031400024.41406
DT.ODA.ODAT.KD,IN,2008,1902790039.0625
DT.ODA.ODAT.KD,IN,2007,1269599975.58594
DT.ODA.ODAT.KD,IN,2006,1584229980.46875
DT.ODA.ODAT.KD,IN,2005,2186090087.89063
DT.ODA.ODAT.KD,IN,2004,967690002.441406
DT.ODA.ODAT.KD,IN,2003,753500000
DT.ODA.ODAT.KD,IN,2002,2412189941.40625
DT.ODA.ODAT.KD,IN,2001,2512449951.17188
DT.ODA.ODAT.KD,IN,2000,1887969970.70313
DT.ODA.ODAT.KD,IN,1999,1858810058.59375
DT.ODA.ODAT.KD,IN,1998,2173629882.8125
DT.ODA.ODAT.KD,IN,1997,2190889892.57813
DT.ODA.ODAT.KD,IN,1996,2348489990.23438
DT.ODA.ODAT.KD,IN,1995,2026719970.70313
DT.ODA.ODAT.KD,JO,2019,2918929931.64063
DT.ODA.ODAT.KD,JO,2018,2731659912.10938
DT.ODA.ODAT.KD,JO,2017,3323030029.29688
DT.ODA.ODAT.KD,JO,2016,3113909912.10938
DT.ODA.ODAT.KD,JO,2015,2439439941.40625
DT.ODA.ODAT.KD,JO,2014,2894139892.57813
DT.ODA.ODAT.KD,JO,2013,1504540039.0625
DT.ODA.ODAT.KD,JO,2012,1283599975.58594
DT.ODA.ODAT.KD,JO,2011,1101790039.0625
DT.ODA.ODAT.KD,JO,2010,1099920043.94531
DT.ODA.ODAT.KD,JO,2009,863539978.027344
DT.ODA.ODAT.KD,JO,2008,856109985.351563
DT.ODA.ODAT.KD,JO,2007,753969970.703125
DT.ODA.ODAT.KD,JO,2006,734669982.910156
DT.ODA.ODAT.KD,JO,2005,917229980.46875
DT.ODA.ODAT.KD,JO,2004,820890014.648438
DT.ODA.ODAT.KD,JO,2003,1864280029.29688
DT.ODA.ODAT.KD,JO,2002,869539978.027344
DT.ODA.ODAT.KD,JO,2001,707679992.675781
DT.ODA.ODAT.KD,JO,2000,820320007.324219
DT.ODA.ODAT.KD,JO,1999,628909973.144531
DT.ODA.ODAT.KD,JO,1998,611190002.441406
DT.ODA.ODAT.KD,JO,1997,641780029.296875
DT.ODA.ODAT.KD,JO,1996,645419982.910156
DT.ODA.ODAT.KD,JO,1995,651799987.792969
DT.ODA.ODAT.KD,KE,2019,3442129882.8125
DT.ODA.ODAT.KD,KE,2018,2675179931.64063
DT.ODA.ODAT.KD,KE,2017,2770600097.65625
DT.ODA.ODAT.KD,KE,2016,2481600097.65625
DT.ODA.ODAT.KD,KE,2015,2779469970.70313
DT.ODA.ODAT.KD,KE,2014,2776810058.59375
DT.ODA.ODAT.KD,KE,2013,3450909912.10938
DT.ODA.ODAT.KD,KE,2012,2827639892.57813
DT.ODA.ODAT.KD,KE,2011,2599510009.76563
DT.ODA.ODAT.KD,KE,2010,1814650024.41406
DT.ODA.ODAT.KD,KE,2009,1903380004.88281
DT.ODA.ODAT.KD,KE,2008,1358969970.70313
DT.ODA.ODAT.KD,KE,2007,1352410034.17969
DT.ODA.ODAT.KD,KE,2006,1115010009.76563
DT.ODA.ODAT.KD,KE,2005,914630004.882813
DT.ODA.ODAT.KD,KE,2004,810479980.46875
DT.ODA.ODAT.KD,KE,2003,716929992.675781
DT.ODA.ODAT.KD,KE,2002,595580017.089844
DT.ODA.ODAT.KD,KE,2001,757830017.089844
DT.ODA.ODAT.KD,KE,2000,763039978.027344
DT.ODA.ODAT.KD,KE,1999,437190002.441406
DT.ODA.ODAT.KD,KE,1998,601530029.296875
DT.ODA.ODAT.KD,KE,1997,636419982.910156
DT.ODA.ODAT.KD,KE,1996,772659973.144531
DT.ODA.ODAT.KD,KE,1995,877539978.027344
DT.ODA.ODAT.KD,KG,2019,466119995.117188
DT.ODA.ODAT.KD,KG,2018,448709991.455078
DT.ODA.ODAT.KD,KG,2017,487470001.220703
DT.ODA.ODAT.KD,KG,2016,576179992.675781
DT.ODA.ODAT.KD,KG,2015,824859985.351563
DT.ODA.ODAT.KD,KG,2014,563289978.027344
DT.ODA.ODAT.KD,KG,2013,476359985.351563
DT.ODA.ODAT.KD,KG,2012,431429992.675781
DT.ODA.ODAT.KD,KG,2011,410640014.648438
DT.ODA.ODAT.KD,KG,2010,359470001.220703
DT.ODA.ODAT.KD,KG,2009,247750000
DT.ODA.ODAT.KD,KG,2008,283200012.207031
DT.ODA.ODAT.KD,KG,2007,201179992.675781
DT.ODA.ODAT.KD,KG,2006,275230010.986328
DT.ODA.ODAT.KD,KG,2005,264010009.765625
DT.ODA.ODAT.KD,KG,2004,243490005.493164
DT.ODA.ODAT.KD,KG,2003,230460006.713867
DT.ODA.ODAT.KD,KG,2002,243419998.168945
DT.ODA.ODAT.KD,KG,2001,196279998.779297
DT.ODA.ODAT.KD,KG,2000,272440002.441406
DT.ODA.ODAT.KD,KG,1999,273649993.896484
DT.ODA.ODAT.KD,KG,1998,282119995.117188
DT.ODA.ODAT.KD,KG,1997,269250000
DT.ODA.ODAT.KD,KG,1996,263940002.441406
DT.ODA.ODAT.KD,KG,1995,298059997.558594
DT.ODA.ODAT.KD,KH,2019,1043290039.0625
DT.ODA.ODAT.KD,KH,2018,827750000
DT.ODA.ODAT.KD,KH,2017,933710021.972656
DT.ODA.ODAT.KD,KH,2016,811700012.207031
DT.ODA.ODAT.KD,KH,2015,769179992.675781
DT.ODA.ODAT.KD,KH,2014,812419982.910156
DT.ODA.ODAT.KD,KH,2013,807700012.207031
DT.ODA.ODAT.KD,KH,2012,783000000
DT.ODA.ODAT.KD,KH,2011,663650024.414063
DT.ODA.ODAT.KD,KH,2010,700950012.207031
DT.ODA.ODAT.KD,KH,2009,640559997.558594
DT.ODA.ODAT.KD,KH,2008,604690002.441406
DT.ODA.ODAT.KD,KH,2007,641919982.910156
DT.ODA.ODAT.KD,KH,2006,559359985.351563
DT.ODA.ODAT.KD,KH,2005,541210021.972656
DT.ODA.ODAT.KD,KH,2004,497880004.882813
DT.ODA.ODAT.KD,KH,2003,574940002.441406
DT.ODA.ODAT.KD,KH,2002,609570007.324219
DT.ODA.ODAT.KD,KH,2001,552489990.234375
DT.ODA.ODAT.KD,KH,2000,511269989.013672
DT.ODA.ODAT.KD,KH,1999,366549987.792969
DT.ODA.ODAT.KD,KH,1998,450350006.103516
DT.ODA.ODAT.KD,KH,1997,467779998.779297
DT.ODA.ODAT.KD,KH,1996,509920013.427734
DT.ODA.ODAT.KD,KH,1995,611830017.089844
DT.ODA.ODAT.KD,KI,2019,62310001.373291
DT.ODA.ODAT.KD,KI,2018,85500000
DT.ODA.ODAT.KD,KI,2017,84919998.1689453
DT.ODA.ODAT.KD,KI,2016,69690002.4414063
DT.ODA.ODAT.KD,KI,2015,75029998.7792969
DT.ODA.ODAT.KD,KI,2014,80000000
DT.ODA.ODAT.KD,KI,2013,61869998.9318848
DT.ODA.ODAT.KD,KI,2012,58270000.4577637
DT.ODA.ODAT.KD,KI,2011,58810001.373291
DT.ODA.ODAT.KD,KI,2010,24059999.4659424
DT.ODA.ODAT.KD,KI,2009,29180000.3051758
DT.ODA.ODAT.KD,KI,2008,29120000.8392334
DT.ODA.ODAT.KD,KI,2007,30899999.6185303
DT.ODA.ODAT.KD,KI,2006,31219999.3133545
DT.ODA.ODAT.KD,KI,2005,31969999.3133545
DT.ODA.ODAT.KD,KI,2004,20610000.6103516
DT.ODA.ODAT.KD,KI,2003,25209999.0844727
DT.ODA.ODAT.KD,KI,2002,33939998.626709
DT.ODA.ODAT.KD,KI,2001,22870000.8392334
DT.ODA.ODAT.KD,KI,2000,26930000.3051758
DT.ODA.ODAT.KD,KI,1999,29430000.3051758
DT.ODA.ODAT.KD,KI,1998,27729999.5422363
DT.ODA.ODAT.KD,KI,1997,22989999.7711182
DT.ODA.ODAT.KD,KI,1996,18549999.2370605
DT.ODA.ODAT.KD,KI,1995,20889999.3896484
DT.ODA.ODAT.KD,LA,2019,673280029.296875
DT.ODA.ODAT.KD,LA,2018,623030029.296875
DT.ODA.ODAT.KD,LA,2017,526650024.414063
DT.ODA.ODAT.KD,LA,2016,448019989.013672
DT.ODA.ODAT.KD,LA,2015,530340026.855469
DT.ODA.ODAT.KD,LA,2014,478559997.558594
DT.ODA.ODAT.KD,LA,2013,421980010.986328
DT.ODA.ODAT.KD,LA,2012,396820007.324219
DT.ODA.ODAT.KD,LA,2011,356510009.765625
DT.ODA.ODAT.KD,LA,2010,389910003.662109
DT.ODA.ODAT.KD,LA,2009,357890014.648438
DT.ODA.ODAT.KD,LA,2008,431950012.207031
DT.ODA.ODAT.KD,LA,2007,335510009.765625
DT.ODA.ODAT.KD,LA,2006,358160003.662109
DT.ODA.ODAT.KD,LA,2005,286839996.337891
DT.ODA.ODAT.KD,LA,2004,273880004.882813
DT.ODA.ODAT.KD,LA,2003,324980010.986328
DT.ODA.ODAT.KD,LA,2002,337679992.675781
DT.ODA.ODAT.KD,LA,2001,309929992.675781
DT.ODA.ODAT.KD,LA,2000,312190002.441406
DT.ODA.ODAT.KD,LA,1999,313339996.337891
DT.ODA.ODAT.KD,LA,1998,292899993.896484
DT.ODA.ODAT.KD,LA,1997,328410003.662109
DT.ODA.ODAT.KD,LA,1996,314250000
DT.ODA.ODAT.KD,LA,1995,279480010.986328
DT.ODA.ODAT.KD,LB,2019,1365760009.76563
DT.ODA.ODAT.KD,LB,2018,1533199951.17188
DT.ODA.ODAT.KD,LB,2017,1472930053.71094
DT.ODA.ODAT.KD,LB,2016,1308109985.35156
DT.ODA.ODAT.KD,LB,2015,1092619995.11719
DT.ODA.ODAT.KD,LB,2014,832159973.144531
DT.ODA.ODAT.KD,LB,2013,627710021.972656
DT.ODA.ODAT.KD,LB,2012,773919982.910156
DT.ODA.ODAT.KD,LB,2011,480869995.117188
DT.ODA.ODAT.KD,LB,2010,467130004.882813
DT.ODA.ODAT.KD,LB,2009,587719970.703125
DT.ODA.ODAT.KD,LB,2008,1087530029.29688
DT.ODA.ODAT.KD,LB,2007,1062400024.41406
DT.ODA.ODAT.KD,LB,2006,954700012.207031
DT.ODA.ODAT.KD,LB,2005,282540008.544922
DT.ODA.ODAT.KD,LB,2004,330510009.765625
DT.ODA.ODAT.KD,LB,2003,723109985.351563
DT.ODA.ODAT.KD,LB,2002,315899993.896484
DT.ODA.ODAT.KD,LB,2001,319230010.986328
DT.ODA.ODAT.KD,LB,2000,327459991.455078
DT.ODA.ODAT.KD,LB,1999,293019989.013672
DT.ODA.ODAT.KD,LB,1998,510040008.544922
DT.ODA.ODAT.KD,LB,1997,384769989.013672
DT.ODA.ODAT.KD,LB,1996,321859985.351563
DT.ODA.ODAT.KD,LB,1995,250009994.506836
DT.ODA.ODAT.KD,LR,2019,630780029.296875
DT.ODA.ODAT.KD,LR,2018,637450012.207031
DT.ODA.ODAT.KD,LR,2017,701789978.027344
DT.ODA.ODAT.KD,LR,2016,928179992.675781
DT.ODA.ODAT.KD,LR,2015,1242670043.94531
DT.ODA.ODAT.KD,LR,2014,776369995.117188
DT.ODA.ODAT.KD,LR,2013,555739990.234375
DT.ODA.ODAT.KD,LR,2012,597099975.585938
DT.ODA.ODAT.KD,LR,2011,774710021.972656
DT.ODA.ODAT.KD,LR,2010,1481119995.11719
DT.ODA.ODAT.KD,LR,2009,503429992.675781
DT.ODA.ODAT.KD,LR,2008,1329739990.23438
DT.ODA.ODAT.KD,LR,2007,333859985.351563
DT.ODA.ODAT.KD,LR,2006,314320007.324219
DT.ODA.ODAT.KD,LR,2005,280600006.103516
DT.ODA.ODAT.KD,LR,2004,280260009.765625
DT.ODA.ODAT.KD,LR,2003,149649993.896484
DT.ODA.ODAT.KD,LR,2002,86029998.7792969
DT.ODA.ODAT.KD,LR,2001,62360000.6103516
DT.ODA.ODAT.KD,LR,2000,106480003.356934
DT.ODA.ODAT.KD,LR,1999,142860000.610352
DT.ODA.ODAT.KD,LR,1998,112139999.389648
DT.ODA.ODAT.KD,LR,1997,114680000.305176
DT.ODA.ODAT.KD,LR,1996,233399993.896484
DT.ODA.ODAT.KD,LR,1995,166570007.324219
DT.ODA.ODAT.KD,LK,2019,207660003.662109
DT.ODA.ODAT.KD,LK,2018,-267630004.882813
DT.ODA.ODAT.KD,LK,2017,350519989.013672
DT.ODA.ODAT.KD,LK,2016,426920013.427734
DT.ODA.ODAT.KD,LK,2015,503250000
DT.ODA.ODAT.KD,LK,2014,491779998.779297
DT.ODA.ODAT.KD,LK,2013,400619995.117188
DT.ODA.ODAT.KD,LK,2012,450059997.558594
DT.ODA.ODAT.KD,LK,2011,564460021.972656
DT.ODA.ODAT.KD,LK,2010,555260009.765625
DT.ODA.ODAT.KD,LK,2009,489459991.455078
DT.ODA.ODAT.KD,LK,2008,558289978.027344
DT.ODA.ODAT.KD,LK,2007,467559997.558594
DT.ODA.ODAT.KD,LK,2006,783299987.792969
DT.ODA.ODAT.KD,LK,2005,1207390014.64844
DT.ODA.ODAT.KD,LK,2004,464750000
DT.ODA.ODAT.KD,LK,2003,663909973.144531
DT.ODA.ODAT.KD,LK,2002,346209991.455078
DT.ODA.ODAT.KD,LK,2001,343420013.427734
DT.ODA.ODAT.KD,LK,2000,259250000
DT.ODA.ODAT.KD,LK,1999,212779998.779297
DT.ODA.ODAT.KD,LK,1998,411660003.662109
DT.ODA.ODAT.KD,LK,1997,319450012.207031
DT.ODA.ODAT.KD,LK,1996,412510009.765625
DT.ODA.ODAT.KD,LK,1995,497200012.207031
DT.ODA.ODAT.KD,LS,2019,151160003.662109
DT.ODA.ODAT.KD,LS,2018,165009994.506836
DT.ODA.ODAT.KD,LS,2017,161660003.662109
DT.ODA.ODAT.KD,LS,2016,127489997.86377
DT.ODA.ODAT.KD,LS,2015,98569999.6948242
DT.ODA.ODAT.KD,LS,2014,113650001.525879
DT.ODA.ODAT.KD,LS,2013,350390014.648438
DT.ODA.ODAT.KD,LS,2012,304769989.013672
DT.ODA.ODAT.KD,LS,2011,271869995.117188
DT.ODA.ODAT.KD,LS,2010,279209991.455078
DT.ODA.ODAT.KD,LS,2009,119760002.13623
DT.ODA.ODAT.KD,LS,2008,126449996.948242
DT.ODA.ODAT.KD,LS,2007,126940002.441406
DT.ODA.ODAT.KD,LS,2006,81339996.3378906
DT.ODA.ODAT.KD,LS,2005,80040000.9155273
DT.ODA.ODAT.KD,LS,2004,116529998.779297
DT.ODA.ODAT.KD,LS,2003,105660003.662109
DT.ODA.ODAT.KD,LS,2002,119150001.525879
DT.ODA.ODAT.KD,LS,2001,90050003.0517578
DT.ODA.ODAT.KD,LS,2000,62970001.2207031
DT.ODA.ODAT.KD,LS,1999,47840000.1525879
DT.ODA.ODAT.KD,LS,1998,91500000
DT.ODA.ODAT.KD,LS,1997,135009994.506836
DT.ODA.ODAT.KD,LS,1996,139630004.882813
DT.ODA.ODAT.KD,LS,1995,155929992.675781
DT.ODA.ODAT.KD,MA,2019,830580017.089844
DT.ODA.ODAT.KD,MA,2018,872440002.441406
DT.ODA.ODAT.KD,MA,2017,2723540039.0625
DT.ODA.ODAT.KD,MA,2016,2375879882.8125
DT.ODA.ODAT.KD,MA,2015,1758290039.0625
DT.ODA.ODAT.KD,MA,2014,2240270019.53125
DT.ODA.ODAT.KD,MA,2013,2037040039.0625
DT.ODA.ODAT.KD,MA,2012,1520689941.40625
DT.ODA.ODAT.KD,MA,2011,1425130004.88281
DT.ODA.ODAT.KD,MA,2010,999239990.234375
DT.ODA.ODAT.KD,MA,2009,1037270019.53125
DT.ODA.ODAT.KD,MA,2008,1438439941.40625
DT.ODA.ODAT.KD,MA,2007,1280910034.17969
DT.ODA.ODAT.KD,MA,2006,1265790039.0625
DT.ODA.ODAT.KD,MA,2005,883900024.414063
DT.ODA.ODAT.KD,MA,2004,931049987.792969
DT.ODA.ODAT.KD,MA,2003,768049987.792969
DT.ODA.ODAT.KD,MA,2002,579140014.648438
DT.ODA.ODAT.KD,MA,2001,802900024.414063
DT.ODA.ODAT.KD,MA,2000,685929992.675781
DT.ODA.ODAT.KD,MA,1999,1018010009.76563
DT.ODA.ODAT.KD,MA,1998,785010009.765625
DT.ODA.ODAT.KD,MA,1997,692059997.558594
DT.ODA.ODAT.KD,MA,1996,848429992.675781
DT.ODA.ODAT.KD,MA,1995,658010009.765625
DT.ODA.ODAT.KD,MG,2019,795260009.765625
DT.ODA.ODAT.KD,MG,2018,805260009.765625
DT.ODA.ODAT.KD,MG,2017,867750000
DT.ODA.ODAT.KD,MG,2016,709419982.910156
DT.ODA.ODAT.KD,MG,2015,773049987.792969
DT.ODA.ODAT.KD,MG,2014,597799987.792969
DT.ODA.ODAT.KD,MG,2013,505809997.558594
DT.ODA.ODAT.KD,MG,2012,381579986.572266
DT.ODA.ODAT.KD,MG,2011,451459991.455078
DT.ODA.ODAT.KD,MG,2010,513429992.675781
DT.ODA.ODAT.KD,MG,2009,422880004.882813
DT.ODA.ODAT.KD,MG,2008,648719970.703125
DT.ODA.ODAT.KD,MG,2007,738460021.972656
DT.ODA.ODAT.KD,MG,2006,919919982.910156
DT.ODA.ODAT.KD,MG,2005,1098959960.9375
DT.ODA.ODAT.KD,MG,2004,1527709960.9375
DT.ODA.ODAT.KD,MG,2003,738969970.703125
DT.ODA.ODAT.KD,MG,2002,583679992.675781
DT.ODA.ODAT.KD,MG,2001,605159973.144531
DT.ODA.ODAT.KD,MG,2000,499579986.572266
DT.ODA.ODAT.KD,MG,1999,521409973.144531
DT.ODA.ODAT.KD,MG,1998,712719970.703125
DT.ODA.ODAT.KD,MG,1997,1236680053.71094
DT.ODA.ODAT.KD,MG,1996,464059997.558594
DT.ODA.ODAT.KD,MG,1995,387230010.986328
DT.ODA.ODAT.KD,ML,2019,1993609985.35156
DT.ODA.ODAT.KD,ML,2018,1674699951.17188
DT.ODA.ODAT.KD,ML,2017,1525660034.17969
DT.ODA.ODAT.KD,ML,2016,1387729980.46875
DT.ODA.ODAT.KD,ML,2015,1379829956.05469
DT.ODA.ODAT.KD,ML,2014,1254689941.40625
DT.ODA.ODAT.KD,ML,2013,1418390014.64844
DT.ODA.ODAT.KD,ML,2012,1071050048.82813
DT.ODA.ODAT.KD,ML,2011,1297770019.53125
DT.ODA.ODAT.KD,ML,2010,1173339965.82031
DT.ODA.ODAT.KD,ML,2009,874719970.703125
DT.ODA.ODAT.KD,ML,2008,868929992.675781
DT.ODA.ODAT.KD,ML,2007,932169982.910156
DT.ODA.ODAT.KD,ML,2006,1027160034.17969
DT.ODA.ODAT.KD,ML,2005,885940002.441406
DT.ODA.ODAT.KD,ML,2004,738070007.324219
DT.ODA.ODAT.KD,ML,2003,766789978.027344
DT.ODA.ODAT.KD,ML,2002,670059997.558594
DT.ODA.ODAT.KD,ML,2001,586309997.558594
DT.ODA.ODAT.KD,ML,2000,478619995.117188
DT.ODA.ODAT.KD,ML,1999,538239990.234375
DT.ODA.ODAT.KD,ML,1998,520479980.46875
DT.ODA.ODAT.KD,ML,1997,636190002.441406
DT.ODA.ODAT.KD,ML,1996,653989990.234375
DT.ODA.ODAT.KD,ML,1995,701950012.207031
DT.ODA.ODAT.KD,MM,2019,2171370117.1875
DT.ODA.ODAT.KD,MM,2018,1810119995.11719
DT.ODA.ODAT.KD,MM,2017,1691869995.11719
DT.ODA.ODAT.KD,MM,2016,1682619995.11719
DT.ODA.ODAT.KD,MM,2015,1303369995.11719
DT.ODA.ODAT.KD,MM,2014,1391329956.05469
DT.ODA.ODAT.KD,MM,2013,3756000000
DT.ODA.ODAT.KD,MM,2012,481420013.427734
DT.ODA.ODAT.KD,MM,2011,358600006.103516
DT.ODA.ODAT.KD,MM,2010,364260009.765625
DT.ODA.ODAT.KD,MM,2009,373700012.207031
DT.ODA.ODAT.KD,MM,2008,552429992.675781
DT.ODA.ODAT.KD,MM,2007,211500000
DT.ODA.ODAT.KD,MM,2006,168160003.662109
DT.ODA.ODAT.KD,MM,2005,172039993.286133
DT.ODA.ODAT.KD,MM,2004,150190002.441406
DT.ODA.ODAT.KD,MM,2003,159199996.948242
DT.ODA.ODAT.KD,MM,2002,164759994.506836
DT.ODA.ODAT.KD,MM,2001,166119995.117188
DT.ODA.ODAT.KD,MM,2000,133190002.441406
DT.ODA.ODAT.KD,MM,1999,104269996.643066
DT.ODA.ODAT.KD,MM,1998,108389999.389648
DT.ODA.ODAT.KD,MM,1997,81069999.6948242
DT.ODA.ODAT.KD,MM,1996,51659999.8474121
DT.ODA.ODAT.KD,MM,1995,148300003.051758
DT.ODA.ODAT.KD,MZ,2019,2010869995.11719
DT.ODA.ODAT.KD,MZ,2018,1953069946.28906
DT.ODA.ODAT.KD,MZ,2017,2003280029.29688
DT.ODA.ODAT.KD,MZ,2016,1736430053.71094
DT.ODA.ODAT.KD,MZ,2015,2064370117.1875
DT.ODA.ODAT.KD,MZ,2014,2154570068.35938
DT.ODA.ODAT.KD,MZ,2013,2390050048.82813
DT.ODA.ODAT.KD,MZ,2012,2158800048.82813
DT.ODA.ODAT.KD,MZ,2011,2100010009.76563
DT.ODA.ODAT.KD,MZ,2010,2073560058.59375
DT.ODA.ODAT.KD,MZ,2009,1918380004.88281
DT.ODA.ODAT.KD,MZ,2008,1750020019.53125
DT.ODA.ODAT.KD,MZ,2007,1623000000
DT.ODA.ODAT.KD,MZ,2006,1913739990.23438
DT.ODA.ODAT.KD,MZ,2005,1567099975.58594
DT.ODA.ODAT.KD,MZ,2004,1558839965.82031
DT.ODA.ODAT.KD,MZ,2003,1444739990.23438
DT.ODA.ODAT.KD,MZ,2002,3555659912.10938
DT.ODA.ODAT.KD,MZ,2001,1603729980.46875
DT.ODA.ODAT.KD,MZ,2000,1510729980.46875
DT.ODA.ODAT.KD,MZ,1999,1257750000
DT.ODA.ODAT.KD,MZ,1998,1605619995.11719
DT.ODA.ODAT.KD,MZ,1997,1445939941.40625
DT.ODA.ODAT.KD,MZ,1996,1253540039.0625
DT.ODA.ODAT.KD,MZ,1995,1473170043.94531
DT.ODA.ODAT.KD,MR,2019,433279998.779297
DT.ODA.ODAT.KD,MR,2018,479790008.544922
DT.ODA.ODAT.KD,MR,2017,325679992.675781
DT.ODA.ODAT.KD,MR,2016,349220001.220703
DT.ODA.ODAT.KD,MR,2015,370869995.117188
DT.ODA.ODAT.KD,MR,2014,262029998.779297
DT.ODA.ODAT.KD,MR,2013,296149993.896484
DT.ODA.ODAT.KD,MR,2012,421239990.234375
DT.ODA.ODAT.KD,MR,2011,375140014.648438
DT.ODA.ODAT.KD,MR,2010,390630004.882813
DT.ODA.ODAT.KD,MR,2009,348040008.544922
DT.ODA.ODAT.KD,MR,2008,416779998.779297
DT.ODA.ODAT.KD,MR,2007,291799987.792969
DT.ODA.ODAT.KD,MR,2006,252179992.675781
DT.ODA.ODAT.KD,MR,2005,226479995.727539
DT.ODA.ODAT.KD,MR,2004,237970001.220703
DT.ODA.ODAT.KD,MR,2003,347670013.427734
DT.ODA.ODAT.KD,MR,2002,580780029.296875
DT.ODA.ODAT.KD,MR,2001,465140014.648438
DT.ODA.ODAT.KD,MR,2000,349720001.220703
DT.ODA.ODAT.KD,MR,1999,322459991.455078
DT.ODA.ODAT.KD,MR,1998,239199996.948242
DT.ODA.ODAT.KD,MR,1997,337989990.234375
DT.ODA.ODAT.KD,MR,1996,354549987.792969
DT.ODA.ODAT.KD,MR,1995,275750000
DT.ODA.ODAT.KD,MW,2019,1273170043.94531
DT.ODA.ODAT.KD,MW,2018,1376199951.17188
DT.ODA.ODAT.KD,MW,2017,1701280029.29688
DT.ODA.ODAT.KD,MW,2016,1417589965.82031
DT.ODA.ODAT.KD,MW,2015,1184380004.88281
DT.ODA.ODAT.KD,MW,2014,952000000
DT.ODA.ODAT.KD,MW,2013,1158689941.40625
DT.ODA.ODAT.KD,MW,2012,1212010009.76563
DT.ODA.ODAT.KD,MW,2011,816099975.585938
DT.ODA.ODAT.KD,MW,2010,1080790039.0625
DT.ODA.ODAT.KD,MW,2009,750109985.351563
DT.ODA.ODAT.KD,MW,2008,891979980.46875
DT.ODA.ODAT.KD,MW,2007,705880004.882813
DT.ODA.ODAT.KD,MW,2006,826940002.441406
DT.ODA.ODAT.KD,MW,2005,685359985.351563
DT.ODA.ODAT.KD,MW,2004,620900024.414063
DT.ODA.ODAT.KD,MW,2003,699030029.296875
DT.ODA.ODAT.KD,MW,2002,588000000
DT.ODA.ODAT.KD,MW,2001,668750000
DT.ODA.ODAT.KD,MW,2000,683229980.46875
DT.ODA.ODAT.KD,MW,1999,657460021.972656
DT.ODA.ODAT.KD,MW,1998,636159973.144531
DT.ODA.ODAT.KD,MW,1997,495880004.882813
DT.ODA.ODAT.KD,MW,1996,658150024.414063
DT.ODA.ODAT.KD,MW,1995,579010009.765625
DT.ODA.ODAT.KD,NE,2019,1576530029.29688
DT.ODA.ODAT.KD,NE,2018,1402219970.70313
DT.ODA.ODAT.KD,NE,2017,1369250000
DT.ODA.ODAT.KD,NE,2016,1089420043.94531
DT.ODA.ODAT.KD,NE,2015,994000000
DT.ODA.ODAT.KD,NE,2014,929609985.351563
DT.ODA.ODAT.KD,NE,2013,807229980.46875
DT.ODA.ODAT.KD,NE,2012,926880004.882813
DT.ODA.ODAT.KD,NE,2011,651000000
DT.ODA.ODAT.KD,NE,2010,790000000
DT.ODA.ODAT.KD,NE,2009,447690002.441406
DT.ODA.ODAT.KD,NE,2008,561909973.144531
DT.ODA.ODAT.KD,NE,2007,506070007.324219
DT.ODA.ODAT.KD,NE,2006,640210021.972656
DT.ODA.ODAT.KD,NE,2005,634359985.351563
DT.ODA.ODAT.KD,NE,2004,673390014.648438
DT.ODA.ODAT.KD,NE,2003,651659973.144531
DT.ODA.ODAT.KD,NE,2002,467160003.662109
DT.ODA.ODAT.KD,NE,2001,433709991.455078
DT.ODA.ODAT.KD,NE,2000,334839996.337891
DT.ODA.ODAT.KD,NE,1999,280649993.896484
DT.ODA.ODAT.KD,NE,1998,435079986.572266
DT.ODA.ODAT.KD,NE,1997,490600006.103516
DT.ODA.ODAT.KD,NE,1996,340369995.117188
DT.ODA.ODAT.KD,NE,1995,364239990.234375
DT.ODA.ODAT.KD,NG,2019,3585060058.59375
DT.ODA.ODAT.KD,NG,2018,3565310058.59375
DT.ODA.ODAT.KD,NG,2017,3781469970.70313
DT.ODA.ODAT.KD,NG,2016,2851350097.65625
DT.ODA.ODAT.KD,NG,2015,2722270019.53125
DT.ODA.ODAT.KD,NG,2014,2557739990.23438
DT.ODA.ODAT.KD,NG,2013,2642810058.59375
DT.ODA.ODAT.KD,NG,2012,2029260009.76563
DT.ODA.ODAT.KD,NG,2011,1899670043.94531
DT.ODA.ODAT.KD,NG,2010,2266399902.34375
DT.ODA.ODAT.KD,NG,2009,1302959960.9375
DT.ODA.ODAT.KD,NG,2008,1055109985.35156
DT.ODA.ODAT.KD,NG,2007,1768719970.70313
DT.ODA.ODAT.KD,NG,2006,12741509765.625
DT.ODA.ODAT.KD,NG,2005,7352540039.0625
DT.ODA.ODAT.KD,NG,2004,718219970.703125
DT.ODA.ODAT.KD,NG,2003,426040008.544922
DT.ODA.ODAT.KD,NG,2002,454910003.662109
DT.ODA.ODAT.KD,NG,2001,265940002.441406
DT.ODA.ODAT.KD,NG,2000,263730010.986328
DT.ODA.ODAT.KD,NG,1999,220350006.103516
DT.ODA.ODAT.KD,NG,1998,302209991.455078
DT.ODA.ODAT.KD,NG,1997,290880004.882813
DT.ODA.ODAT.KD,NG,1996,259410003.662109
DT.ODA.ODAT.KD,NG,1995,269100006.103516
DT.ODA.ODAT.KD,NI,2019,421510009.765625
DT.ODA.ODAT.KD,NI,2018,375250000
DT.ODA.ODAT.KD,NI,2017,623080017.089844
DT.ODA.ODAT.KD,NI,2016,488700012.207031
DT.ODA.ODAT.KD,NI,2015,520719970.703125
DT.ODA.ODAT.KD,NI,2014,436000000
DT.ODA.ODAT.KD,NI,2013,493480010.986328
DT.ODA.ODAT.KD,NI,2012,541119995.117188
DT.ODA.ODAT.KD,NI,2011,520859985.351563
DT.ODA.ODAT.KD,NI,2010,533580017.089844
DT.ODA.ODAT.KD,NI,2009,625030029.296875
DT.ODA.ODAT.KD,NI,2008,651989990.234375
DT.ODA.ODAT.KD,NI,2007,730919982.910156
DT.ODA.ODAT.KD,NI,2006,739380004.882813
DT.ODA.ODAT.KD,NI,2005,799330017.089844
DT.ODA.ODAT.KD,NI,2004,1365339965.82031
DT.ODA.ODAT.KD,NI,2003,1011940002.44141
DT.ODA.ODAT.KD,NI,2002,655070007.324219
DT.ODA.ODAT.KD,NI,2001,1418449951.17188
DT.ODA.ODAT.KD,NI,2000,778039978.027344
DT.ODA.ODAT.KD,NI,1999,897520019.53125
DT.ODA.ODAT.KD,NI,1998,772919982.910156
DT.ODA.ODAT.KD,NI,1997,525309997.558594
DT.ODA.ODAT.KD,NI,1996,1155550048.82813
DT.ODA.ODAT.KD,NI,1995,743739990.234375
DT.ODA.ODAT.KD,NP,2019,1449380004.88281
DT.ODA.ODAT.KD,NP,2018,1558819946.28906
DT.ODA.ODAT.KD,NP,2017,1418469970.70313
DT.ODA.ODAT.KD,NP,2016,1208089965.82031
DT.ODA.ODAT.KD,NP,2015,1379770019.53125
DT.ODA.ODAT.KD,NP,2014,887489990.234375
DT.ODA.ODAT.KD,NP,2013,887849975.585938
DT.ODA.ODAT.KD,NP,2012,781020019.53125
DT.ODA.ODAT.KD,NP,2011,739400024.414063
DT.ODA.ODAT.KD,NP,2010,806599975.585938
DT.ODA.ODAT.KD,NP,2009,635239990.234375
DT.ODA.ODAT.KD,NP,2008,572340026.855469
DT.ODA.ODAT.KD,NP,2007,540190002.441406
DT.ODA.ODAT.KD,NP,2006,529780029.296875
DT.ODA.ODAT.KD,NP,2005,485609985.351563
DT.ODA.ODAT.KD,NP,2004,523909973.144531
DT.ODA.ODAT.KD,NP,2003,605969970.703125
DT.ODA.ODAT.KD,NP,2002,486709991.455078
DT.ODA.ODAT.KD,NP,2001,538679992.675781
DT.ODA.ODAT.KD,NP,2000,445140014.648438
DT.ODA.ODAT.KD,NP,1999,415929992.675781
DT.ODA.ODAT.KD,NP,1998,450670013.427734
DT.ODA.ODAT.KD,NP,1997,436119995.117188
DT.ODA.ODAT.KD,NP,1996,426269989.013672
DT.ODA.ODAT.KD,NP,1995,448100006.103516
DT.ODA.ODAT.KD,PK,2019,2221939941.40625
DT.ODA.ODAT.KD,PK,2018,1517449951.17188
DT.ODA.ODAT.KD,PK,2017,2677489990.23438
DT.ODA.ODAT.KD,PK,2016,3355060058.59375
DT.ODA.ODAT.KD,PK,2015,4221149902.34375
DT.ODA.ODAT.KD,PK,2014,3719959960.9375
DT.ODA.ODAT.KD,PK,2013,2276739990.23438
DT.ODA.ODAT.KD,PK,2012,2089310058.59375
DT.ODA.ODAT.KD,PK,2011,3756679931.64063
DT.ODA.ODAT.KD,PK,2010,3199719970.70313
DT.ODA.ODAT.KD,PK,2009,1554199951.17188
DT.ODA.ODAT.KD,PK,2008,1120359985.35156
DT.ODA.ODAT.KD,PK,2007,1235290039.0625
DT.ODA.ODAT.KD,PK,2006,2415689941.40625
DT.ODA.ODAT.KD,PK,2005,1771650024.41406
DT.ODA.ODAT.KD,PK,2004,1618510009.76563
DT.ODA.ODAT.KD,PK,2003,1324780029.29688
DT.ODA.ODAT.KD,PK,2002,2852820068.35938
DT.ODA.ODAT.KD,PK,2001,2670560058.59375
DT.ODA.ODAT.KD,PK,2000,694080017.089844
DT.ODA.ODAT.KD,PK,1999,833530029.296875
DT.ODA.ODAT.KD,PK,1998,1021780029.29688
DT.ODA.ODAT.KD,PK,1997,948309997.558594
DT.ODA.ODAT.KD,PK,1996,788190002.441406
DT.ODA.ODAT.KD,PK,1995,514469970.703125
DT.ODA.ODAT.KD,PH,2019,917809997.558594
DT.ODA.ODAT.KD,PH,2018,579690002.441406
DT.ODA.ODAT.KD,PH,2017,187380004.882813
DT.ODA.ODAT.KD,PH,2016,350630004.882813
DT.ODA.ODAT.KD,PH,2015,585640014.648438
DT.ODA.ODAT.KD,PH,2014,700909973.144531
DT.ODA.ODAT.KD,PH,2013,227509994.506836
DT.ODA.ODAT.KD,PH,2012,102540000.915527
DT.ODA.ODAT.KD,PH,2011,10380000.1144409
DT.ODA.ODAT.KD,PH,2010,642960021.972656
DT.ODA.ODAT.KD,PH,2009,415269989.013672
DT.ODA.ODAT.KD,PH,2008,139369995.117188
DT.ODA.ODAT.KD,PH,2007,713309997.558594
DT.ODA.ODAT.KD,PH,2006,694309997.558594
DT.ODA.ODAT.KD,PH,2005,675989990.234375
DT.ODA.ODAT.KD,PH,2004,548400024.414063
DT.ODA.ODAT.KD,PH,2003,829210021.972656
DT.ODA.ODAT.KD,PH,2002,739780029.296875
DT.ODA.ODAT.KD,PH,2001,759299987.792969
DT.ODA.ODAT.KD,PH,2000,712349975.585938
DT.ODA.ODAT.KD,PH,1999,799369995.117188
DT.ODA.ODAT.KD,PH,1998,805710021.972656
DT.ODA.ODAT.KD,PH,1997,805150024.414063
DT.ODA.ODAT.KD,PH,1996,1010460021.97266
DT.ODA.ODAT.KD,PH,1995,984799987.792969
DT.ODA.ODAT.KD,PG,2019,729049987.792969
DT.ODA.ODAT.KD,PG,2018,859250000
DT.ODA.ODAT.KD,PG,2017,586359985.351563
DT.ODA.ODAT.KD,PG,2016,611890014.648438
DT.ODA.ODAT.KD,PG,2015,688450012.207031
DT.ODA.ODAT.KD,PG,2014,572450012.207031
DT.ODA.ODAT.KD,PG,2013,620520019.53125
DT.ODA.ODAT.KD,PG,2012,607659973.144531
DT.ODA.ODAT.KD,PG,2011,543140014.648438
DT.ODA.ODAT.KD,PG,2010,523489990.234375
DT.ODA.ODAT.KD,PG,2009,481440002.441406
DT.ODA.ODAT.KD,PG,2008,379149993.896484
DT.ODA.ODAT.KD,PG,2007,407709991.455078
DT.ODA.ODAT.KD,PG,2006,393190002.441406
DT.ODA.ODAT.KD,PG,2005,396179992.675781
DT.ODA.ODAT.KD,PG,2004,423100006.103516
DT.ODA.ODAT.KD,PG,2003,423329986.572266
DT.ODA.ODAT.KD,PG,2002,463649993.896484
DT.ODA.ODAT.KD,PG,2001,472489990.234375
DT.ODA.ODAT.KD,PG,2000,555580017.089844
DT.ODA.ODAT.KD,PG,1999,412519989.013672
DT.ODA.ODAT.KD,PG,1998,719549987.792969
DT.ODA.ODAT.KD,PG,1997,586049987.792969
DT.ODA.ODAT.KD,PG,1996,595770019.53125
DT.ODA.ODAT.KD,PG,1995,616659973.144531
DT.ODA.ODAT.KD,KP,2019,137949996.948242
DT.ODA.ODAT.KD,KP,2018,124080001.831055
DT.ODA.ODAT.KD,KP,2017,138490005.493164
DT.ODA.ODAT.KD,KP,2016,134940002.441406
DT.ODA.ODAT.KD,KP,2015,146479995.727539
DT.ODA.ODAT.KD,KP,2014,139309997.558594
DT.ODA.ODAT.KD,KP,2013,99730003.3569336
DT.ODA.ODAT.KD,KP,2012,94449996.9482422
DT.ODA.ODAT.KD,KP,2011,111730003.356934
DT.ODA.ODAT.KD,KP,2010,84569999.6948242
DT.ODA.ODAT.KD,KP,2009,72879997.253418
DT.ODA.ODAT.KD,KP,2008,244399993.896484
DT.ODA.ODAT.KD,KP,2007,115010002.13623
DT.ODA.ODAT.KD,KP,2006,66919998.1689453
DT.ODA.ODAT.KD,KP,2005,109930000.305176
DT.ODA.ODAT.KD,KP,2004,212330001.831055
DT.ODA.ODAT.KD,KP,2003,186389999.389648
DT.ODA.ODAT.KD,KP,2002,414950012.207031
DT.ODA.ODAT.KD,KP,2001,211229995.727539
DT.ODA.ODAT.KD,KP,2000,129570007.324219
DT.ODA.ODAT.KD,KP,1999,315880004.882813
DT.ODA.ODAT.KD,KP,1998,165720001.220703
DT.ODA.ODAT.KD,KP,1997,141479995.727539
DT.ODA.ODAT.KD,KP,1996,36290000.9155273
DT.ODA.ODAT.KD,KP,1995,17450000.7629395
DT.ODA.ODAT.KD,PS,2019,2520639892.57813
DT.ODA.ODAT.KD,PS,2018,2461540039.0625
DT.ODA.ODAT.KD,PS,2017,2396459960.9375
DT.ODA.ODAT.KD,PS,2016,2731429931.64063
DT.ODA.ODAT.KD,PS,2015,2130229980.46875
DT.ODA.ODAT.KD,PS,2014,2526479980.46875
DT.ODA.ODAT.KD,PS,2013,2724459960.9375
DT.ODA.ODAT.KD,PS,2012,2054729980.46875
DT.ODA.ODAT.KD,PS,2011,2502209960.9375
DT.ODA.ODAT.KD,PS,2010,2727439941.40625
DT.ODA.ODAT.KD,PS,2009,2833889892.57813
DT.ODA.ODAT.KD,PS,2008,2561610107.42188
DT.ODA.ODAT.KD,PS,2007,1853760009.76563
DT.ODA.ODAT.KD,PS,2006,1599910034.17969
DT.ODA.ODAT.KD,PS,2005,1252339965.82031
DT.ODA.ODAT.KD,PS,2004,1487479980.46875
DT.ODA.ODAT.KD,PS,2003,1444219970.70313
DT.ODA.ODAT.KD,PS,2002,1542310058.59375
DT.ODA.ODAT.KD,PS,2001,1629859985.35156
DT.ODA.ODAT.KD,PS,2000,1065310058.59375
DT.ODA.ODAT.KD,PS,1999,861080017.089844
DT.ODA.ODAT.KD,PS,1998,935909973.144531
DT.ODA.ODAT.KD,PS,1997,920960021.972656
DT.ODA.ODAT.KD,PS,1996,785880004.882813
DT.ODA.ODAT.KD,PS,1995,702830017.089844
DT.ODA.ODAT.KD,RW,2019,1272099975.58594
DT.ODA.ODAT.KD,RW,2018,1201829956.05469
DT.ODA.ODAT.KD,RW,2017,1378729980.46875
DT.ODA.ODAT.KD,RW,2016,1312949951.17188
DT.ODA.ODAT.KD,RW,2015,1224920043.94531
DT.ODA.ODAT.KD,RW,2014,1062680053.71094
DT.ODA.ODAT.KD,RW,2013,1122449951.17188
DT.ODA.ODAT.KD,RW,2012,926710021.972656
DT.ODA.ODAT.KD,RW,2011,1300500000
DT.ODA.ODAT.KD,RW,2010,1119729980.46875
DT.ODA.ODAT.KD,RW,2009,887770019.53125
DT.ODA.ODAT.KD,RW,2008,828070007.324219
DT.ODA.ODAT.KD,RW,2007,668369995.117188
DT.ODA.ODAT.KD,RW,2006,707090026.855469
DT.ODA.ODAT.KD,RW,2005,690989990.234375
DT.ODA.ODAT.KD,RW,2004,611789978.027344
DT.ODA.ODAT.KD,RW,2003,464760009.765625
DT.ODA.ODAT.KD,RW,2002,564890014.648438
DT.ODA.ODAT.KD,RW,2001,505350006.103516
DT.ODA.ODAT.KD,RW,2000,521750000
DT.ODA.ODAT.KD,RW,1999,563900024.414063
DT.ODA.ODAT.KD,RW,1998,535179992.675781
DT.ODA.ODAT.KD,RW,1997,362630004.882813
DT.ODA.ODAT.KD,RW,1996,663700012.207031
DT.ODA.ODAT.KD,RW,1995,965869995.117188
DT.ODA.ODAT.KD,SD,2019,1677060058.59375
DT.ODA.ODAT.KD,SD,2018,1037780029.29688
DT.ODA.ODAT.KD,SD,2017,965469970.703125
DT.ODA.ODAT.KD,SD,2016,915510009.765625
DT.ODA.ODAT.KD,SD,2015,1084449951.17188
DT.ODA.ODAT.KD,SD,2014,904400024.414063
DT.ODA.ODAT.KD,SD,2013,1620359985.35156
DT.ODA.ODAT.KD,SD,2012,1420150024.41406
DT.ODA.ODAT.KD,SD,2011,1826969970.70313
DT.ODA.ODAT.KD,SD,2010,2216189941.40625
DT.ODA.ODAT.KD,SD,2009,2637520019.53125
DT.ODA.ODAT.KD,SD,2008,2767110107.42188
DT.ODA.ODAT.KD,SD,2007,2369000000
DT.ODA.ODAT.KD,SD,2006,2469260009.76563
DT.ODA.ODAT.KD,SD,2005,2305649902.34375
DT.ODA.ODAT.KD,SD,2004,1294479980.46875
DT.ODA.ODAT.KD,SD,2003,865460021.972656
DT.ODA.ODAT.KD,SD,2002,478209991.455078
DT.ODA.ODAT.KD,SD,2001,328079986.572266
DT.ODA.ODAT.KD,SD,2000,367649993.896484
DT.ODA.ODAT.KD,SD,1999,387450012.207031
DT.ODA.ODAT.KD,SD,1998,334399993.896484
DT.ODA.ODAT.KD,SD,1997,215710006.713867
DT.ODA.ODAT.KD,SD,1996,301660003.662109
DT.ODA.ODAT.KD,SD,1995,316660003.662109
DT.ODA.ODAT.KD,SN,2019,1569750000
DT.ODA.ODAT.KD,SN,2018,1069660034.17969
DT.ODA.ODAT.KD,SN,2017,1005700012.20703
DT.ODA.ODAT.KD,SN,2016,835070007.324219
DT.ODA.ODAT.KD,SN,2015,992109985.351563
DT.ODA.ODAT.KD,SN,2014,1144969970.70313
DT.ODA.ODAT.KD,SN,2013,1025859985.35156
DT.ODA.ODAT.KD,SN,2012,1105989990.23438
DT.ODA.ODAT.KD,SN,2011,1045479980.46875
DT.ODA.ODAT.KD,SN,2010,987159973.144531
DT.ODA.ODAT.KD,SN,2009,920700012.207031
DT.ODA.ODAT.KD,SN,2008,946200012.207031
DT.ODA.ODAT.KD,SN,2007,782140014.648438
DT.ODA.ODAT.KD,SN,2006,1013169982.91016
DT.ODA.ODAT.KD,SN,2005,842789978.027344
DT.ODA.ODAT.KD,SN,2004,1295410034.17969
DT.ODA.ODAT.KD,SN,2003,622039978.027344
DT.ODA.ODAT.KD,SN,2002,694460021.972656
DT.ODA.ODAT.KD,SN,2001,696690002.441406
DT.ODA.ODAT.KD,SN,2000,689190002.441406
DT.ODA.ODAT.KD,SN,1999,796359985.351563
DT.ODA.ODAT.KD,SN,1998,741869995.117188
DT.ODA.ODAT.KD,SN,1997,625140014.648438
DT.ODA.ODAT.KD,SN,1996,764650024.414063
DT.ODA.ODAT.KD,SN,1995,823489990.234375
DT.ODA.ODAT.KD,SB,2019,250809997.558594
DT.ODA.ODAT.KD,SB,2018,212309997.558594
DT.ODA.ODAT.KD,SB,2017,204759994.506836
DT.ODA.ODAT.KD,SB,2016,201100006.103516
DT.ODA.ODAT.KD,SB,2015,220580001.831055
DT.ODA.ODAT.KD,SB,2014,196389999.389648
DT.ODA.ODAT.KD,SB,2013,271910003.662109
DT.ODA.ODAT.KD,SB,2012,273029998.779297
DT.ODA.ODAT.KD,SB,2011,287750000
DT.ODA.ODAT.KD,SB,2010,339769989.013672
DT.ODA.ODAT.KD,SB,2009,259480010.986328
DT.ODA.ODAT.KD,SB,2008,265690002.441406
DT.ODA.ODAT.KD,SB,2007,293980010.986328
DT.ODA.ODAT.KD,SB,2006,278320007.324219
DT.ODA.ODAT.KD,SB,2005,278510009.765625
DT.ODA.ODAT.KD,SB,2004,193160003.662109
DT.ODA.ODAT.KD,SB,2003,132199996.948242
DT.ODA.ODAT.KD,SB,2002,60659999.8474121
DT.ODA.ODAT.KD,SB,2001,127239997.86377
DT.ODA.ODAT.KD,SB,2000,130889999.389648
DT.ODA.ODAT.KD,SB,1999,64440002.4414063
DT.ODA.ODAT.KD,SB,1998,47889999.3896484
DT.ODA.ODAT.KD,SB,1997,56840000.1525879
DT.ODA.ODAT.KD,SB,1996,55279998.7792969
DT.ODA.ODAT.KD,SB,1995,62560001.373291
DT.ODA.ODAT.KD,SL,2019,620460021.972656
DT.ODA.ODAT.KD,SL,2018,548460021.972656
DT.ODA.ODAT.KD,SL,2017,612750000
DT.ODA.ODAT.KD,SL,2016,790070007.324219
DT.ODA.ODAT.KD,SL,2015,1042670043.94531
DT.ODA.ODAT.KD,SL,2014,907369995.117188
DT.ODA.ODAT.KD,SL,2013,455390014.648438
DT.ODA.ODAT.KD,SL,2012,453010009.765625
DT.ODA.ODAT.KD,SL,2011,423529998.779297
DT.ODA.ODAT.KD,SL,2010,488899993.896484
DT.ODA.ODAT.KD,SL,2009,428410003.662109
DT.ODA.ODAT.KD,SL,2008,331220001.220703
DT.ODA.ODAT.KD,SL,2007,536340026.855469
DT.ODA.ODAT.KD,SL,2006,432269989.013672
DT.ODA.ODAT.KD,SL,2005,404679992.675781
DT.ODA.ODAT.KD,SL,2004,461559997.558594
DT.ODA.ODAT.KD,SL,2003,459660003.662109
DT.ODA.ODAT.KD,SL,2002,595950012.207031
DT.ODA.ODAT.KD,SL,2001,555039978.027344
DT.ODA.ODAT.KD,SL,2000,284950012.207031
DT.ODA.ODAT.KD,SL,1999,114970001.220703
DT.ODA.ODAT.KD,SL,1998,160919998.168945
DT.ODA.ODAT.KD,SL,1997,177970001.220703
DT.ODA.ODAT.KD,SL,1996,253970001.220703
DT.ODA.ODAT.KD,SL,1995,281529998.779297
DT.ODA.ODAT.KD,SO,2019,1886410034.17969
DT.ODA.ODAT.KD,SO,2018,1697349975.58594
DT.ODA.ODAT.KD,SO,2017,1975560058.59375
DT.ODA.ODAT.KD,SO,2016,1331989990.23438
DT.ODA.ODAT.KD,SO,2015,1289250000
DT.ODA.ODAT.KD,SO,2014,1089199951.17188
DT.ODA.ODAT.KD,SO,2013,1031770019.53125
DT.ODA.ODAT.KD,SO,2012,989099975.585938
DT.ODA.ODAT.KD,SO,2011,1043760009.76563
DT.ODA.ODAT.KD,SO,2010,533070007.324219
DT.ODA.ODAT.KD,SO,2009,716630004.882813
DT.ODA.ODAT.KD,SO,2008,813880004.882813
DT.ODA.ODAT.KD,SO,2007,424480010.986328
DT.ODA.ODAT.KD,SO,2006,467959991.455078
DT.ODA.ODAT.KD,SO,2005,295970001.220703
DT.ODA.ODAT.KD,SO,2004,257329986.572266
DT.ODA.ODAT.KD,SO,2003,251710006.713867
DT.ODA.ODAT.KD,SO,2002,248910003.662109
DT.ODA.ODAT.KD,SO,2001,258049987.792969
DT.ODA.ODAT.KD,SO,2000,178610000.610352
DT.ODA.ODAT.KD,SO,1999,185020004.272461
DT.ODA.ODAT.KD,SO,1998,128660003.662109
DT.ODA.ODAT.KD,SO,1997,127330001.831055
DT.ODA.ODAT.KD,SO,1996,123269996.643066
DT.ODA.ODAT.KD,SO,1995,272940002.441406
DT.ODA.ODAT.KD,SS,2019,1837719970.70313
DT.ODA.ODAT.KD,SS,2018,1705160034.17969
DT.ODA.ODAT.KD,SS,2017,2451370117.1875
DT.ODA.ODAT.KD,SS,2016,1817050048.82813
DT.ODA.ODAT.KD,SS,2015,1879689941.40625
DT.ODA.ODAT.KD,SS,2014,2055520019.53125
DT.ODA.ODAT.KD,SS,2013,1445530029.29688
DT.ODA.ODAT.KD,SS,2012,1238000000
DT.ODA.ODAT.KD,SS,2011,430100006.103516
DT.ODA.ODAT.KD,SS,2010,None
DT.ODA.ODAT.KD,SS,2009,None
DT.ODA.ODAT.KD,SS,2008,None
DT.ODA.ODAT.KD,SS,2007,None
DT.ODA.ODAT.KD,SS,2006,None
DT.ODA.ODAT.KD,SS,2005,None
DT.ODA.ODAT.KD,SS,2004,None
DT.ODA.ODAT.KD,SS,2003,None
DT.ODA.ODAT.KD,SS,2002,None
DT.ODA.ODAT.KD,SS,2001,None
DT.ODA.ODAT.KD,SS,2000,None
DT.ODA.ODAT.KD,SS,1999,None
DT.ODA.ODAT.KD,SS,1998,None
DT.ODA.ODAT.KD,SS,1997,None
DT.ODA.ODAT.KD,SS,1996,None
DT.ODA.ODAT.KD,SS,1995,None
DT.ODA.ODAT.KD,ST,2019,55450000.7629395
DT.ODA.ODAT.KD,ST,2018,55540000.9155273
DT.ODA.ODAT.KD,ST,2017,44930000.3051758
DT.ODA.ODAT.KD,ST,2016,53779998.7792969
DT.ODA.ODAT.KD,ST,2015,56869998.9318848
DT.ODA.ODAT.KD,ST,2014,41569999.6948242
DT.ODA.ODAT.KD,ST,2013,54159999.8474121
DT.ODA.ODAT.KD,ST,2012,52029998.7792969
DT.ODA.ODAT.KD,ST,2011,72160003.6621094
DT.ODA.ODAT.KD,ST,2010,51310001.373291
DT.ODA.ODAT.KD,ST,2009,29530000.6866455
DT.ODA.ODAT.KD,ST,2008,37569999.6948242
DT.ODA.ODAT.KD,ST,2007,50919998.1689453
DT.ODA.ODAT.KD,ST,2006,26850000.3814697
DT.ODA.ODAT.KD,ST,2005,39150001.5258789
DT.ODA.ODAT.KD,ST,2004,41409999.8474121
DT.ODA.ODAT.KD,ST,2003,51450000.7629395
DT.ODA.ODAT.KD,ST,2002,42970001.2207031
DT.ODA.ODAT.KD,ST,2001,67040000.9155273
DT.ODA.ODAT.KD,ST,2000,59650001.5258789
DT.ODA.ODAT.KD,ST,1999,44250000
DT.ODA.ODAT.KD,ST,1998,43369998.9318848
DT.ODA.ODAT.KD,ST,1997,51740001.6784668
DT.ODA.ODAT.KD,ST,1996,65720001.2207031
DT.ODA.ODAT.KD,ST,1995,120080001.831055
DT.ODA.ODAT.KD,SZ,2019,75230003.3569336
DT.ODA.ODAT.KD,SZ,2018,130020004.272461
DT.ODA.ODAT.KD,SZ,2017,164050003.051758
DT.ODA.ODAT.KD,SZ,2016,168259994.506836
DT.ODA.ODAT.KD,SZ,2015,106160003.662109
DT.ODA.ODAT.KD,SZ,2014,92500000
DT.ODA.ODAT.KD,SZ,2013,124529998.779297
DT.ODA.ODAT.KD,SZ,2012,99330001.8310547
DT.ODA.ODAT.KD,SZ,2011,129610000.610352
DT.ODA.ODAT.KD,SZ,2010,99419998.1689453
DT.ODA.ODAT.KD,SZ,2009,61500000
DT.ODA.ODAT.KD,SZ,2008,73279998.7792969
DT.ODA.ODAT.KD,SZ,2007,54849998.4741211
DT.ODA.ODAT.KD,SZ,2006,39360000.6103516
DT.ODA.ODAT.KD,SZ,2005,52590000.1525879
DT.ODA.ODAT.KD,SZ,2004,25610000.6103516
DT.ODA.ODAT.KD,SZ,2003,44759998.3215332
DT.ODA.ODAT.KD,SZ,2002,33349998.4741211
DT.ODA.ODAT.KD,SZ,2001,47470001.2207031
DT.ODA.ODAT.KD,SZ,2000,18340000.1525879
DT.ODA.ODAT.KD,SZ,1999,41340000.1525879
DT.ODA.ODAT.KD,SZ,1998,50080001.8310547
DT.ODA.ODAT.KD,SZ,1997,38130001.0681152
DT.ODA.ODAT.KD,SZ,1996,42419998.1689453
DT.ODA.ODAT.KD,SZ,1995,78059997.5585938
DT.ODA.ODAT.KD,SY,2019,10055889648.4375
DT.ODA.ODAT.KD,SY,2018,9714639648.4375
DT.ODA.ODAT.KD,SY,2017,9448820312.5
DT.ODA.ODAT.KD,SY,2016,7877439941.40625
DT.ODA.ODAT.KD,SY,2015,4473629882.8125
DT.ODA.ODAT.KD,SY,2014,3404439941.40625
DT.ODA.ODAT.KD,SY,2013,3084409912.10938
DT.ODA.ODAT.KD,SY,2012,1287209960.9375
DT.ODA.ODAT.KD,SY,2011,278079986.572266
DT.ODA.ODAT.KD,SY,2010,146720001.220703
DT.ODA.ODAT.KD,SY,2009,132729995.727539
DT.ODA.ODAT.KD,SY,2008,162059997.558594
DT.ODA.ODAT.KD,SY,2007,87250000
DT.ODA.ODAT.KD,SY,2006,24870000.8392334
DT.ODA.ODAT.KD,SY,2005,93250000
DT.ODA.ODAT.KD,SY,2004,136300003.051758
DT.ODA.ODAT.KD,SY,2003,163029998.779297
DT.ODA.ODAT.KD,SY,2002,90980003.3569336
DT.ODA.ODAT.KD,SY,2001,277230010.986328
DT.ODA.ODAT.KD,SY,2000,210059997.558594
DT.ODA.ODAT.KD,SY,1999,266000000
DT.ODA.ODAT.KD,SY,1998,209960006.713867
DT.ODA.ODAT.KD,SY,1997,256579986.572266
DT.ODA.ODAT.KD,SY,1996,273140014.648438
DT.ODA.ODAT.KD,SY,1995,389739990.234375
DT.ODA.ODAT.KD,TD,2019,701679992.675781
DT.ODA.ODAT.KD,TD,2018,936690002.441406
DT.ODA.ODAT.KD,TD,2017,725080017.089844
DT.ODA.ODAT.KD,TD,2016,712940002.441406
DT.ODA.ODAT.KD,TD,2015,693369995.117188
DT.ODA.ODAT.KD,TD,2014,397670013.427734
DT.ODA.ODAT.KD,TD,2013,477019989.013672
DT.ODA.ODAT.KD,TD,2012,501329986.572266
DT.ODA.ODAT.KD,TD,2011,469820007.324219
DT.ODA.ODAT.KD,TD,2010,537489990.234375
DT.ODA.ODAT.KD,TD,2009,606010009.765625
DT.ODA.ODAT.KD,TD,2008,486809997.558594
DT.ODA.ODAT.KD,TD,2007,376940002.441406
DT.ODA.ODAT.KD,TD,2006,346519989.013672
DT.ODA.ODAT.KD,TD,2005,479049987.792969
DT.ODA.ODAT.KD,TD,2004,417910003.662109
DT.ODA.ODAT.KD,TD,2003,343019989.013672
DT.ODA.ODAT.KD,TD,2002,364760009.765625
DT.ODA.ODAT.KD,TD,2001,320359985.351563
DT.ODA.ODAT.KD,TD,2000,215789993.286133
DT.ODA.ODAT.KD,TD,1999,281079986.572266
DT.ODA.ODAT.KD,TD,1998,259880004.882813
DT.ODA.ODAT.KD,TD,1997,336619995.117188
DT.ODA.ODAT.KD,TD,1996,396089996.337891
DT.ODA.ODAT.KD,TD,1995,306230010.986328
DT.ODA.ODAT.KD,TG,2019,440880004.882813
DT.ODA.ODAT.KD,TG,2018,359130004.882813
DT.ODA.ODAT.KD,TG,2017,385720001.220703
DT.ODA.ODAT.KD,TG,2016,193139999.389648
DT.ODA.ODAT.KD,TG,2015,230089996.337891
DT.ODA.ODAT.KD,TG,2014,212449996.948242
DT.ODA.ODAT.KD,TG,2013,227520004.272461
DT.ODA.ODAT.KD,TG,2012,247610000.610352
DT.ODA.ODAT.KD,TG,2011,534739990.234375
DT.ODA.ODAT.KD,TG,2010,415690002.441406
DT.ODA.ODAT.KD,TG,2009,520250000
DT.ODA.ODAT.KD,TG,2008,276089996.337891
DT.ODA.ODAT.KD,TG,2007,130660003.662109
DT.ODA.ODAT.KD,TG,2006,93000000
DT.ODA.ODAT.KD,TG,2005,99589996.3378906
DT.ODA.ODAT.KD,TG,2004,81250000
DT.ODA.ODAT.KD,TG,2003,68839996.3378906
DT.ODA.ODAT.KD,TG,2002,82180000.3051758
DT.ODA.ODAT.KD,TG,2001,76550003.0517578
DT.ODA.ODAT.KD,TG,2000,110089996.337891
DT.ODA.ODAT.KD,TG,1999,102290000.915527
DT.ODA.ODAT.KD,TG,1998,185020004.272461
DT.ODA.ODAT.KD,TG,1997,169649993.896484
DT.ODA.ODAT.KD,TG,1996,194820007.324219
DT.ODA.ODAT.KD,TG,1995,249380004.882813
DT.ODA.ODAT.KD,TJ,2019,391149993.896484
DT.ODA.ODAT.KD,TJ,2018,429899993.896484
DT.ODA.ODAT.KD,TJ,2017,361329986.572266
DT.ODA.ODAT.KD,TJ,2016,405220001.220703
DT.ODA.ODAT.KD,TJ,2015,487339996.337891
DT.ODA.ODAT.KD,TJ,2014,358429992.675781
DT.ODA.ODAT.KD,TJ,2013,394059997.558594
DT.ODA.ODAT.KD,TJ,2012,399100006.103516
DT.ODA.ODAT.KD,TJ,2011,277049987.792969
DT.ODA.ODAT.KD,TJ,2010,408440002.441406
DT.ODA.ODAT.KD,TJ,2009,266140014.648438
DT.ODA.ODAT.KD,TJ,2008,219789993.286133
DT.ODA.ODAT.KD,TJ,2007,174589996.337891
DT.ODA.ODAT.KD,TJ,2006,247199996.948242
DT.ODA.ODAT.KD,TJ,2005,280160003.662109
DT.ODA.ODAT.KD,TJ,2004,292500000
DT.ODA.ODAT.KD,TJ,2003,187139999.389648
DT.ODA.ODAT.KD,TJ,2002,225179992.675781
DT.ODA.ODAT.KD,TJ,2001,262910003.662109
DT.ODA.ODAT.KD,TJ,2000,175660003.662109
DT.ODA.ODAT.KD,TJ,1999,170119995.117188
DT.ODA.ODAT.KD,TJ,1998,241449996.948242
DT.ODA.ODAT.KD,TJ,1997,130649993.896484
DT.ODA.ODAT.KD,TJ,1996,146899993.896484
DT.ODA.ODAT.KD,TJ,1995,92940002.4414063
DT.ODA.ODAT.KD,TL,2019,248860000.610352
DT.ODA.ODAT.KD,TL,2018,222220001.220703
DT.ODA.ODAT.KD,TL,2017,254809997.558594
DT.ODA.ODAT.KD,TL,2016,252000000
DT.ODA.ODAT.KD,TL,2015,244250000
DT.ODA.ODAT.KD,TL,2014,251130004.882813
DT.ODA.ODAT.KD,TL,2013,251350006.103516
DT.ODA.ODAT.KD,TL,2012,273470001.220703
DT.ODA.ODAT.KD,TL,2011,260619995.117188
DT.ODA.ODAT.KD,TL,2010,298070007.324219
DT.ODA.ODAT.KD,TL,2009,233529998.779297
DT.ODA.ODAT.KD,TL,2008,284660003.662109
DT.ODA.ODAT.KD,TL,2007,310649993.896484
DT.ODA.ODAT.KD,TL,2006,257559997.558594
DT.ODA.ODAT.KD,TL,2005,230139999.389648
DT.ODA.ODAT.KD,TL,2004,216259994.506836
DT.ODA.ODAT.KD,TL,2003,258190002.441406
DT.ODA.ODAT.KD,TL,2002,386279998.779297
DT.ODA.ODAT.KD,TL,2001,374000000
DT.ODA.ODAT.KD,TL,2000,437170013.427734
DT.ODA.ODAT.KD,TL,1999,294980010.986328
DT.ODA.ODAT.KD,TL,1998,2690000.05722046
DT.ODA.ODAT.KD,TL,1997,730000.019073486
DT.ODA.ODAT.KD,TL,1996,129999.995231628
DT.ODA.ODAT.KD,TL,1995,29999.9993294477
DT.ODA.ODAT.KD,TN,2019,1062699951.17188
DT.ODA.ODAT.KD,TN,2018,858020019.53125
DT.ODA.ODAT.KD,TN,2017,924669982.910156
DT.ODA.ODAT.KD,TN,2016,764450012.207031
DT.ODA.ODAT.KD,TN,2015,596369995.117188
DT.ODA.ODAT.KD,TN,2014,843299987.792969
DT.ODA.ODAT.KD,TN,2013,704340026.855469
DT.ODA.ODAT.KD,TN,2012,1064689941.40625
DT.ODA.ODAT.KD,TN,2011,887830017.089844
DT.ODA.ODAT.KD,TN,2010,552669982.910156
DT.ODA.ODAT.KD,TN,2009,484989990.234375
DT.ODA.ODAT.KD,TN,2008,364880004.882813
DT.ODA.ODAT.KD,TN,2007,335760009.765625
DT.ODA.ODAT.KD,TN,2006,496029998.779297
DT.ODA.ODAT.KD,TN,2005,418790008.544922
DT.ODA.ODAT.KD,TN,2004,383809997.558594
DT.ODA.ODAT.KD,TN,2003,377510009.765625
DT.ODA.ODAT.KD,TN,2002,326869995.117188
DT.ODA.ODAT.KD,TN,2001,595080017.089844
DT.ODA.ODAT.KD,TN,2000,334390014.648438
DT.ODA.ODAT.KD,TN,1999,379459991.455078
DT.ODA.ODAT.KD,TN,1998,214889999.389648
DT.ODA.ODAT.KD,TN,1997,288959991.455078
DT.ODA.ODAT.KD,TN,1996,171500000
DT.ODA.ODAT.KD,TN,1995,100319999.694824
DT.ODA.ODAT.KD,TZ,2019,2325080078.125
DT.ODA.ODAT.KD,TZ,2018,2638850097.65625
DT.ODA.ODAT.KD,TZ,2017,2891070068.35938
DT.ODA.ODAT.KD,TZ,2016,2616340087.89063
DT.ODA.ODAT.KD,TZ,2015,2906830078.125
DT.ODA.ODAT.KD,TZ,2014,2725689941.40625
DT.ODA.ODAT.KD,TZ,2013,3550840087.89063
DT.ODA.ODAT.KD,TZ,2012,2937929931.64063
DT.ODA.ODAT.KD,TZ,2011,2495280029.29688
DT.ODA.ODAT.KD,TZ,2010,3191739990.23438
DT.ODA.ODAT.KD,TZ,2009,2480580078.125
DT.ODA.ODAT.KD,TZ,2008,1958869995.11719
DT.ODA.ODAT.KD,TZ,2007,2459969970.70313
DT.ODA.ODAT.KD,TZ,2006,2199030029.29688
DT.ODA.ODAT.KD,TZ,2005,1787250000
DT.ODA.ODAT.KD,TZ,2004,2176739990.23438
DT.ODA.ODAT.KD,TZ,2003,2323219970.70313
DT.ODA.ODAT.KD,TZ,2002,2002800048.82813
DT.ODA.ODAT.KD,TZ,2001,1956000000
DT.ODA.ODAT.KD,TZ,2000,1585099975.58594
DT.ODA.ODAT.KD,TZ,1999,1495130004.88281
DT.ODA.ODAT.KD,TZ,1998,1487469970.70313
DT.ODA.ODAT.KD,TZ,1997,1402030029.29688
DT.ODA.ODAT.KD,TZ,1996,1172569946.28906
DT.ODA.ODAT.KD,TZ,1995,1138650024.41406
DT.ODA.ODAT.KD,UG,2019,2213439941.40625
DT.ODA.ODAT.KD,UG,2018,2089070068.35938
DT.ODA.ODAT.KD,UG,2017,2247110107.42188
DT.ODA.ODAT.KD,UG,2016,1999510009.76563
DT.ODA.ODAT.KD,UG,2015,1846719970.70313
DT.ODA.ODAT.KD,UG,2014,1695510009.76563
DT.ODA.ODAT.KD,UG,2013,1775170043.94531
DT.ODA.ODAT.KD,UG,2012,1728959960.9375
DT.ODA.ODAT.KD,UG,2011,1628609985.35156
DT.ODA.ODAT.KD,UG,2010,1835489990.23438
DT.ODA.ODAT.KD,UG,2009,1524880004.88281
DT.ODA.ODAT.KD,UG,2008,1532800048.82813
DT.ODA.ODAT.KD,UG,2007,1488430053.71094
DT.ODA.ODAT.KD,UG,2006,1861209960.9375
DT.ODA.ODAT.KD,UG,2005,1470719970.70313
DT.ODA.ODAT.KD,UG,2004,1533599975.58594
DT.ODA.ODAT.KD,UG,2003,1372189941.40625
DT.ODA.ODAT.KD,UG,2002,1146650024.41406
DT.ODA.ODAT.KD,UG,2001,1358719970.70313
DT.ODA.ODAT.KD,UG,2000,1361189941.40625
DT.ODA.ODAT.KD,UG,1999,911299987.792969
DT.ODA.ODAT.KD,UG,1998,994059997.558594
DT.ODA.ODAT.KD,UG,1997,1210369995.11719
DT.ODA.ODAT.KD,UG,1996,930580017.089844
DT.ODA.ODAT.KD,UG,1995,1123959960.9375
DT.ODA.ODAT.KD,UZ,2019,1219989990.23438
DT.ODA.ODAT.KD,UZ,2018,1119589965.82031
DT.ODA.ODAT.KD,UZ,2017,687070007.324219
DT.ODA.ODAT.KD,UZ,2016,556390014.648438
DT.ODA.ODAT.KD,UZ,2015,506440002.441406
DT.ODA.ODAT.KD,UZ,2014,330799987.792969
DT.ODA.ODAT.KD,UZ,2013,300440002.441406
DT.ODA.ODAT.KD,UZ,2012,268940002.441406
DT.ODA.ODAT.KD,UZ,2011,146250000
DT.ODA.ODAT.KD,UZ,2010,209169998.168945
DT.ODA.ODAT.KD,UZ,2009,148320007.324219
DT.ODA.ODAT.KD,UZ,2008,169039993.286133
DT.ODA.ODAT.KD,UZ,2007,164679992.675781
DT.ODA.ODAT.KD,UZ,2006,180380004.882813
DT.ODA.ODAT.KD,UZ,2005,198559997.558594
DT.ODA.ODAT.KD,UZ,2004,285440002.441406
DT.ODA.ODAT.KD,UZ,2003,249100006.103516
DT.ODA.ODAT.KD,UZ,2002,267209991.455078
DT.ODA.ODAT.KD,UZ,2001,223750000
DT.ODA.ODAT.KD,UZ,2000,238410003.662109
DT.ODA.ODAT.KD,UZ,1999,193789993.286133
DT.ODA.ODAT.KD,UZ,1998,192220001.220703
DT.ODA.ODAT.KD,UZ,1997,166899993.896484
DT.ODA.ODAT.KD,UZ,1996,105419998.168945
DT.ODA.ODAT.KD,UZ,1995,95480003.3569336
DT.ODA.ODAT.KD,VN,2019,1176770019.53125
DT.ODA.ODAT.KD,VN,2018,1744150024.41406
DT.ODA.ODAT.KD,VN,2017,2595060058.59375
DT.ODA.ODAT.KD,VN,2016,3147600097.65625
DT.ODA.ODAT.KD,VN,2015,3571219970.70313
DT.ODA.ODAT.KD,VN,2014,4253100097.65625
DT.ODA.ODAT.KD,VN,2013,4057580078.125
DT.ODA.ODAT.KD,VN,2012,3798270019.53125
DT.ODA.ODAT.KD,VN,2011,3079409912.10938
DT.ODA.ODAT.KD,VN,2010,2758899902.34375
DT.ODA.ODAT.KD,VN,2009,2068889892.57813
DT.ODA.ODAT.KD,VN,2008,1751300048.82813
DT.ODA.ODAT.KD,VN,2007,1724430053.71094
DT.ODA.ODAT.KD,VN,2006,1920180053.71094
DT.ODA.ODAT.KD,VN,2005,1922770019.53125
DT.ODA.ODAT.KD,VN,2004,1904520019.53125
DT.ODA.ODAT.KD,VN,2003,1951209960.9375
DT.ODA.ODAT.KD,VN,2002,1533199951.17188
DT.ODA.ODAT.KD,VN,2001,1841660034.17969
DT.ODA.ODAT.KD,VN,2000,1784400024.41406
DT.ODA.ODAT.KD,VN,1999,1518050048.82813
DT.ODA.ODAT.KD,VN,1998,1447829956.05469
DT.ODA.ODAT.KD,VN,1997,1175420043.94531
DT.ODA.ODAT.KD,VN,1996,1198510009.76563
DT.ODA.ODAT.KD,VN,1995,944969970.703125
DT.ODA.ODAT.KD,VU,2019,145240005.493164
DT.ODA.ODAT.KD,VU,2018,141500000
DT.ODA.ODAT.KD,VU,2017,144270004.272461
DT.ODA.ODAT.KD,VU,2016,144979995.727539
DT.ODA.ODAT.KD,VU,2015,215539993.286133
DT.ODA.ODAT.KD,VU,2014,98610000.6103516
DT.ODA.ODAT.KD,VU,2013,86330001.8310547
DT.ODA.ODAT.KD,VU,2012,91669998.1689453
DT.ODA.ODAT.KD,VU,2011,83830001.8310547
DT.ODA.ODAT.KD,VU,2010,114629997.253418
DT.ODA.ODAT.KD,VU,2009,122239997.86377
DT.ODA.ODAT.KD,VU,2008,107040000.915527
DT.ODA.ODAT.KD,VU,2007,67250000
DT.ODA.ODAT.KD,VU,2006,66169998.1689453
DT.ODA.ODAT.KD,VU,2005,54759998.3215332
DT.ODA.ODAT.KD,VU,2004,55639999.3896484
DT.ODA.ODAT.KD,VU,2003,55009998.3215332
DT.ODA.ODAT.KD,VU,2002,52490001.6784668
DT.ODA.ODAT.KD,VU,2001,59459999.0844727
DT.ODA.ODAT.KD,VU,2000,64819999.6948242
DT.ODA.ODAT.KD,VU,1999,53119998.9318848
DT.ODA.ODAT.KD,VU,1998,52500000
DT.ODA.ODAT.KD,VU,1997,43819999.6948242
DT.ODA.ODAT.KD,VU,1996,47380001.0681152
DT.ODA.ODAT.KD,VU,1995,60880001.0681152
DT.ODA.ODAT.KD,WS,2019,133729995.727539
DT.ODA.ODAT.KD,WS,2018,137029998.779297
DT.ODA.ODAT.KD,WS,2017,148869995.117188
DT.ODA.ODAT.KD,WS,2016,99760002.1362305
DT.ODA.ODAT.KD,WS,2015,108019996.643066
DT.ODA.ODAT.KD,WS,2014,93230003.3569336
DT.ODA.ODAT.KD,WS,2013,110889999.389648
DT.ODA.ODAT.KD,WS,2012,108629997.253418
DT.ODA.ODAT.KD,WS,2011,81180000.3051758
DT.ODA.ODAT.KD,WS,2010,126309997.558594
DT.ODA.ODAT.KD,WS,2009,73879997.253418
DT.ODA.ODAT.KD,WS,2008,43020000.4577637
DT.ODA.ODAT.KD,WS,2007,39250000
DT.ODA.ODAT.KD,WS,2006,60689998.626709
DT.ODA.ODAT.KD,WS,2005,54000000
DT.ODA.ODAT.KD,WS,2004,43389999.3896484
DT.ODA.ODAT.KD,WS,2003,48779998.7792969
DT.ODA.ODAT.KD,WS,2002,63130001.0681152
DT.ODA.ODAT.KD,WS,2001,71040000.9155273
DT.ODA.ODAT.KD,WS,2000,51580001.8310547
DT.ODA.ODAT.KD,WS,1999,41069999.6948242
DT.ODA.ODAT.KD,WS,1998,53150001.5258789
DT.ODA.ODAT.KD,WS,1997,42729999.5422363
DT.ODA.ODAT.KD,WS,1996,44299999.2370605
DT.ODA.ODAT.KD,WS,1995,52220001.2207031
DT.ODA.ODAT.KD,YE,2019,4112970214.84375
DT.ODA.ODAT.KD,YE,2018,8588500000
DT.ODA.ODAT.KD,YE,2017,3633149902.34375
DT.ODA.ODAT.KD,YE,2016,2623939941.40625
DT.ODA.ODAT.KD,YE,2015,2013459960.9375
DT.ODA.ODAT.KD,YE,2014,1189489990.23438
DT.ODA.ODAT.KD,YE,2013,1084119995.11719
DT.ODA.ODAT.KD,YE,2012,752809997.558594
DT.ODA.ODAT.KD,YE,2011,491320007.324219
DT.ODA.ODAT.KD,YE,2010,712340026.855469
DT.ODA.ODAT.KD,YE,2009,368600006.103516
DT.ODA.ODAT.KD,YE,2008,337980010.986328
DT.ODA.ODAT.KD,YE,2007,164449996.948242
DT.ODA.ODAT.KD,YE,2006,339910003.662109
DT.ODA.ODAT.KD,YE,2005,354679992.675781
DT.ODA.ODAT.KD,YE,2004,329369995.117188
DT.ODA.ODAT.KD,YE,2003,324850006.103516
DT.ODA.ODAT.KD,YE,2002,339869995.117188
DT.ODA.ODAT.KD,YE,2001,601659973.144531
DT.ODA.ODAT.KD,YE,2000,486609985.351563
DT.ODA.ODAT.KD,YE,1999,664630004.882813
DT.ODA.ODAT.KD,YE,1998,561869995.117188
DT.ODA.ODAT.KD,YE,1997,509429992.675781
DT.ODA.ODAT.KD,YE,1996,328850006.103516
DT.ODA.ODAT.KD,YE,1995,216820007.324219
DT.ODA.ODAT.KD,ZM,2019,1029819946.28906
DT.ODA.ODAT.KD,ZM,2018,1076060058.59375
DT.ODA.ODAT.KD,ZM,2017,1158520019.53125
DT.ODA.ODAT.KD,ZM,2016,1095849975.58594
DT.ODA.ODAT.KD,ZM,2015,902489990.234375
DT.ODA.ODAT.KD,ZM,2014,1034500000
DT.ODA.ODAT.KD,ZM,2013,1181250000
DT.ODA.ODAT.KD,ZM,2012,1012830017.08984
DT.ODA.ODAT.KD,ZM,2011,1066209960.9375
DT.ODA.ODAT.KD,ZM,2010,1000979980.46875
DT.ODA.ODAT.KD,ZM,2009,1329290039.0625
DT.ODA.ODAT.KD,ZM,2008,1103949951.17188
DT.ODA.ODAT.KD,ZM,2007,1017440002.44141
DT.ODA.ODAT.KD,ZM,2006,1755079956.05469
DT.ODA.ODAT.KD,ZM,2005,1381439941.40625
DT.ODA.ODAT.KD,ZM,2004,1366099975.58594
DT.ODA.ODAT.KD,ZM,2003,1051000000
DT.ODA.ODAT.KD,ZM,2002,1253979980.46875
DT.ODA.ODAT.KD,ZM,2001,916200012.207031
DT.ODA.ODAT.KD,ZM,2000,1264140014.64844
DT.ODA.ODAT.KD,ZM,1999,917940002.441406
DT.ODA.ODAT.KD,ZM,1998,528489990.234375
DT.ODA.ODAT.KD,ZM,1997,902260009.765625
DT.ODA.ODAT.KD,ZM,1996,830630004.882813
DT.ODA.ODAT.KD,ZM,1995,2630409912.10938
