GE.STD.ERR,AF,2023,None
GE.STD.ERR,AF,2022,0.284880340099335
GE.STD.ERR,AF,2021,0.300028264522552
GE.STD.ERR,AF,2020,0.278781324625015
GE.STD.ERR,AF,2019,0.245630532503128
GE.STD.ERR,AF,2018,0.245708838105202
GE.STD.ERR,AF,2017,0.235828951001167
GE.STD.ERR,AF,2016,0.233016058802605
GE.STD.ERR,AF,2015,0.243076026439667
GE.STD.ERR,AF,2014,0.233898401260376
GE.STD.ERR,AF,2013,0.221445962786675
GE.STD.ERR,AF,2012,0.2263523042202
GE.STD.ERR,AF,2011,0.237974882125854
GE.STD.ERR,AF,2010,0.2329041659832
GE.STD.ERR,AF,2009,0.239676758646965
GE.STD.ERR,AF,2008,0.275009870529175
GE.STD.ERR,AF,2007,0.314759343862534
GE.STD.ERR,AF,2006,0.263611018657684
GE.STD.ERR,AF,2005,0.220314458012581
GE.STD.ERR,AF,2004,0.235708385705948
GE.STD.ERR,AF,2003,0.298997640609741
GE.STD.ERR,AF,2002,0.259350627660751
GE.STD.ERR,AF,2001,None
GE.STD.ERR,AF,2000,0.331546425819397
GE.STD.ERR,AF,1999,None
GE.STD.ERR,AF,1998,0.302315533161163
GE.STD.ERR,AF,1997,None
GE.STD.ERR,AF,1996,0.187617555260658
GE.STD.ERR,AF,1995,None
GE.STD.ERR,AO,2023,None
GE.STD.ERR,AO,2022,0.227610766887665
GE.STD.ERR,AO,2021,0.226507976651192
GE.STD.ERR,AO,2020,0.226563811302185
GE.STD.ERR,AO,2019,0.213423416018486
GE.STD.ERR,AO,2018,0.22066867351532
GE.STD.ERR,AO,2017,0.21076475083828
GE.STD.ERR,AO,2016,0.201879605650902
GE.STD.ERR,AO,2015,0.20622806251049
GE.STD.ERR,AO,2014,0.199907228350639
GE.STD.ERR,AO,2013,0.179094478487968
GE.STD.ERR,AO,2012,0.21187561750412
GE.STD.ERR,AO,2011,0.199343234300613
GE.STD.ERR,AO,2010,0.199831679463387
GE.STD.ERR,AO,2009,0.214831903576851
GE.STD.ERR,AO,2008,0.229705631732941
GE.STD.ERR,AO,2007,0.232247114181519
GE.STD.ERR,AO,2006,0.189760059118271
GE.STD.ERR,AO,2005,0.198913097381592
GE.STD.ERR,AO,2004,0.193942978978157
GE.STD.ERR,AO,2003,0.190472021698952
GE.STD.ERR,AO,2002,0.199642837047577
GE.STD.ERR,AO,2001,None
GE.STD.ERR,AO,2000,0.238578706979752
GE.STD.ERR,AO,1999,None
GE.STD.ERR,AO,1998,0.222487077116966
GE.STD.ERR,AO,1997,None
GE.STD.ERR,AO,1996,0.173903718590736
GE.STD.ERR,AO,1995,None
GE.STD.ERR,BI,2023,None
GE.STD.ERR,BI,2022,0.225951656699181
GE.STD.ERR,BI,2021,0.227250605821609
GE.STD.ERR,BI,2020,0.210117548704147
GE.STD.ERR,BI,2019,0.189522445201874
GE.STD.ERR,BI,2018,0.17827782034874
GE.STD.ERR,BI,2017,0.182878509163857
GE.STD.ERR,BI,2016,0.174763292074203
GE.STD.ERR,BI,2015,0.174996137619019
GE.STD.ERR,BI,2014,0.18268495798111
GE.STD.ERR,BI,2013,0.171986401081085
GE.STD.ERR,BI,2012,0.191187039017677
GE.STD.ERR,BI,2011,0.197617024183273
GE.STD.ERR,BI,2010,0.196730896830559
GE.STD.ERR,BI,2009,0.188241526484489
GE.STD.ERR,BI,2008,0.197060361504555
GE.STD.ERR,BI,2007,0.207045495510101
GE.STD.ERR,BI,2006,0.173911839723587
GE.STD.ERR,BI,2005,0.223866954445839
GE.STD.ERR,BI,2004,0.220771551132202
GE.STD.ERR,BI,2003,0.298997640609741
GE.STD.ERR,BI,2002,0.259350627660751
GE.STD.ERR,BI,2001,None
GE.STD.ERR,BI,2000,0.331546425819397
GE.STD.ERR,BI,1999,None
GE.STD.ERR,BI,1998,0.302315533161163
GE.STD.ERR,BI,1997,None
GE.STD.ERR,BI,1996,0.187617555260658
GE.STD.ERR,BI,1995,None
GE.STD.ERR,BJ,2023,None
GE.STD.ERR,BJ,2022,0.208672925829887
GE.STD.ERR,BJ,2021,0.205436632037163
GE.STD.ERR,BJ,2020,0.203921765089035
GE.STD.ERR,BJ,2019,0.187141627073288
GE.STD.ERR,BJ,2018,0.176736548542976
GE.STD.ERR,BJ,2017,0.180707812309265
GE.STD.ERR,BJ,2016,0.174763292074203
GE.STD.ERR,BJ,2015,0.174996137619019
GE.STD.ERR,BJ,2014,0.193533509969711
GE.STD.ERR,BJ,2013,0.171986401081085
GE.STD.ERR,BJ,2012,0.191187039017677
GE.STD.ERR,BJ,2011,0.191302984952927
GE.STD.ERR,BJ,2010,0.188161686062813
GE.STD.ERR,BJ,2009,0.180823668837547
GE.STD.ERR,BJ,2008,0.193356648087502
GE.STD.ERR,BJ,2007,0.199237152934074
GE.STD.ERR,BJ,2006,0.168698459863663
GE.STD.ERR,BJ,2005,0.193095043301582
GE.STD.ERR,BJ,2004,0.220771551132202
GE.STD.ERR,BJ,2003,0.298997640609741
GE.STD.ERR,BJ,2002,0.259350627660751
GE.STD.ERR,BJ,2001,None
GE.STD.ERR,BJ,2000,0.331546425819397
GE.STD.ERR,BJ,1999,None
GE.STD.ERR,BJ,1998,0.302315533161163
GE.STD.ERR,BJ,1997,None
GE.STD.ERR,BJ,1996,0.187617555260658
GE.STD.ERR,BJ,1995,None
GE.STD.ERR,BF,2023,None
GE.STD.ERR,BF,2022,0.210689440369606
GE.STD.ERR,BF,2021,0.209610164165497
GE.STD.ERR,BF,2020,0.205584734678268
GE.STD.ERR,BF,2019,0.180285081267357
GE.STD.ERR,BF,2018,0.178154200315475
GE.STD.ERR,BF,2017,0.180837288498878
GE.STD.ERR,BF,2016,0.173995211720467
GE.STD.ERR,BF,2015,0.173939138650894
GE.STD.ERR,BF,2014,0.174349665641785
GE.STD.ERR,BF,2013,0.164826348423958
GE.STD.ERR,BF,2012,0.180305510759354
GE.STD.ERR,BF,2011,0.17807973921299
GE.STD.ERR,BF,2010,0.175850346684456
GE.STD.ERR,BF,2009,0.171793401241302
GE.STD.ERR,BF,2008,0.183036118745804
GE.STD.ERR,BF,2007,0.18908865749836
GE.STD.ERR,BF,2006,0.163893014192581
GE.STD.ERR,BF,2005,0.207678824663162
GE.STD.ERR,BF,2004,0.205213785171509
GE.STD.ERR,BF,2003,0.261566013097763
GE.STD.ERR,BF,2002,0.233744382858276
GE.STD.ERR,BF,2001,None
GE.STD.ERR,BF,2000,0.282076954841614
GE.STD.ERR,BF,1999,None
GE.STD.ERR,BF,1998,0.260438412427902
GE.STD.ERR,BF,1997,None
GE.STD.ERR,BF,1996,0.181661412119865
GE.STD.ERR,BF,1995,None
GE.STD.ERR,BD,2023,None
GE.STD.ERR,BD,2022,0.245769441127777
GE.STD.ERR,BD,2021,0.243689030408859
GE.STD.ERR,BD,2020,0.239954218268394
GE.STD.ERR,BD,2019,0.218846276402473
GE.STD.ERR,BD,2018,0.211029276251793
GE.STD.ERR,BD,2017,0.202651381492615
GE.STD.ERR,BD,2016,0.203051581978798
GE.STD.ERR,BD,2015,0.21203924715519
GE.STD.ERR,BD,2014,0.202124297618866
GE.STD.ERR,BD,2013,0.193579867482185
GE.STD.ERR,BD,2012,0.196586906909943
GE.STD.ERR,BD,2011,0.19440470635891
GE.STD.ERR,BD,2010,0.193452537059784
GE.STD.ERR,BD,2009,0.195807263255119
GE.STD.ERR,BD,2008,0.201516449451447
GE.STD.ERR,BD,2007,0.197559341788292
GE.STD.ERR,BD,2006,0.17651692032814
GE.STD.ERR,BD,2005,0.174616992473602
GE.STD.ERR,BD,2004,0.193942978978157
GE.STD.ERR,BD,2003,0.190472021698952
GE.STD.ERR,BD,2002,0.184152603149414
GE.STD.ERR,BD,2001,None
GE.STD.ERR,BD,2000,0.216711580753326
GE.STD.ERR,BD,1999,None
GE.STD.ERR,BD,1998,0.222487077116966
GE.STD.ERR,BD,1997,None
GE.STD.ERR,BD,1996,0.173903718590736
GE.STD.ERR,BD,1995,None
GE.STD.ERR,BO,2023,None
GE.STD.ERR,BO,2022,0.257088333368301
GE.STD.ERR,BO,2021,0.251973360776901
GE.STD.ERR,BO,2020,0.248580187559128
GE.STD.ERR,BO,2019,0.225115269422531
GE.STD.ERR,BO,2018,0.22962811589241
GE.STD.ERR,BO,2017,0.225368231534958
GE.STD.ERR,BO,2016,0.209278926253319
GE.STD.ERR,BO,2015,0.212430790066719
GE.STD.ERR,BO,2014,0.205125421285629
GE.STD.ERR,BO,2013,0.195715859532356
GE.STD.ERR,BO,2012,0.198709309101105
GE.STD.ERR,BO,2011,0.198931857943535
GE.STD.ERR,BO,2010,0.197629943490028
GE.STD.ERR,BO,2009,0.196521535515785
GE.STD.ERR,BO,2008,0.208181068301201
GE.STD.ERR,BO,2007,0.206947237253189
GE.STD.ERR,BO,2006,0.181846663355827
GE.STD.ERR,BO,2005,0.176489040255547
GE.STD.ERR,BO,2004,0.19208736717701
GE.STD.ERR,BO,2003,0.18796481192112
GE.STD.ERR,BO,2002,0.183514714241028
GE.STD.ERR,BO,2001,None
GE.STD.ERR,BO,2000,0.216711580753326
GE.STD.ERR,BO,1999,None
GE.STD.ERR,BO,1998,0.222487077116966
GE.STD.ERR,BO,1997,None
GE.STD.ERR,BO,1996,0.173604860901833
GE.STD.ERR,BO,1995,None
GE.STD.ERR,BT,2023,None
GE.STD.ERR,BT,2022,0.285043686628342
GE.STD.ERR,BT,2021,0.294451177120209
GE.STD.ERR,BT,2020,0.298296719789505
GE.STD.ERR,BT,2019,0.27733850479126
GE.STD.ERR,BT,2018,0.275864094495773
GE.STD.ERR,BT,2017,0.248026371002197
GE.STD.ERR,BT,2016,0.230802997946739
GE.STD.ERR,BT,2015,0.239235520362854
GE.STD.ERR,BT,2014,0.226310148835182
GE.STD.ERR,BT,2013,0.214394152164459
GE.STD.ERR,BT,2012,0.241578862071037
GE.STD.ERR,BT,2011,0.241185411810875
GE.STD.ERR,BT,2010,0.235913410782814
GE.STD.ERR,BT,2009,0.242289945483208
GE.STD.ERR,BT,2008,0.277931034564972
GE.STD.ERR,BT,2007,0.287964910268784
GE.STD.ERR,BT,2006,0.271946340799332
GE.STD.ERR,BT,2005,0.23687019944191
GE.STD.ERR,BT,2004,0.376263976097107
GE.STD.ERR,BT,2003,0.361106097698212
GE.STD.ERR,BT,2002,0.295856952667236
GE.STD.ERR,BT,2001,None
GE.STD.ERR,BT,2000,0.331546425819397
GE.STD.ERR,BT,1999,None
GE.STD.ERR,BT,1998,0.302315533161163
GE.STD.ERR,BT,1997,None
GE.STD.ERR,BT,1996,0.187617555260658
GE.STD.ERR,BT,1995,None
GE.STD.ERR,CF,2023,None
GE.STD.ERR,CF,2022,0.225951656699181
GE.STD.ERR,CF,2021,0.227250605821609
GE.STD.ERR,CF,2020,0.222462952136993
GE.STD.ERR,CF,2019,0.195384442806244
GE.STD.ERR,CF,2018,0.186587497591972
GE.STD.ERR,CF,2017,0.191518113017082
GE.STD.ERR,CF,2016,0.184531658887863
GE.STD.ERR,CF,2015,0.185527816414833
GE.STD.ERR,CF,2014,0.193992987275124
GE.STD.ERR,CF,2013,0.181564599275589
GE.STD.ERR,CF,2012,0.202979788184166
GE.STD.ERR,CF,2011,0.202521830797195
GE.STD.ERR,CF,2010,0.199712306261063
GE.STD.ERR,CF,2009,0.193607062101364
GE.STD.ERR,CF,2008,0.242270842194557
GE.STD.ERR,CF,2007,0.260290384292603
GE.STD.ERR,CF,2006,0.231519237160683
GE.STD.ERR,CF,2005,0.223866954445839
GE.STD.ERR,CF,2004,0.220771551132202
GE.STD.ERR,CF,2003,0.298997640609741
GE.STD.ERR,CF,2002,0.259350627660751
GE.STD.ERR,CF,2001,None
GE.STD.ERR,CF,2000,0.331546425819397
GE.STD.ERR,CF,1999,None
GE.STD.ERR,CF,1998,0.302315533161163
GE.STD.ERR,CF,1997,None
GE.STD.ERR,CF,1996,0.187617555260658
GE.STD.ERR,CF,1995,None
GE.STD.ERR,CI,2023,None
GE.STD.ERR,CI,2022,0.201468542218208
GE.STD.ERR,CI,2021,0.19828474521637
GE.STD.ERR,CI,2020,0.195723712444305
GE.STD.ERR,CI,2019,0.180285081267357
GE.STD.ERR,CI,2018,0.178154200315475
GE.STD.ERR,CI,2017,0.180837288498878
GE.STD.ERR,CI,2016,0.167120262980461
GE.STD.ERR,CI,2015,0.167807593941689
GE.STD.ERR,CI,2014,0.174349665641785
GE.STD.ERR,CI,2013,0.164826348423958
GE.STD.ERR,CI,2012,0.180305510759354
GE.STD.ERR,CI,2011,0.17807973921299
GE.STD.ERR,CI,2010,0.177766993641853
GE.STD.ERR,CI,2009,0.172937780618668
GE.STD.ERR,CI,2008,0.184193760156631
GE.STD.ERR,CI,2007,0.207928910851479
GE.STD.ERR,CI,2006,0.194080591201782
GE.STD.ERR,CI,2005,0.183859661221504
GE.STD.ERR,CI,2004,0.179028868675232
GE.STD.ERR,CI,2003,0.210551515221596
GE.STD.ERR,CI,2002,0.199642837047577
GE.STD.ERR,CI,2001,None
GE.STD.ERR,CI,2000,0.238578706979752
GE.STD.ERR,CI,1999,None
GE.STD.ERR,CI,1998,0.222487077116966
GE.STD.ERR,CI,1997,None
GE.STD.ERR,CI,1996,0.173903718590736
GE.STD.ERR,CI,1995,None
GE.STD.ERR,CM,2023,None
GE.STD.ERR,CM,2022,0.201468542218208
GE.STD.ERR,CM,2021,0.19828474521637
GE.STD.ERR,CM,2020,0.195723712444305
GE.STD.ERR,CM,2019,0.180285081267357
GE.STD.ERR,CM,2018,0.169744148850441
GE.STD.ERR,CM,2017,0.172041639685631
GE.STD.ERR,CM,2016,0.167120262980461
GE.STD.ERR,CM,2015,0.167807593941689
GE.STD.ERR,CM,2014,0.174349665641785
GE.STD.ERR,CM,2013,0.164826348423958
GE.STD.ERR,CM,2012,0.180305510759354
GE.STD.ERR,CM,2011,0.17807973921299
GE.STD.ERR,CM,2010,0.177766993641853
GE.STD.ERR,CM,2009,0.172937780618668
GE.STD.ERR,CM,2008,0.183335915207863
GE.STD.ERR,CM,2007,0.18908865749836
GE.STD.ERR,CM,2006,0.163893014192581
GE.STD.ERR,CM,2005,0.169207230210304
GE.STD.ERR,CM,2004,0.179028868675232
GE.STD.ERR,CM,2003,0.190472021698952
GE.STD.ERR,CM,2002,0.199642837047577
GE.STD.ERR,CM,2001,None
GE.STD.ERR,CM,2000,0.238578706979752
GE.STD.ERR,CM,1999,None
GE.STD.ERR,CM,1998,0.222487077116966
GE.STD.ERR,CM,1997,None
GE.STD.ERR,CM,1996,0.173903718590736
GE.STD.ERR,CM,1995,None
GE.STD.ERR,CD,2023,None
GE.STD.ERR,CD,2022,0.204829826951027
GE.STD.ERR,CD,2021,0.205074489116669
GE.STD.ERR,CD,2020,0.201182097196579
GE.STD.ERR,CD,2019,0.18865130841732
GE.STD.ERR,CD,2018,0.175704672932625
GE.STD.ERR,CD,2017,0.178661525249481
GE.STD.ERR,CD,2016,0.174647361040115
GE.STD.ERR,CD,2015,0.175659418106079
GE.STD.ERR,CD,2014,0.184097111225128
GE.STD.ERR,CD,2013,0.173199325799942
GE.STD.ERR,CD,2012,0.190095007419586
GE.STD.ERR,CD,2011,0.187022402882576
GE.STD.ERR,CD,2010,0.185168161988258
GE.STD.ERR,CD,2009,0.1826411485672
GE.STD.ERR,CD,2008,0.215918675065041
GE.STD.ERR,CD,2007,0.232345014810562
GE.STD.ERR,CD,2006,0.214538887143135
GE.STD.ERR,CD,2005,0.183859661221504
GE.STD.ERR,CD,2004,0.179028868675232
GE.STD.ERR,CD,2003,0.261566013097763
GE.STD.ERR,CD,2002,0.233744382858276
GE.STD.ERR,CD,2001,None
GE.STD.ERR,CD,2000,0.282076954841614
GE.STD.ERR,CD,1999,None
GE.STD.ERR,CD,1998,0.260438412427902
GE.STD.ERR,CD,1997,None
GE.STD.ERR,CD,1996,0.181661412119865
GE.STD.ERR,CD,1995,None
GE.STD.ERR,CG,2023,None
GE.STD.ERR,CG,2022,0.233818009495735
GE.STD.ERR,CG,2021,0.234023556113243
GE.STD.ERR,CG,2020,0.232679650187492
GE.STD.ERR,CG,2019,0.214202135801315
GE.STD.ERR,CG,2018,0.209307506680489
GE.STD.ERR,CG,2017,0.201844945549965
GE.STD.ERR,CG,2016,0.196202889084816
GE.STD.ERR,CG,2015,0.200011104345322
GE.STD.ERR,CG,2014,0.184097111225128
GE.STD.ERR,CG,2013,0.173199325799942
GE.STD.ERR,CG,2012,0.190095007419586
GE.STD.ERR,CG,2011,0.187022402882576
GE.STD.ERR,CG,2010,0.185168161988258
GE.STD.ERR,CG,2009,0.1826411485672
GE.STD.ERR,CG,2008,0.198594555258751
GE.STD.ERR,CG,2007,0.209187299013138
GE.STD.ERR,CG,2006,0.1982142329216
GE.STD.ERR,CG,2005,0.183859661221504
GE.STD.ERR,CG,2004,0.222143813967705
GE.STD.ERR,CG,2003,0.300158023834229
GE.STD.ERR,CG,2002,0.259410440921783
GE.STD.ERR,CG,2001,None
GE.STD.ERR,CG,2000,0.282076954841614
GE.STD.ERR,CG,1999,None
GE.STD.ERR,CG,1998,0.260438412427902
GE.STD.ERR,CG,1997,None
GE.STD.ERR,CG,1996,0.181661412119865
GE.STD.ERR,CG,1995,None
GE.STD.ERR,KM,2023,None
GE.STD.ERR,KM,2022,0.260999768972397
GE.STD.ERR,KM,2021,0.267336905002594
GE.STD.ERR,KM,2020,0.263046026229858
GE.STD.ERR,KM,2019,0.227779537439346
GE.STD.ERR,KM,2018,0.213868319988251
GE.STD.ERR,KM,2017,0.219737336039543
GE.STD.ERR,KM,2016,0.212016448378563
GE.STD.ERR,KM,2015,0.216385409235954
GE.STD.ERR,KM,2014,0.226535931229591
GE.STD.ERR,KM,2013,0.213004067540169
GE.STD.ERR,KM,2012,0.247302144765854
GE.STD.ERR,KM,2011,0.245384514331818
GE.STD.ERR,KM,2010,0.239869654178619
GE.STD.ERR,KM,2009,0.230837941169739
GE.STD.ERR,KM,2008,0.25148144364357
GE.STD.ERR,KM,2007,0.284889906644821
GE.STD.ERR,KM,2006,0.247956573963165
GE.STD.ERR,KM,2005,0.241855874657631
GE.STD.ERR,KM,2004,0.242282867431641
GE.STD.ERR,KM,2003,0.361106097698212
GE.STD.ERR,KM,2002,0.295856952667236
GE.STD.ERR,KM,2001,None
GE.STD.ERR,KM,2000,0.331546425819397
GE.STD.ERR,KM,1999,None
GE.STD.ERR,KM,1998,0.302315533161163
GE.STD.ERR,KM,1997,None
GE.STD.ERR,KM,1996,0.187617555260658
GE.STD.ERR,KM,1995,None
GE.STD.ERR,CV,2023,None
GE.STD.ERR,CV,2022,0.242627590894699
GE.STD.ERR,CV,2021,0.242255583405495
GE.STD.ERR,CV,2020,0.24562506377697
GE.STD.ERR,CV,2019,0.24097752571106
GE.STD.ERR,CV,2018,0.231237918138504
GE.STD.ERR,CV,2017,0.22457891702652
GE.STD.ERR,CV,2016,0.217191234230995
GE.STD.ERR,CV,2015,0.217140853404999
GE.STD.ERR,CV,2014,0.196658119559288
GE.STD.ERR,CV,2013,0.185073509812355
GE.STD.ERR,CV,2012,0.209079444408417
GE.STD.ERR,CV,2011,0.208469435572624
GE.STD.ERR,CV,2010,0.203997582197189
GE.STD.ERR,CV,2009,0.209194898605347
GE.STD.ERR,CV,2008,0.223096817731857
GE.STD.ERR,CV,2007,0.235765442252159
GE.STD.ERR,CV,2006,0.218372762203217
GE.STD.ERR,CV,2005,0.231763660907745
GE.STD.ERR,CV,2004,0.240835443139076
GE.STD.ERR,CV,2003,0.353554725646973
GE.STD.ERR,CV,2002,0.293830066919327
GE.STD.ERR,CV,2001,None
GE.STD.ERR,CV,2000,None
GE.STD.ERR,CV,1999,None
GE.STD.ERR,CV,1998,None
GE.STD.ERR,CV,1997,None
GE.STD.ERR,CV,1996,None
GE.STD.ERR,CV,1995,None
GE.STD.ERR,DJ,2023,None
GE.STD.ERR,DJ,2022,0.225951656699181
GE.STD.ERR,DJ,2021,0.227250605821609
GE.STD.ERR,DJ,2020,0.222462952136993
GE.STD.ERR,DJ,2019,0.20696148276329
GE.STD.ERR,DJ,2018,0.195961803197861
GE.STD.ERR,DJ,2017,0.211529925465584
GE.STD.ERR,DJ,2016,0.202954217791557
GE.STD.ERR,DJ,2015,0.197966575622559
GE.STD.ERR,DJ,2014,0.208389759063721
GE.STD.ERR,DJ,2013,0.195247501134872
GE.STD.ERR,DJ,2012,0.222133874893188
GE.STD.ERR,DJ,2011,0.220683366060257
GE.STD.ERR,DJ,2010,0.216551527380943
GE.STD.ERR,DJ,2009,0.209532037377357
GE.STD.ERR,DJ,2008,0.249311238527298
GE.STD.ERR,DJ,2007,0.284889906644821
GE.STD.ERR,DJ,2006,0.247956573963165
GE.STD.ERR,DJ,2005,0.241855874657631
GE.STD.ERR,DJ,2004,0.242282867431641
GE.STD.ERR,DJ,2003,0.361106097698212
GE.STD.ERR,DJ,2002,0.295856952667236
GE.STD.ERR,DJ,2001,None
GE.STD.ERR,DJ,2000,0.331546425819397
GE.STD.ERR,DJ,1999,None
GE.STD.ERR,DJ,1998,0.302315533161163
GE.STD.ERR,DJ,1997,None
GE.STD.ERR,DJ,1996,0.187617555260658
GE.STD.ERR,DJ,1995,None
GE.STD.ERR,EG,2023,None
GE.STD.ERR,EG,2022,0.229613110423088
GE.STD.ERR,EG,2021,0.225777521729469
GE.STD.ERR,EG,2020,0.225146174430847
GE.STD.ERR,EG,2019,0.212552413344383
GE.STD.ERR,EG,2018,0.202915772795677
GE.STD.ERR,EG,2017,0.194474622607231
GE.STD.ERR,EG,2016,0.19945128262043
GE.STD.ERR,EG,2015,0.19383130967617
GE.STD.ERR,EG,2014,0.199404537677765
GE.STD.ERR,EG,2013,0.185494303703308
GE.STD.ERR,EG,2012,0.209196493029594
GE.STD.ERR,EG,2011,0.211858123540878
GE.STD.ERR,EG,2010,0.215132147073746
GE.STD.ERR,EG,2009,0.211970314383507
GE.STD.ERR,EG,2008,0.222742855548859
GE.STD.ERR,EG,2007,0.219317063689232
GE.STD.ERR,EG,2006,0.192157715559006
GE.STD.ERR,EG,2005,0.185124143958092
GE.STD.ERR,EG,2004,0.193942978978157
GE.STD.ERR,EG,2003,0.190472021698952
GE.STD.ERR,EG,2002,0.184152603149414
GE.STD.ERR,EG,2001,None
GE.STD.ERR,EG,2000,0.216711580753326
GE.STD.ERR,EG,1999,None
GE.STD.ERR,EG,1998,0.213521480560303
GE.STD.ERR,EG,1997,None
GE.STD.ERR,EG,1996,0.171663269400597
GE.STD.ERR,EG,1995,None
GE.STD.ERR,ER,2023,None
GE.STD.ERR,ER,2022,0.225951656699181
GE.STD.ERR,ER,2021,0.227250605821609
GE.STD.ERR,ER,2020,0.222462952136993
GE.STD.ERR,ER,2019,0.197071567177773
GE.STD.ERR,ER,2018,0.188097655773163
GE.STD.ERR,ER,2017,0.19355146586895
GE.STD.ERR,ER,2016,0.186454743146896
GE.STD.ERR,ER,2015,0.191950991749763
GE.STD.ERR,ER,2014,0.216432958841324
GE.STD.ERR,ER,2013,0.189334034919739
GE.STD.ERR,ER,2012,0.213742911815643
GE.STD.ERR,ER,2011,0.212256878614426
GE.STD.ERR,ER,2010,0.209008648991585
GE.STD.ERR,ER,2009,0.20249031484127
GE.STD.ERR,ER,2008,0.211981743574142
GE.STD.ERR,ER,2007,0.2288848310709
GE.STD.ERR,ER,2006,0.211371645331383
GE.STD.ERR,ER,2005,0.223866954445839
GE.STD.ERR,ER,2004,0.220771551132202
GE.STD.ERR,ER,2003,0.298997640609741
GE.STD.ERR,ER,2002,0.259350627660751
GE.STD.ERR,ER,2001,None
GE.STD.ERR,ER,2000,0.331546425819397
GE.STD.ERR,ER,1999,None
GE.STD.ERR,ER,1998,0.302315533161163
GE.STD.ERR,ER,1997,None
GE.STD.ERR,ER,1996,0.187617555260658
GE.STD.ERR,ER,1995,None
GE.STD.ERR,ET,2023,None
GE.STD.ERR,ET,2022,0.210689440369606
GE.STD.ERR,ET,2021,0.209610164165497
GE.STD.ERR,ET,2020,0.205584734678268
GE.STD.ERR,ET,2019,0.180285081267357
GE.STD.ERR,ET,2018,0.16996905207634
GE.STD.ERR,ET,2017,0.172432094812393
GE.STD.ERR,ET,2016,0.16854102909565
GE.STD.ERR,ET,2015,0.169350698590279
GE.STD.ERR,ET,2014,0.174685373902321
GE.STD.ERR,ET,2013,0.165231481194496
GE.STD.ERR,ET,2012,0.180689096450806
GE.STD.ERR,ET,2011,0.17827320098877
GE.STD.ERR,ET,2010,0.177766993641853
GE.STD.ERR,ET,2009,0.172937780618668
GE.STD.ERR,ET,2008,0.183335915207863
GE.STD.ERR,ET,2007,0.18908865749836
GE.STD.ERR,ET,2006,0.163893014192581
GE.STD.ERR,ET,2005,0.169207230210304
GE.STD.ERR,ET,2004,0.165389820933342
GE.STD.ERR,ET,2003,0.190472021698952
GE.STD.ERR,ET,2002,0.199642837047577
GE.STD.ERR,ET,2001,None
GE.STD.ERR,ET,2000,0.238578706979752
GE.STD.ERR,ET,1999,None
GE.STD.ERR,ET,1998,0.222487077116966
GE.STD.ERR,ET,1997,None
GE.STD.ERR,ET,1996,0.173903718590736
GE.STD.ERR,ET,1995,None
GE.STD.ERR,FM,2023,None
GE.STD.ERR,FM,2022,0.400206208229065
GE.STD.ERR,FM,2021,0.422974407672882
GE.STD.ERR,FM,2020,0.427005618810654
GE.STD.ERR,FM,2019,0.391434550285339
GE.STD.ERR,FM,2018,0.385205060243607
GE.STD.ERR,FM,2017,0.392347872257233
GE.STD.ERR,FM,2016,0.384507298469543
GE.STD.ERR,FM,2015,0.390668779611588
GE.STD.ERR,FM,2014,0.353842169046402
GE.STD.ERR,FM,2013,0.318169206380844
GE.STD.ERR,FM,2012,0.325496852397919
GE.STD.ERR,FM,2011,0.323667377233505
GE.STD.ERR,FM,2010,0.388283431529999
GE.STD.ERR,FM,2009,0.391353219747543
GE.STD.ERR,FM,2008,0.393487066030502
GE.STD.ERR,FM,2007,0.381733566522598
GE.STD.ERR,FM,2006,0.342873007059097
GE.STD.ERR,FM,2005,0.27973136305809
GE.STD.ERR,FM,2004,0.410197407007217
GE.STD.ERR,FM,2003,None
GE.STD.ERR,FM,2002,None
GE.STD.ERR,FM,2001,None
GE.STD.ERR,FM,2000,None
GE.STD.ERR,FM,1999,None
GE.STD.ERR,FM,1998,None
GE.STD.ERR,FM,1997,None
GE.STD.ERR,FM,1996,None
GE.STD.ERR,FM,1995,None
GE.STD.ERR,GH,2023,None
GE.STD.ERR,GH,2022,0.201468542218208
GE.STD.ERR,GH,2021,0.19828474521637
GE.STD.ERR,GH,2020,0.195723712444305
GE.STD.ERR,GH,2019,0.180285081267357
GE.STD.ERR,GH,2018,0.169744148850441
GE.STD.ERR,GH,2017,0.172041639685631
GE.STD.ERR,GH,2016,0.167120262980461
GE.STD.ERR,GH,2015,0.167807593941689
GE.STD.ERR,GH,2014,0.174349665641785
GE.STD.ERR,GH,2013,0.164826348423958
GE.STD.ERR,GH,2012,0.180305510759354
GE.STD.ERR,GH,2011,0.17807973921299
GE.STD.ERR,GH,2010,0.175850346684456
GE.STD.ERR,GH,2009,0.171793401241302
GE.STD.ERR,GH,2008,0.183036118745804
GE.STD.ERR,GH,2007,0.19971963763237
GE.STD.ERR,GH,2006,0.189328372478485
GE.STD.ERR,GH,2005,0.165638387203217
GE.STD.ERR,GH,2004,0.164927199482918
GE.STD.ERR,GH,2003,0.189338266849518
GE.STD.ERR,GH,2002,0.199016541242599
GE.STD.ERR,GH,2001,None
GE.STD.ERR,GH,2000,0.238578706979752
GE.STD.ERR,GH,1999,None
GE.STD.ERR,GH,1998,0.222487077116966
GE.STD.ERR,GH,1997,None
GE.STD.ERR,GH,1996,0.173903718590736
GE.STD.ERR,GH,1995,None
GE.STD.ERR,GN,2023,None
GE.STD.ERR,GN,2022,0.210689440369606
GE.STD.ERR,GN,2021,0.209610164165497
GE.STD.ERR,GN,2020,0.195723712444305
GE.STD.ERR,GN,2019,0.180285081267357
GE.STD.ERR,GN,2018,0.169744148850441
GE.STD.ERR,GN,2017,0.172041639685631
GE.STD.ERR,GN,2016,0.173995211720467
GE.STD.ERR,GN,2015,0.167807593941689
GE.STD.ERR,GN,2014,0.174349665641785
GE.STD.ERR,GN,2013,0.164826348423958
GE.STD.ERR,GN,2012,0.180305510759354
GE.STD.ERR,GN,2011,0.192663908004761
GE.STD.ERR,GN,2010,0.190859332680702
GE.STD.ERR,GN,2009,0.188773095607758
GE.STD.ERR,GN,2008,0.197520583868027
GE.STD.ERR,GN,2007,0.209187299013138
GE.STD.ERR,GN,2006,0.1982142329216
GE.STD.ERR,GN,2005,0.207678824663162
GE.STD.ERR,GN,2004,0.205213785171509
GE.STD.ERR,GN,2003,0.261566013097763
GE.STD.ERR,GN,2002,0.233744382858276
GE.STD.ERR,GN,2001,None
GE.STD.ERR,GN,2000,0.282076954841614
GE.STD.ERR,GN,1999,None
GE.STD.ERR,GN,1998,0.260438412427902
GE.STD.ERR,GN,1997,None
GE.STD.ERR,GN,1996,0.181661412119865
GE.STD.ERR,GN,1995,None
GE.STD.ERR,GM,2023,None
GE.STD.ERR,GM,2022,0.210689440369606
GE.STD.ERR,GM,2021,0.213839083909988
GE.STD.ERR,GM,2020,0.20925036072731
GE.STD.ERR,GM,2019,0.189259499311447
GE.STD.ERR,GM,2018,0.176710173487663
GE.STD.ERR,GM,2017,0.186109140515327
GE.STD.ERR,GM,2016,0.182227328419685
GE.STD.ERR,GM,2015,0.180089890956879
GE.STD.ERR,GM,2014,0.186780378222466
GE.STD.ERR,GM,2013,0.176732748746872
GE.STD.ERR,GM,2012,0.195563435554504
GE.STD.ERR,GM,2011,0.191917151212692
GE.STD.ERR,GM,2010,0.190937384963036
GE.STD.ERR,GM,2009,0.18517929315567
GE.STD.ERR,GM,2008,0.194932967424393
GE.STD.ERR,GM,2007,0.20140415430069
GE.STD.ERR,GM,2006,0.173106238245964
GE.STD.ERR,GM,2005,0.197362303733826
GE.STD.ERR,GM,2004,0.197556138038635
GE.STD.ERR,GM,2003,0.249175816774368
GE.STD.ERR,GM,2002,0.259410440921783
GE.STD.ERR,GM,2001,None
GE.STD.ERR,GM,2000,0.282076954841614
GE.STD.ERR,GM,1999,None
GE.STD.ERR,GM,1998,0.260438412427902
GE.STD.ERR,GM,1997,None
GE.STD.ERR,GM,1996,0.181661412119865
GE.STD.ERR,GM,1995,None
GE.STD.ERR,GW,2023,None
GE.STD.ERR,GW,2022,0.235953703522682
GE.STD.ERR,GW,2021,0.237290650606155
GE.STD.ERR,GW,2020,0.232206732034683
GE.STD.ERR,GW,2019,0.21844756603241
GE.STD.ERR,GW,2018,0.202556267380714
GE.STD.ERR,GW,2017,0.215320810675621
GE.STD.ERR,GW,2016,0.209010034799576
GE.STD.ERR,GW,2015,0.203216701745987
GE.STD.ERR,GW,2014,0.2138941437006
GE.STD.ERR,GW,2013,0.201898112893105
GE.STD.ERR,GW,2012,0.227767556905746
GE.STD.ERR,GW,2011,0.221679791808128
GE.STD.ERR,GW,2010,0.218186885118484
GE.STD.ERR,GW,2009,0.214704692363739
GE.STD.ERR,GW,2008,0.229940339922905
GE.STD.ERR,GW,2007,0.249338388442993
GE.STD.ERR,GW,2006,0.22742024064064
GE.STD.ERR,GW,2005,0.22179764509201
GE.STD.ERR,GW,2004,0.222143813967705
GE.STD.ERR,GW,2003,0.300158023834229
GE.STD.ERR,GW,2002,0.259410440921783
GE.STD.ERR,GW,2001,None
GE.STD.ERR,GW,2000,0.282076954841614
GE.STD.ERR,GW,1999,None
GE.STD.ERR,GW,1998,0.260438412427902
GE.STD.ERR,GW,1997,None
GE.STD.ERR,GW,1996,0.181661412119865
GE.STD.ERR,GW,1995,None
GE.STD.ERR,HN,2023,None
GE.STD.ERR,HN,2022,0.245713651180267
GE.STD.ERR,HN,2021,0.242062643170357
GE.STD.ERR,HN,2020,0.258833438158035
GE.STD.ERR,HN,2019,0.227077916264534
GE.STD.ERR,HN,2018,0.204146206378937
GE.STD.ERR,HN,2017,0.202614396810532
GE.STD.ERR,HN,2016,0.202974513173103
GE.STD.ERR,HN,2015,0.212430790066719
GE.STD.ERR,HN,2014,0.205125421285629
GE.STD.ERR,HN,2013,0.195715859532356
GE.STD.ERR,HN,2012,0.198709309101105
GE.STD.ERR,HN,2011,0.198931857943535
GE.STD.ERR,HN,2010,0.197629943490028
GE.STD.ERR,HN,2009,0.196521535515785
GE.STD.ERR,HN,2008,0.212356463074684
GE.STD.ERR,HN,2007,0.210946440696716
GE.STD.ERR,HN,2006,0.185233563184738
GE.STD.ERR,HN,2005,0.176489040255547
GE.STD.ERR,HN,2004,0.19208736717701
GE.STD.ERR,HN,2003,0.18796481192112
GE.STD.ERR,HN,2002,0.183514714241028
GE.STD.ERR,HN,2001,None
GE.STD.ERR,HN,2000,0.216711580753326
GE.STD.ERR,HN,1999,None
GE.STD.ERR,HN,1998,0.222487077116966
GE.STD.ERR,HN,1997,None
GE.STD.ERR,HN,1996,0.171375781297684
GE.STD.ERR,HN,1995,None
GE.STD.ERR,HT,2023,None
GE.STD.ERR,HT,2022,0.271895259618759
GE.STD.ERR,HT,2021,0.274524033069611
GE.STD.ERR,HT,2020,0.260344088077545
GE.STD.ERR,HT,2019,0.219298988580704
GE.STD.ERR,HT,2018,0.211567521095276
GE.STD.ERR,HT,2017,0.202659606933594
GE.STD.ERR,HT,2016,0.215888127684593
GE.STD.ERR,HT,2015,0.212475925683975
GE.STD.ERR,HT,2014,0.205298557877541
GE.STD.ERR,HT,2013,0.196211621165276
GE.STD.ERR,HT,2012,0.199077919125557
GE.STD.ERR,HT,2011,0.199343234300613
GE.STD.ERR,HT,2010,0.210523813962936
GE.STD.ERR,HT,2009,0.214831903576851
GE.STD.ERR,HT,2008,0.229705631732941
GE.STD.ERR,HT,2007,0.232247114181519
GE.STD.ERR,HT,2006,0.239316016435623
GE.STD.ERR,HT,2005,0.230159282684326
GE.STD.ERR,HT,2004,0.269447505474091
GE.STD.ERR,HT,2003,0.225745141506195
GE.STD.ERR,HT,2002,0.209882169961929
GE.STD.ERR,HT,2001,None
GE.STD.ERR,HT,2000,0.282076954841614
GE.STD.ERR,HT,1999,None
GE.STD.ERR,HT,1998,0.260438412427902
GE.STD.ERR,HT,1997,None
GE.STD.ERR,HT,1996,0.181661412119865
GE.STD.ERR,HT,1995,None
GE.STD.ERR,IN,2023,None
GE.STD.ERR,IN,2022,0.24280446767807
GE.STD.ERR,IN,2021,0.229329586029053
GE.STD.ERR,IN,2020,0.232876241207123
GE.STD.ERR,IN,2019,0.214501276612282
GE.STD.ERR,IN,2018,0.207521453499794
GE.STD.ERR,IN,2017,0.199878841638565
GE.STD.ERR,IN,2016,0.199922159314156
GE.STD.ERR,IN,2015,0.208309665322304
GE.STD.ERR,IN,2014,0.20712123811245
GE.STD.ERR,IN,2013,0.190363630652428
GE.STD.ERR,IN,2012,0.191974878311157
GE.STD.ERR,IN,2011,0.192824363708496
GE.STD.ERR,IN,2010,0.193414896726608
GE.STD.ERR,IN,2009,0.191138118505478
GE.STD.ERR,IN,2008,0.197705641388893
GE.STD.ERR,IN,2007,0.196050032973289
GE.STD.ERR,IN,2006,0.180234640836716
GE.STD.ERR,IN,2005,0.176311552524567
GE.STD.ERR,IN,2004,0.189565911889076
GE.STD.ERR,IN,2003,0.185161739587784
GE.STD.ERR,IN,2002,0.17885360121727
GE.STD.ERR,IN,2001,None
GE.STD.ERR,IN,2000,0.203009098768234
GE.STD.ERR,IN,1999,None
GE.STD.ERR,IN,1998,0.205459833145142
GE.STD.ERR,IN,1997,None
GE.STD.ERR,IN,1996,0.168259218335152
GE.STD.ERR,IN,1995,None
GE.STD.ERR,JO,2023,None
GE.STD.ERR,JO,2022,0.247899755835533
GE.STD.ERR,JO,2021,0.232862934470177
GE.STD.ERR,JO,2020,0.232876241207123
GE.STD.ERR,JO,2019,0.214501276612282
GE.STD.ERR,JO,2018,0.207521453499794
GE.STD.ERR,JO,2017,0.199878841638565
GE.STD.ERR,JO,2016,0.199922159314156
GE.STD.ERR,JO,2015,0.208309665322304
GE.STD.ERR,JO,2014,0.20712123811245
GE.STD.ERR,JO,2013,0.198808252811432
GE.STD.ERR,JO,2012,0.201531365513802
GE.STD.ERR,JO,2011,0.211516216397285
GE.STD.ERR,JO,2010,0.207185819745064
GE.STD.ERR,JO,2009,0.202020466327667
GE.STD.ERR,JO,2008,0.210038930177689
GE.STD.ERR,JO,2007,0.206260249018669
GE.STD.ERR,JO,2006,0.185697168111801
GE.STD.ERR,JO,2005,0.18039482831955
GE.STD.ERR,JO,2004,0.189565911889076
GE.STD.ERR,JO,2003,0.185161739587784
GE.STD.ERR,JO,2002,0.184152603149414
GE.STD.ERR,JO,2001,None
GE.STD.ERR,JO,2000,0.216711580753326
GE.STD.ERR,JO,1999,None
GE.STD.ERR,JO,1998,0.213521480560303
GE.STD.ERR,JO,1997,None
GE.STD.ERR,JO,1996,0.171663269400597
GE.STD.ERR,JO,1995,None
GE.STD.ERR,KE,2023,None
GE.STD.ERR,KE,2022,0.201468542218208
GE.STD.ERR,KE,2021,0.19828474521637
GE.STD.ERR,KE,2020,0.195723712444305
GE.STD.ERR,KE,2019,0.180285081267357
GE.STD.ERR,KE,2018,0.169744148850441
GE.STD.ERR,KE,2017,0.172041639685631
GE.STD.ERR,KE,2016,0.167120262980461
GE.STD.ERR,KE,2015,0.167807593941689
GE.STD.ERR,KE,2014,0.174349665641785
GE.STD.ERR,KE,2013,0.164826348423958
GE.STD.ERR,KE,2012,0.180305510759354
GE.STD.ERR,KE,2011,0.17807973921299
GE.STD.ERR,KE,2010,0.175850346684456
GE.STD.ERR,KE,2009,0.171793401241302
GE.STD.ERR,KE,2008,0.183036118745804
GE.STD.ERR,KE,2007,0.185836896300316
GE.STD.ERR,KE,2006,0.161778941750526
GE.STD.ERR,KE,2005,0.165638387203217
GE.STD.ERR,KE,2004,0.164927199482918
GE.STD.ERR,KE,2003,0.189338266849518
GE.STD.ERR,KE,2002,0.199016541242599
GE.STD.ERR,KE,2001,None
GE.STD.ERR,KE,2000,0.238578706979752
GE.STD.ERR,KE,1999,None
GE.STD.ERR,KE,1998,0.222487077116966
GE.STD.ERR,KE,1997,None
GE.STD.ERR,KE,1996,0.173903718590736
GE.STD.ERR,KE,1995,None
GE.STD.ERR,KG,2023,None
GE.STD.ERR,KG,2022,0.259205043315887
GE.STD.ERR,KG,2021,0.257347792387009
GE.STD.ERR,KG,2020,0.255562871694565
GE.STD.ERR,KG,2019,0.247960031032562
GE.STD.ERR,KG,2018,0.238772034645081
GE.STD.ERR,KG,2017,0.230126470327377
GE.STD.ERR,KG,2016,0.230802997946739
GE.STD.ERR,KG,2015,0.239164724946022
GE.STD.ERR,KG,2014,0.226229518651962
GE.STD.ERR,KG,2013,0.214352443814278
GE.STD.ERR,KG,2012,0.220161885023117
GE.STD.ERR,KG,2011,0.220363035798073
GE.STD.ERR,KG,2010,0.218270719051361
GE.STD.ERR,KG,2009,0.218334659934044
GE.STD.ERR,KG,2008,0.219820663332939
GE.STD.ERR,KG,2007,0.218052297830582
GE.STD.ERR,KG,2006,0.188899770379066
GE.STD.ERR,KG,2005,0.207147687673569
GE.STD.ERR,KG,2004,0.30567991733551
GE.STD.ERR,KG,2003,0.296225339174271
GE.STD.ERR,KG,2002,0.25764986872673
GE.STD.ERR,KG,2001,None
GE.STD.ERR,KG,2000,0.323869168758392
GE.STD.ERR,KG,1999,None
GE.STD.ERR,KG,1998,0.302315533161163
GE.STD.ERR,KG,1997,None
GE.STD.ERR,KG,1996,0.187617555260658
GE.STD.ERR,KG,1995,None
GE.STD.ERR,KH,2023,None
GE.STD.ERR,KH,2022,0.259205043315887
GE.STD.ERR,KH,2021,0.257347792387009
GE.STD.ERR,KH,2020,0.255562871694565
GE.STD.ERR,KH,2019,0.23145666718483
GE.STD.ERR,KH,2018,0.224942713975906
GE.STD.ERR,KH,2017,0.217251181602478
GE.STD.ERR,KH,2016,0.21723248064518
GE.STD.ERR,KH,2015,0.227131724357605
GE.STD.ERR,KH,2014,0.215446248650551
GE.STD.ERR,KH,2013,0.205478027462959
GE.STD.ERR,KH,2012,0.21094112098217
GE.STD.ERR,KH,2011,0.21199406683445
GE.STD.ERR,KH,2010,0.210223183035851
GE.STD.ERR,KH,2009,0.209508061408997
GE.STD.ERR,KH,2008,0.215546280145645
GE.STD.ERR,KH,2007,0.213894590735435
GE.STD.ERR,KH,2006,0.185618028044701
GE.STD.ERR,KH,2005,0.183913797140121
GE.STD.ERR,KH,2004,0.235708385705948
GE.STD.ERR,KH,2003,0.228655561804771
GE.STD.ERR,KH,2002,0.214898318052292
GE.STD.ERR,KH,2001,None
GE.STD.ERR,KH,2000,0.266331732273102
GE.STD.ERR,KH,1999,None
GE.STD.ERR,KH,1998,0.24693064391613
GE.STD.ERR,KH,1997,None
GE.STD.ERR,KH,1996,0.179107308387756
GE.STD.ERR,KH,1995,None
GE.STD.ERR,KI,2023,None
GE.STD.ERR,KI,2022,0.400206208229065
GE.STD.ERR,KI,2021,0.422974407672882
GE.STD.ERR,KI,2020,0.427005618810654
GE.STD.ERR,KI,2019,0.391434550285339
GE.STD.ERR,KI,2018,0.385205060243607
GE.STD.ERR,KI,2017,0.392347872257233
GE.STD.ERR,KI,2016,0.335610568523407
GE.STD.ERR,KI,2015,0.338430404663086
GE.STD.ERR,KI,2014,0.306705415248871
GE.STD.ERR,KI,2013,0.293751776218414
GE.STD.ERR,KI,2012,0.299872100353241
GE.STD.ERR,KI,2011,0.299673110246658
GE.STD.ERR,KI,2010,0.288806110620499
GE.STD.ERR,KI,2009,0.300981521606445
GE.STD.ERR,KI,2008,0.326600551605225
GE.STD.ERR,KI,2007,0.326607048511505
GE.STD.ERR,KI,2006,0.31173050403595
GE.STD.ERR,KI,2005,0.265190988779068
GE.STD.ERR,KI,2004,0.410197407007217
GE.STD.ERR,KI,2003,None
GE.STD.ERR,KI,2002,None
GE.STD.ERR,KI,2001,None
GE.STD.ERR,KI,2000,None
GE.STD.ERR,KI,1999,None
GE.STD.ERR,KI,1998,None
GE.STD.ERR,KI,1997,None
GE.STD.ERR,KI,1996,None
GE.STD.ERR,KI,1995,None
GE.STD.ERR,LA,2023,None
GE.STD.ERR,LA,2022,0.259205043315887
GE.STD.ERR,LA,2021,0.257347792387009
GE.STD.ERR,LA,2020,0.262709498405457
GE.STD.ERR,LA,2019,0.234276160597801
GE.STD.ERR,LA,2018,0.227603435516357
GE.STD.ERR,LA,2017,0.220232903957367
GE.STD.ERR,LA,2016,0.220388919115067
GE.STD.ERR,LA,2015,0.230108916759491
GE.STD.ERR,LA,2014,0.215446248650551
GE.STD.ERR,LA,2013,0.205478027462959
GE.STD.ERR,LA,2012,0.2263523042202
GE.STD.ERR,LA,2011,0.227178558707237
GE.STD.ERR,LA,2010,0.222781166434288
GE.STD.ERR,LA,2009,0.227484926581383
GE.STD.ERR,LA,2008,0.239703103899956
GE.STD.ERR,LA,2007,0.241861134767532
GE.STD.ERR,LA,2006,0.238244026899338
GE.STD.ERR,LA,2005,0.23687019944191
GE.STD.ERR,LA,2004,0.307948619127274
GE.STD.ERR,LA,2003,0.298997640609741
GE.STD.ERR,LA,2002,0.259350627660751
GE.STD.ERR,LA,2001,None
GE.STD.ERR,LA,2000,0.331546425819397
GE.STD.ERR,LA,1999,None
GE.STD.ERR,LA,1998,0.302315533161163
GE.STD.ERR,LA,1997,None
GE.STD.ERR,LA,1996,0.187617555260658
GE.STD.ERR,LA,1995,None
GE.STD.ERR,LB,2023,None
GE.STD.ERR,LB,2022,0.29024812579155
GE.STD.ERR,LB,2021,0.258666574954987
GE.STD.ERR,LB,2020,0.249917417764664
GE.STD.ERR,LB,2019,0.229168638586998
GE.STD.ERR,LB,2018,0.220806866884232
GE.STD.ERR,LB,2017,0.209040567278862
GE.STD.ERR,LB,2016,0.209478080272675
GE.STD.ERR,LB,2015,0.219974592328072
GE.STD.ERR,LB,2014,0.217782631516457
GE.STD.ERR,LB,2013,0.205497771501541
GE.STD.ERR,LB,2012,0.209796264767647
GE.STD.ERR,LB,2011,0.212184086441994
GE.STD.ERR,LB,2010,0.215132147073746
GE.STD.ERR,LB,2009,0.23064698278904
GE.STD.ERR,LB,2008,0.243006125092506
GE.STD.ERR,LB,2007,0.243220165371895
GE.STD.ERR,LB,2006,0.244180113077164
GE.STD.ERR,LB,2005,0.204833194613457
GE.STD.ERR,LB,2004,0.217043474316597
GE.STD.ERR,LB,2003,0.210551515221596
GE.STD.ERR,LB,2002,0.184152603149414
GE.STD.ERR,LB,2001,None
GE.STD.ERR,LB,2000,0.238578706979752
GE.STD.ERR,LB,1999,None
GE.STD.ERR,LB,1998,0.222487077116966
GE.STD.ERR,LB,1997,None
GE.STD.ERR,LB,1996,0.173903718590736
GE.STD.ERR,LB,1995,None
GE.STD.ERR,LR,2023,None
GE.STD.ERR,LR,2022,0.210689440369606
GE.STD.ERR,LR,2021,0.209610164165497
GE.STD.ERR,LR,2020,0.205584734678268
GE.STD.ERR,LR,2019,0.195096358656883
GE.STD.ERR,LR,2018,0.175456255674362
GE.STD.ERR,LR,2017,0.178227335214615
GE.STD.ERR,LR,2016,0.173067972064018
GE.STD.ERR,LR,2015,0.167807593941689
GE.STD.ERR,LR,2014,0.183704286813736
GE.STD.ERR,LR,2013,0.164826348423958
GE.STD.ERR,LR,2012,0.180305510759354
GE.STD.ERR,LR,2011,0.192663908004761
GE.STD.ERR,LR,2010,0.188493058085442
GE.STD.ERR,LR,2009,0.187287509441376
GE.STD.ERR,LR,2008,0.231677234172821
GE.STD.ERR,LR,2007,0.254721403121948
GE.STD.ERR,LR,2006,0.223932012915611
GE.STD.ERR,LR,2005,0.214444071054459
GE.STD.ERR,LR,2004,0.205213785171509
GE.STD.ERR,LR,2003,0.261566013097763
GE.STD.ERR,LR,2002,0.233744382858276
GE.STD.ERR,LR,2001,None
GE.STD.ERR,LR,2000,0.282076954841614
GE.STD.ERR,LR,1999,None
GE.STD.ERR,LR,1998,0.260438412427902
GE.STD.ERR,LR,1997,None
GE.STD.ERR,LR,1996,0.181661412119865
GE.STD.ERR,LR,1995,None
GE.STD.ERR,LK,2023,None
GE.STD.ERR,LK,2022,0.254717737436295
GE.STD.ERR,LK,2021,0.258666574954987
GE.STD.ERR,LK,2020,0.256588488817215
GE.STD.ERR,LK,2019,0.231904342770576
GE.STD.ERR,LK,2018,0.223321869969368
GE.STD.ERR,LK,2017,0.20903155207634
GE.STD.ERR,LK,2016,0.209363400936127
GE.STD.ERR,LK,2015,0.21203924715519
GE.STD.ERR,LK,2014,0.202124297618866
GE.STD.ERR,LK,2013,0.193579867482185
GE.STD.ERR,LK,2012,0.196586906909943
GE.STD.ERR,LK,2011,0.19440470635891
GE.STD.ERR,LK,2010,0.193452537059784
GE.STD.ERR,LK,2009,0.195807263255119
GE.STD.ERR,LK,2008,0.201516449451447
GE.STD.ERR,LK,2007,0.197559341788292
GE.STD.ERR,LK,2006,0.17651692032814
GE.STD.ERR,LK,2005,0.174616992473602
GE.STD.ERR,LK,2004,0.193942978978157
GE.STD.ERR,LK,2003,0.190472021698952
GE.STD.ERR,LK,2002,0.184152603149414
GE.STD.ERR,LK,2001,None
GE.STD.ERR,LK,2000,0.216711580753326
GE.STD.ERR,LK,1999,None
GE.STD.ERR,LK,1998,0.222487077116966
GE.STD.ERR,LK,1997,None
GE.STD.ERR,LK,1996,0.173903718590736
GE.STD.ERR,LK,1995,None
GE.STD.ERR,LS,2023,None
GE.STD.ERR,LS,2022,0.208672925829887
GE.STD.ERR,LS,2021,0.205436632037163
GE.STD.ERR,LS,2020,0.207431122660637
GE.STD.ERR,LS,2019,0.198314100503922
GE.STD.ERR,LS,2018,0.185533568263054
GE.STD.ERR,LS,2017,0.197291105985641
GE.STD.ERR,LS,2016,0.181599467992783
GE.STD.ERR,LS,2015,0.181835144758224
GE.STD.ERR,LS,2014,0.189168527722359
GE.STD.ERR,LS,2013,0.177113607525826
GE.STD.ERR,LS,2012,0.198216646909714
GE.STD.ERR,LS,2011,0.199443951249123
GE.STD.ERR,LS,2010,0.195875123143196
GE.STD.ERR,LS,2009,0.187996968626976
GE.STD.ERR,LS,2008,0.197748616337776
GE.STD.ERR,LS,2007,0.204289421439171
GE.STD.ERR,LS,2006,0.178797751665115
GE.STD.ERR,LS,2005,0.231763660907745
GE.STD.ERR,LS,2004,0.240835443139076
GE.STD.ERR,LS,2003,0.353554725646973
GE.STD.ERR,LS,2002,0.293830066919327
GE.STD.ERR,LS,2001,None
GE.STD.ERR,LS,2000,0.331546425819397
GE.STD.ERR,LS,1999,None
GE.STD.ERR,LS,1998,0.302315533161163
GE.STD.ERR,LS,1997,None
GE.STD.ERR,LS,1996,0.187617555260658
GE.STD.ERR,LS,1995,None
GE.STD.ERR,MA,2023,None
GE.STD.ERR,MA,2022,0.224907666444778
GE.STD.ERR,MA,2021,0.221500024199486
GE.STD.ERR,MA,2020,0.236631736159325
GE.STD.ERR,MA,2019,0.211285263299942
GE.STD.ERR,MA,2018,0.202915772795677
GE.STD.ERR,MA,2017,0.194474622607231
GE.STD.ERR,MA,2016,0.191354021430016
GE.STD.ERR,MA,2015,0.196220472455025
GE.STD.ERR,MA,2014,0.199404537677765
GE.STD.ERR,MA,2013,0.185494303703308
GE.STD.ERR,MA,2012,0.209196493029594
GE.STD.ERR,MA,2011,0.227011263370514
GE.STD.ERR,MA,2010,0.215132147073746
GE.STD.ERR,MA,2009,0.211970314383507
GE.STD.ERR,MA,2008,0.222742855548859
GE.STD.ERR,MA,2007,0.219317063689232
GE.STD.ERR,MA,2006,0.192157715559006
GE.STD.ERR,MA,2005,0.185124143958092
GE.STD.ERR,MA,2004,0.193942978978157
GE.STD.ERR,MA,2003,0.190472021698952
GE.STD.ERR,MA,2002,0.184152603149414
GE.STD.ERR,MA,2001,None
GE.STD.ERR,MA,2000,0.238578706979752
GE.STD.ERR,MA,1999,None
GE.STD.ERR,MA,1998,0.222487077116966
GE.STD.ERR,MA,1997,None
GE.STD.ERR,MA,1996,0.173903718590736
GE.STD.ERR,MA,1995,None
GE.STD.ERR,MG,2023,None
GE.STD.ERR,MG,2022,0.214542791247368
GE.STD.ERR,MG,2021,0.213224157691002
GE.STD.ERR,MG,2020,0.208131983876228
GE.STD.ERR,MG,2019,0.181070387363434
GE.STD.ERR,MG,2018,0.178154200315475
GE.STD.ERR,MG,2017,0.172041639685631
GE.STD.ERR,MG,2016,0.167120262980461
GE.STD.ERR,MG,2015,0.167807593941689
GE.STD.ERR,MG,2014,0.174349665641785
GE.STD.ERR,MG,2013,0.164826348423958
GE.STD.ERR,MG,2012,0.180305510759354
GE.STD.ERR,MG,2011,0.17807973921299
GE.STD.ERR,MG,2010,0.175850346684456
GE.STD.ERR,MG,2009,0.171793401241302
GE.STD.ERR,MG,2008,0.183036118745804
GE.STD.ERR,MG,2007,0.185836896300316
GE.STD.ERR,MG,2006,0.161778941750526
GE.STD.ERR,MG,2005,0.182416632771492
GE.STD.ERR,MG,2004,0.185363709926605
GE.STD.ERR,MG,2003,0.225745141506195
GE.STD.ERR,MG,2002,0.233744382858276
GE.STD.ERR,MG,2001,None
GE.STD.ERR,MG,2000,0.282076954841614
GE.STD.ERR,MG,1999,None
GE.STD.ERR,MG,1998,0.260438412427902
GE.STD.ERR,MG,1997,None
GE.STD.ERR,MG,1996,0.181661412119865
GE.STD.ERR,MG,1995,None
GE.STD.ERR,ML,2023,None
GE.STD.ERR,ML,2022,0.201468542218208
GE.STD.ERR,ML,2021,0.19828474521637
GE.STD.ERR,ML,2020,0.195723712444305
GE.STD.ERR,ML,2019,0.180285081267357
GE.STD.ERR,ML,2018,0.169744148850441
GE.STD.ERR,ML,2017,0.172041639685631
GE.STD.ERR,ML,2016,0.167120262980461
GE.STD.ERR,ML,2015,0.167807593941689
GE.STD.ERR,ML,2014,0.174349665641785
GE.STD.ERR,ML,2013,0.164826348423958
GE.STD.ERR,ML,2012,0.180305510759354
GE.STD.ERR,ML,2011,0.17807973921299
GE.STD.ERR,ML,2010,0.175850346684456
GE.STD.ERR,ML,2009,0.171793401241302
GE.STD.ERR,ML,2008,0.19738495349884
GE.STD.ERR,ML,2007,0.202969551086426
GE.STD.ERR,ML,2006,0.170295566320419
GE.STD.ERR,ML,2005,0.182416632771492
GE.STD.ERR,ML,2004,0.184713110327721
GE.STD.ERR,ML,2003,0.223864451050758
GE.STD.ERR,ML,2002,0.232740953564644
GE.STD.ERR,ML,2001,None
GE.STD.ERR,ML,2000,0.282076954841614
GE.STD.ERR,ML,1999,None
GE.STD.ERR,ML,1998,0.260438412427902
GE.STD.ERR,ML,1997,None
GE.STD.ERR,ML,1996,0.181661412119865
GE.STD.ERR,ML,1995,None
GE.STD.ERR,MM,2023,None
GE.STD.ERR,MM,2022,0.274168074131012
GE.STD.ERR,MM,2021,0.271237164735794
GE.STD.ERR,MM,2020,0.258859246969223
GE.STD.ERR,MM,2019,0.23070964217186
GE.STD.ERR,MM,2018,0.227887585759163
GE.STD.ERR,MM,2017,0.217476293444633
GE.STD.ERR,MM,2016,0.215762615203857
GE.STD.ERR,MM,2015,0.21203924715519
GE.STD.ERR,MM,2014,0.202124297618866
GE.STD.ERR,MM,2013,0.196211621165276
GE.STD.ERR,MM,2012,0.224939480423927
GE.STD.ERR,MM,2011,0.238243758678436
GE.STD.ERR,MM,2010,0.239633649587631
GE.STD.ERR,MM,2009,0.243383511900902
GE.STD.ERR,MM,2008,0.249720826745033
GE.STD.ERR,MM,2007,0.249785512685776
GE.STD.ERR,MM,2006,0.252570062875748
GE.STD.ERR,MM,2005,0.204833194613457
GE.STD.ERR,MM,2004,0.217043474316597
GE.STD.ERR,MM,2003,0.210551515221596
GE.STD.ERR,MM,2002,0.199642837047577
GE.STD.ERR,MM,2001,None
GE.STD.ERR,MM,2000,0.238578706979752
GE.STD.ERR,MM,1999,None
GE.STD.ERR,MM,1998,0.222487077116966
GE.STD.ERR,MM,1997,None
GE.STD.ERR,MM,1996,0.173903718590736
GE.STD.ERR,MM,1995,None
GE.STD.ERR,MZ,2023,None
GE.STD.ERR,MZ,2022,0.210689440369606
GE.STD.ERR,MZ,2021,0.209610164165497
GE.STD.ERR,MZ,2020,0.20925036072731
GE.STD.ERR,MZ,2019,0.181607961654663
GE.STD.ERR,MZ,2018,0.170878753066063
GE.STD.ERR,MZ,2017,0.172041639685631
GE.STD.ERR,MZ,2016,0.16854102909565
GE.STD.ERR,MZ,2015,0.169350698590279
GE.STD.ERR,MZ,2014,0.174349665641785
GE.STD.ERR,MZ,2013,0.164826348423958
GE.STD.ERR,MZ,2012,0.180305510759354
GE.STD.ERR,MZ,2011,0.17807973921299
GE.STD.ERR,MZ,2010,0.175850346684456
GE.STD.ERR,MZ,2009,0.171793401241302
GE.STD.ERR,MZ,2008,0.183036118745804
GE.STD.ERR,MZ,2007,0.185836896300316
GE.STD.ERR,MZ,2006,0.161778941750526
GE.STD.ERR,MZ,2005,0.165638387203217
GE.STD.ERR,MZ,2004,0.164927199482918
GE.STD.ERR,MZ,2003,0.189338266849518
GE.STD.ERR,MZ,2002,0.199016541242599
GE.STD.ERR,MZ,2001,None
GE.STD.ERR,MZ,2000,0.238578706979752
GE.STD.ERR,MZ,1999,None
GE.STD.ERR,MZ,1998,0.222487077116966
GE.STD.ERR,MZ,1997,None
GE.STD.ERR,MZ,1996,0.173903718590736
GE.STD.ERR,MZ,1995,None
GE.STD.ERR,MR,2023,None
GE.STD.ERR,MR,2022,0.223306551575661
GE.STD.ERR,MR,2021,0.222194314002991
GE.STD.ERR,MR,2020,0.218073084950447
GE.STD.ERR,MR,2019,0.195384442806244
GE.STD.ERR,MR,2018,0.17699046432972
GE.STD.ERR,MR,2017,0.181160435080528
GE.STD.ERR,MR,2016,0.176389962434769
GE.STD.ERR,MR,2015,0.176748290657997
GE.STD.ERR,MR,2014,0.183071255683899
GE.STD.ERR,MR,2013,0.172446832060814
GE.STD.ERR,MR,2012,0.191644534468651
GE.STD.ERR,MR,2011,0.191542863845825
GE.STD.ERR,MR,2010,0.190515339374542
GE.STD.ERR,MR,2009,0.182159587740898
GE.STD.ERR,MR,2008,0.210968971252441
GE.STD.ERR,MR,2007,0.226325139403343
GE.STD.ERR,MR,2006,0.18127179145813
GE.STD.ERR,MR,2005,0.223866954445839
GE.STD.ERR,MR,2004,0.242282867431641
GE.STD.ERR,MR,2003,0.361106097698212
GE.STD.ERR,MR,2002,0.295856952667236
GE.STD.ERR,MR,2001,None
GE.STD.ERR,MR,2000,0.331546425819397
GE.STD.ERR,MR,1999,None
GE.STD.ERR,MR,1998,0.302315533161163
GE.STD.ERR,MR,1997,None
GE.STD.ERR,MR,1996,0.187617555260658
GE.STD.ERR,MR,1995,None
GE.STD.ERR,MW,2023,None
GE.STD.ERR,MW,2022,0.201468542218208
GE.STD.ERR,MW,2021,0.19828474521637
GE.STD.ERR,MW,2020,0.195723712444305
GE.STD.ERR,MW,2019,0.187763676047325
GE.STD.ERR,MW,2018,0.175456255674362
GE.STD.ERR,MW,2017,0.178227335214615
GE.STD.ERR,MW,2016,0.173067972064018
GE.STD.ERR,MW,2015,0.172515541315079
GE.STD.ERR,MW,2014,0.179958701133728
GE.STD.ERR,MW,2013,0.169322893023491
GE.STD.ERR,MW,2012,0.186165690422058
GE.STD.ERR,MW,2011,0.183139115571976
GE.STD.ERR,MW,2010,0.180702716112137
GE.STD.ERR,MW,2009,0.176866605877876
GE.STD.ERR,MW,2008,0.185854583978653
GE.STD.ERR,MW,2007,0.20330710709095
GE.STD.ERR,MW,2006,0.164149850606918
GE.STD.ERR,MW,2005,0.165638387203217
GE.STD.ERR,MW,2004,0.164927199482918
GE.STD.ERR,MW,2003,0.189338266849518
GE.STD.ERR,MW,2002,0.199016541242599
GE.STD.ERR,MW,2001,None
GE.STD.ERR,MW,2000,0.238578706979752
GE.STD.ERR,MW,1999,None
GE.STD.ERR,MW,1998,0.222487077116966
GE.STD.ERR,MW,1997,None
GE.STD.ERR,MW,1996,0.173903718590736
GE.STD.ERR,MW,1995,None
GE.STD.ERR,NE,2023,None
GE.STD.ERR,NE,2022,0.210689440369606
GE.STD.ERR,NE,2021,0.209610164165497
GE.STD.ERR,NE,2020,0.205584734678268
GE.STD.ERR,NE,2019,0.18674610555172
GE.STD.ERR,NE,2018,0.178154200315475
GE.STD.ERR,NE,2017,0.180837288498878
GE.STD.ERR,NE,2016,0.173995211720467
GE.STD.ERR,NE,2015,0.173939138650894
GE.STD.ERR,NE,2014,0.183704286813736
GE.STD.ERR,NE,2013,0.172732874751091
GE.STD.ERR,NE,2012,0.189648494124413
GE.STD.ERR,NE,2011,0.186799079179764
GE.STD.ERR,NE,2010,0.185168161988258
GE.STD.ERR,NE,2009,0.1826411485672
GE.STD.ERR,NE,2008,0.211533963680267
GE.STD.ERR,NE,2007,0.227033108472824
GE.STD.ERR,NE,2006,0.207648202776909
GE.STD.ERR,NE,2005,0.207678824663162
GE.STD.ERR,NE,2004,0.205213785171509
GE.STD.ERR,NE,2003,0.261566013097763
GE.STD.ERR,NE,2002,0.233744382858276
GE.STD.ERR,NE,2001,None
GE.STD.ERR,NE,2000,0.282076954841614
GE.STD.ERR,NE,1999,None
GE.STD.ERR,NE,1998,0.260438412427902
GE.STD.ERR,NE,1997,None
GE.STD.ERR,NE,1996,0.181661412119865
GE.STD.ERR,NE,1995,None
GE.STD.ERR,NG,2023,None
GE.STD.ERR,NG,2022,0.217173144221306
GE.STD.ERR,NG,2021,0.214677333831787
GE.STD.ERR,NG,2020,0.215713426470757
GE.STD.ERR,NG,2019,0.203475877642632
GE.STD.ERR,NG,2018,0.195675507187843
GE.STD.ERR,NG,2017,0.172041639685631
GE.STD.ERR,NG,2016,0.167120262980461
GE.STD.ERR,NG,2015,0.167807593941689
GE.STD.ERR,NG,2014,0.174349665641785
GE.STD.ERR,NG,2013,0.164826348423958
GE.STD.ERR,NG,2012,0.180305510759354
GE.STD.ERR,NG,2011,0.17807973921299
GE.STD.ERR,NG,2010,0.175850346684456
GE.STD.ERR,NG,2009,0.171793401241302
GE.STD.ERR,NG,2008,0.183036118745804
GE.STD.ERR,NG,2007,0.185836896300316
GE.STD.ERR,NG,2006,0.161778941750526
GE.STD.ERR,NG,2005,0.165638387203217
GE.STD.ERR,NG,2004,0.164927199482918
GE.STD.ERR,NG,2003,0.189338266849518
GE.STD.ERR,NG,2002,0.183660730719566
GE.STD.ERR,NG,2001,None
GE.STD.ERR,NG,2000,0.216711580753326
GE.STD.ERR,NG,1999,None
GE.STD.ERR,NG,1998,0.222487077116966
GE.STD.ERR,NG,1997,None
GE.STD.ERR,NG,1996,0.173903718590736
GE.STD.ERR,NG,1995,None
GE.STD.ERR,NI,2023,None
GE.STD.ERR,NI,2022,0.26954585313797
GE.STD.ERR,NI,2021,0.246228873729706
GE.STD.ERR,NI,2020,0.258833438158035
GE.STD.ERR,NI,2019,0.227077916264534
GE.STD.ERR,NI,2018,0.204146206378937
GE.STD.ERR,NI,2017,0.202614396810532
GE.STD.ERR,NI,2016,0.21567015349865
GE.STD.ERR,NI,2015,0.212430790066719
GE.STD.ERR,NI,2014,0.205125421285629
GE.STD.ERR,NI,2013,0.195715859532356
GE.STD.ERR,NI,2012,0.198709309101105
GE.STD.ERR,NI,2011,0.198931857943535
GE.STD.ERR,NI,2010,0.197629943490028
GE.STD.ERR,NI,2009,0.196521535515785
GE.STD.ERR,NI,2008,0.212356463074684
GE.STD.ERR,NI,2007,0.210946440696716
GE.STD.ERR,NI,2006,0.185233563184738
GE.STD.ERR,NI,2005,0.176489040255547
GE.STD.ERR,NI,2004,0.19208736717701
GE.STD.ERR,NI,2003,0.18796481192112
GE.STD.ERR,NI,2002,0.183514714241028
GE.STD.ERR,NI,2001,None
GE.STD.ERR,NI,2000,0.216711580753326
GE.STD.ERR,NI,1999,None
GE.STD.ERR,NI,1998,0.222487077116966
GE.STD.ERR,NI,1997,None
GE.STD.ERR,NI,1996,0.171375781297684
GE.STD.ERR,NI,1995,None
GE.STD.ERR,NP,2023,None
GE.STD.ERR,NP,2022,0.259205043315887
GE.STD.ERR,NP,2021,0.257347792387009
GE.STD.ERR,NP,2020,0.255562871694565
GE.STD.ERR,NP,2019,0.23145666718483
GE.STD.ERR,NP,2018,0.224942713975906
GE.STD.ERR,NP,2017,0.217251181602478
GE.STD.ERR,NP,2016,0.21723248064518
GE.STD.ERR,NP,2015,0.227131724357605
GE.STD.ERR,NP,2014,0.215446248650551
GE.STD.ERR,NP,2013,0.205478027462959
GE.STD.ERR,NP,2012,0.21094112098217
GE.STD.ERR,NP,2011,0.21199406683445
GE.STD.ERR,NP,2010,0.210223183035851
GE.STD.ERR,NP,2009,0.209508061408997
GE.STD.ERR,NP,2008,0.246606275439262
GE.STD.ERR,NP,2007,0.247699856758118
GE.STD.ERR,NP,2006,0.203269124031067
GE.STD.ERR,NP,2005,0.203197255730629
GE.STD.ERR,NP,2004,0.235708385705948
GE.STD.ERR,NP,2003,0.298997640609741
GE.STD.ERR,NP,2002,0.259350627660751
GE.STD.ERR,NP,2001,None
GE.STD.ERR,NP,2000,0.331546425819397
GE.STD.ERR,NP,1999,None
GE.STD.ERR,NP,1998,0.302315533161163
GE.STD.ERR,NP,1997,None
GE.STD.ERR,NP,1996,0.187617555260658
GE.STD.ERR,NP,1995,None
GE.STD.ERR,PK,2023,None
GE.STD.ERR,PK,2022,0.245769441127777
GE.STD.ERR,PK,2021,0.243689030408859
GE.STD.ERR,PK,2020,0.239954218268394
GE.STD.ERR,PK,2019,0.218846276402473
GE.STD.ERR,PK,2018,0.211029276251793
GE.STD.ERR,PK,2017,0.202651381492615
GE.STD.ERR,PK,2016,0.203051581978798
GE.STD.ERR,PK,2015,0.21203924715519
GE.STD.ERR,PK,2014,0.202124297618866
GE.STD.ERR,PK,2013,0.193579867482185
GE.STD.ERR,PK,2012,0.196586906909943
GE.STD.ERR,PK,2011,0.19440470635891
GE.STD.ERR,PK,2010,0.193452537059784
GE.STD.ERR,PK,2009,0.195807263255119
GE.STD.ERR,PK,2008,0.201516449451447
GE.STD.ERR,PK,2007,0.197559341788292
GE.STD.ERR,PK,2006,0.17651692032814
GE.STD.ERR,PK,2005,0.174616992473602
GE.STD.ERR,PK,2004,0.193942978978157
GE.STD.ERR,PK,2003,0.190472021698952
GE.STD.ERR,PK,2002,0.199642837047577
GE.STD.ERR,PK,2001,None
GE.STD.ERR,PK,2000,0.238578706979752
GE.STD.ERR,PK,1999,None
GE.STD.ERR,PK,1998,0.222487077116966
GE.STD.ERR,PK,1997,None
GE.STD.ERR,PK,1996,0.173903718590736
GE.STD.ERR,PK,1995,None
GE.STD.ERR,PH,2023,None
GE.STD.ERR,PH,2022,0.24280446767807
GE.STD.ERR,PH,2021,0.229329586029053
GE.STD.ERR,PH,2020,0.232876241207123
GE.STD.ERR,PH,2019,0.214501276612282
GE.STD.ERR,PH,2018,0.207521453499794
GE.STD.ERR,PH,2017,0.199878841638565
GE.STD.ERR,PH,2016,0.199922159314156
GE.STD.ERR,PH,2015,0.208309665322304
GE.STD.ERR,PH,2014,0.20712123811245
GE.STD.ERR,PH,2013,0.198808252811432
GE.STD.ERR,PH,2012,0.201531365513802
GE.STD.ERR,PH,2011,0.204372957348824
GE.STD.ERR,PH,2010,0.207185819745064
GE.STD.ERR,PH,2009,0.202020466327667
GE.STD.ERR,PH,2008,0.210038930177689
GE.STD.ERR,PH,2007,0.206260249018669
GE.STD.ERR,PH,2006,0.185697168111801
GE.STD.ERR,PH,2005,0.18039482831955
GE.STD.ERR,PH,2004,0.189565911889076
GE.STD.ERR,PH,2003,0.185161739587784
GE.STD.ERR,PH,2002,0.17885360121727
GE.STD.ERR,PH,2001,None
GE.STD.ERR,PH,2000,0.203009098768234
GE.STD.ERR,PH,1999,None
GE.STD.ERR,PH,1998,0.205459833145142
GE.STD.ERR,PH,1997,None
GE.STD.ERR,PH,1996,0.168259218335152
GE.STD.ERR,PH,1995,None
GE.STD.ERR,PG,2023,None
GE.STD.ERR,PG,2022,0.267457067966461
GE.STD.ERR,PG,2021,0.274473667144775
GE.STD.ERR,PG,2020,0.266294181346893
GE.STD.ERR,PG,2019,0.250479221343994
GE.STD.ERR,PG,2018,0.245637968182564
GE.STD.ERR,PG,2017,0.233959525823593
GE.STD.ERR,PG,2016,0.232751250267029
GE.STD.ERR,PG,2015,0.239924937486649
GE.STD.ERR,PG,2014,0.231673955917358
GE.STD.ERR,PG,2013,0.218453645706177
GE.STD.ERR,PG,2012,0.220665648579597
GE.STD.ERR,PG,2011,0.216171309351921
GE.STD.ERR,PG,2010,0.21290534734726
GE.STD.ERR,PG,2009,0.221761465072632
GE.STD.ERR,PG,2008,0.222337424755096
GE.STD.ERR,PG,2007,0.220834523439407
GE.STD.ERR,PG,2006,0.221850350499153
GE.STD.ERR,PG,2005,0.190861374139786
GE.STD.ERR,PG,2004,0.217043474316597
GE.STD.ERR,PG,2003,0.210551515221596
GE.STD.ERR,PG,2002,0.199642837047577
GE.STD.ERR,PG,2001,None
GE.STD.ERR,PG,2000,0.238578706979752
GE.STD.ERR,PG,1999,None
GE.STD.ERR,PG,1998,0.222487077116966
GE.STD.ERR,PG,1997,None
GE.STD.ERR,PG,1996,0.173903718590736
GE.STD.ERR,PG,1995,None
GE.STD.ERR,KP,2023,None
GE.STD.ERR,KP,2022,0.296128839254379
GE.STD.ERR,KP,2021,0.29643127322197
GE.STD.ERR,KP,2020,0.280114144086838
GE.STD.ERR,KP,2019,0.266309440135956
GE.STD.ERR,KP,2018,0.261455506086349
GE.STD.ERR,KP,2017,0.243950217962265
GE.STD.ERR,KP,2016,0.242578536272049
GE.STD.ERR,KP,2015,0.251607298851013
GE.STD.ERR,KP,2014,0.28177934885025
GE.STD.ERR,KP,2013,0.236035868525505
GE.STD.ERR,KP,2012,0.239863559603691
GE.STD.ERR,KP,2011,0.24146531522274
GE.STD.ERR,KP,2010,0.242915093898773
GE.STD.ERR,KP,2009,0.246121227741241
GE.STD.ERR,KP,2008,0.293897032737732
GE.STD.ERR,KP,2007,0.301623702049255
GE.STD.ERR,KP,2006,0.255605638027191
GE.STD.ERR,KP,2005,0.204833194613457
GE.STD.ERR,KP,2004,0.217043474316597
GE.STD.ERR,KP,2003,0.261566013097763
GE.STD.ERR,KP,2002,0.233744382858276
GE.STD.ERR,KP,2001,None
GE.STD.ERR,KP,2000,0.282076954841614
GE.STD.ERR,KP,1999,None
GE.STD.ERR,KP,1998,0.260438412427902
GE.STD.ERR,KP,1997,None
GE.STD.ERR,KP,1996,0.181661412119865
GE.STD.ERR,KP,1995,None
GE.STD.ERR,PS,2023,None
GE.STD.ERR,PS,2022,0.35089573264122
GE.STD.ERR,PS,2021,0.342920124530792
GE.STD.ERR,PS,2020,0.33969846367836
GE.STD.ERR,PS,2019,0.320448726415634
GE.STD.ERR,PS,2018,0.322514206171036
GE.STD.ERR,PS,2017,0.323710024356842
GE.STD.ERR,PS,2016,0.310822695493698
GE.STD.ERR,PS,2015,0.322182655334473
GE.STD.ERR,PS,2014,0.339087873697281
GE.STD.ERR,PS,2013,0.293946117162704
GE.STD.ERR,PS,2012,0.306071490049362
GE.STD.ERR,PS,2011,0.321247637271881
GE.STD.ERR,PS,2010,0.326757907867432
GE.STD.ERR,PS,2009,0.316913247108459
GE.STD.ERR,PS,2008,0.439304322004318
GE.STD.ERR,PS,2007,0.426548063755035
GE.STD.ERR,PS,2006,0.392584353685379
GE.STD.ERR,PS,2005,0.296854168176651
GE.STD.ERR,PS,2004,0.376263976097107
GE.STD.ERR,PS,2003,0.361106097698212
GE.STD.ERR,PS,2002,0.295856952667236
GE.STD.ERR,PS,2001,None
GE.STD.ERR,PS,2000,0.331546425819397
GE.STD.ERR,PS,1999,None
GE.STD.ERR,PS,1998,0.302315533161163
GE.STD.ERR,PS,1997,None
GE.STD.ERR,PS,1996,0.187617555260658
GE.STD.ERR,PS,1995,None
GE.STD.ERR,RW,2023,None
GE.STD.ERR,RW,2022,0.214687496423721
GE.STD.ERR,RW,2021,0.208835527300835
GE.STD.ERR,RW,2020,0.206406950950623
GE.STD.ERR,RW,2019,0.188020423054695
GE.STD.ERR,RW,2018,0.17699046432972
GE.STD.ERR,RW,2017,0.181160435080528
GE.STD.ERR,RW,2016,0.176389962434769
GE.STD.ERR,RW,2015,0.176748290657997
GE.STD.ERR,RW,2014,0.183071255683899
GE.STD.ERR,RW,2013,0.172446832060814
GE.STD.ERR,RW,2012,0.191644534468651
GE.STD.ERR,RW,2011,0.197881489992142
GE.STD.ERR,RW,2010,0.196730896830559
GE.STD.ERR,RW,2009,0.200957491993904
GE.STD.ERR,RW,2008,0.210677087306976
GE.STD.ERR,RW,2007,0.22679340839386
GE.STD.ERR,RW,2006,0.209645345807076
GE.STD.ERR,RW,2005,0.223866954445839
GE.STD.ERR,RW,2004,0.220771551132202
GE.STD.ERR,RW,2003,0.298997640609741
GE.STD.ERR,RW,2002,0.259350627660751
GE.STD.ERR,RW,2001,None
GE.STD.ERR,RW,2000,0.331546425819397
GE.STD.ERR,RW,1999,None
GE.STD.ERR,RW,1998,0.302315533161163
GE.STD.ERR,RW,1997,None
GE.STD.ERR,RW,1996,0.187617555260658
GE.STD.ERR,RW,1995,None
GE.STD.ERR,SD,2023,None
GE.STD.ERR,SD,2022,0.212906703352928
GE.STD.ERR,SD,2021,0.213839083909988
GE.STD.ERR,SD,2020,0.20925036072731
GE.STD.ERR,SD,2019,0.188217550516129
GE.STD.ERR,SD,2018,0.179467305541039
GE.STD.ERR,SD,2017,0.182546108961105
GE.STD.ERR,SD,2016,0.175600335001945
GE.STD.ERR,SD,2015,0.175659418106079
GE.STD.ERR,SD,2014,0.184097111225128
GE.STD.ERR,SD,2013,0.173199325799942
GE.STD.ERR,SD,2012,0.190095007419586
GE.STD.ERR,SD,2011,0.187022402882576
GE.STD.ERR,SD,2010,0.185168161988258
GE.STD.ERR,SD,2009,0.1826411485672
GE.STD.ERR,SD,2008,0.197520583868027
GE.STD.ERR,SD,2007,0.207587108016014
GE.STD.ERR,SD,2006,0.1982142329216
GE.STD.ERR,SD,2005,0.183859661221504
GE.STD.ERR,SD,2004,0.179028868675232
GE.STD.ERR,SD,2003,0.210551515221596
GE.STD.ERR,SD,2002,0.199642837047577
GE.STD.ERR,SD,2001,None
GE.STD.ERR,SD,2000,0.238578706979752
GE.STD.ERR,SD,1999,None
GE.STD.ERR,SD,1998,0.222487077116966
GE.STD.ERR,SD,1997,None
GE.STD.ERR,SD,1996,0.173903718590736
GE.STD.ERR,SD,1995,None
GE.STD.ERR,SN,2023,None
GE.STD.ERR,SN,2022,0.201468542218208
GE.STD.ERR,SN,2021,0.19828474521637
GE.STD.ERR,SN,2020,0.195723712444305
GE.STD.ERR,SN,2019,0.180285081267357
GE.STD.ERR,SN,2018,0.169744148850441
GE.STD.ERR,SN,2017,0.172041639685631
GE.STD.ERR,SN,2016,0.167120262980461
GE.STD.ERR,SN,2015,0.167807593941689
GE.STD.ERR,SN,2014,0.174349665641785
GE.STD.ERR,SN,2013,0.164826348423958
GE.STD.ERR,SN,2012,0.180305510759354
GE.STD.ERR,SN,2011,0.17807973921299
GE.STD.ERR,SN,2010,0.175850346684456
GE.STD.ERR,SN,2009,0.171793401241302
GE.STD.ERR,SN,2008,0.183036118745804
GE.STD.ERR,SN,2007,0.185836896300316
GE.STD.ERR,SN,2006,0.189328372478485
GE.STD.ERR,SN,2005,0.179306909441948
GE.STD.ERR,SN,2004,0.178442493081093
GE.STD.ERR,SN,2003,0.189338266849518
GE.STD.ERR,SN,2002,0.199016541242599
GE.STD.ERR,SN,2001,None
GE.STD.ERR,SN,2000,0.238578706979752
GE.STD.ERR,SN,1999,None
GE.STD.ERR,SN,1998,0.222487077116966
GE.STD.ERR,SN,1997,None
GE.STD.ERR,SN,1996,0.173903718590736
GE.STD.ERR,SN,1995,None
GE.STD.ERR,SB,2023,None
GE.STD.ERR,SB,2022,0.379767835140228
GE.STD.ERR,SB,2021,0.402841687202454
GE.STD.ERR,SB,2020,0.427005618810654
GE.STD.ERR,SB,2019,0.391434550285339
GE.STD.ERR,SB,2018,0.385205060243607
GE.STD.ERR,SB,2017,0.392347872257233
GE.STD.ERR,SB,2016,0.335610568523407
GE.STD.ERR,SB,2015,0.338430404663086
GE.STD.ERR,SB,2014,0.306705415248871
GE.STD.ERR,SB,2013,0.293751776218414
GE.STD.ERR,SB,2012,0.299872100353241
GE.STD.ERR,SB,2011,0.299673110246658
GE.STD.ERR,SB,2010,0.288806110620499
GE.STD.ERR,SB,2009,0.300981521606445
GE.STD.ERR,SB,2008,0.305909484624863
GE.STD.ERR,SB,2007,0.316639214754105
GE.STD.ERR,SB,2006,0.31173050403595
GE.STD.ERR,SB,2005,0.265190988779068
GE.STD.ERR,SB,2004,0.410197407007217
GE.STD.ERR,SB,2003,None
GE.STD.ERR,SB,2002,None
GE.STD.ERR,SB,2001,None
GE.STD.ERR,SB,2000,None
GE.STD.ERR,SB,1999,None
GE.STD.ERR,SB,1998,None
GE.STD.ERR,SB,1997,None
GE.STD.ERR,SB,1996,None
GE.STD.ERR,SB,1995,None
GE.STD.ERR,SL,2023,None
GE.STD.ERR,SL,2022,0.201468542218208
GE.STD.ERR,SL,2021,0.19828474521637
GE.STD.ERR,SL,2020,0.205584734678268
GE.STD.ERR,SL,2019,0.195096358656883
GE.STD.ERR,SL,2018,0.175456255674362
GE.STD.ERR,SL,2017,0.178227335214615
GE.STD.ERR,SL,2016,0.173067972064018
GE.STD.ERR,SL,2015,0.167807593941689
GE.STD.ERR,SL,2014,0.174349665641785
GE.STD.ERR,SL,2013,0.164826348423958
GE.STD.ERR,SL,2012,0.180305510759354
GE.STD.ERR,SL,2011,0.192663908004761
GE.STD.ERR,SL,2010,0.190859332680702
GE.STD.ERR,SL,2009,0.188773095607758
GE.STD.ERR,SL,2008,0.215918675065041
GE.STD.ERR,SL,2007,0.232345014810562
GE.STD.ERR,SL,2006,0.212734490633011
GE.STD.ERR,SL,2005,0.207678824663162
GE.STD.ERR,SL,2004,0.205213785171509
GE.STD.ERR,SL,2003,0.261566013097763
GE.STD.ERR,SL,2002,0.233744382858276
GE.STD.ERR,SL,2001,None
GE.STD.ERR,SL,2000,0.282076954841614
GE.STD.ERR,SL,1999,None
GE.STD.ERR,SL,1998,0.260438412427902
GE.STD.ERR,SL,1997,None
GE.STD.ERR,SL,1996,0.181661412119865
GE.STD.ERR,SL,1995,None
GE.STD.ERR,SO,2023,None
GE.STD.ERR,SO,2022,0.220493763685226
GE.STD.ERR,SO,2021,0.220695197582245
GE.STD.ERR,SO,2020,0.215886071324348
GE.STD.ERR,SO,2019,0.191610589623451
GE.STD.ERR,SO,2018,0.186197474598885
GE.STD.ERR,SO,2017,0.194863736629486
GE.STD.ERR,SO,2016,0.186095803976059
GE.STD.ERR,SO,2015,0.186516731977463
GE.STD.ERR,SO,2014,0.20559486746788
GE.STD.ERR,SO,2013,0.184645891189575
GE.STD.ERR,SO,2012,0.206377327442169
GE.STD.ERR,SO,2011,0.211627885699272
GE.STD.ERR,SO,2010,0.212738439440727
GE.STD.ERR,SO,2009,0.206053987145424
GE.STD.ERR,SO,2008,0.242923334240913
GE.STD.ERR,SO,2007,0.252713888883591
GE.STD.ERR,SO,2006,0.223932012915611
GE.STD.ERR,SO,2005,0.214444071054459
GE.STD.ERR,SO,2004,0.205213785171509
GE.STD.ERR,SO,2003,0.261566013097763
GE.STD.ERR,SO,2002,0.233744382858276
GE.STD.ERR,SO,2001,None
GE.STD.ERR,SO,2000,0.282076954841614
GE.STD.ERR,SO,1999,None
GE.STD.ERR,SO,1998,0.260438412427902
GE.STD.ERR,SO,1997,None
GE.STD.ERR,SO,1996,0.181661412119865
GE.STD.ERR,SO,1995,None
GE.STD.ERR,SS,2023,None
GE.STD.ERR,SS,2022,0.247765779495239
GE.STD.ERR,SS,2021,0.249845817685127
GE.STD.ERR,SS,2020,0.246262833476067
GE.STD.ERR,SS,2019,0.215208902955055
GE.STD.ERR,SS,2018,0.202595993876457
GE.STD.ERR,SS,2017,0.207076162099838
GE.STD.ERR,SS,2016,0.200332000851631
GE.STD.ERR,SS,2015,0.198451325297356
GE.STD.ERR,SS,2014,0.210964798927307
GE.STD.ERR,SS,2013,0.225359126925468
GE.STD.ERR,SS,2012,0.262444704771042
GE.STD.ERR,SS,2011,0.372079193592072
GE.STD.ERR,SS,2010,None
GE.STD.ERR,SS,2009,None
GE.STD.ERR,SS,2008,None
GE.STD.ERR,SS,2007,None
GE.STD.ERR,SS,2006,None
GE.STD.ERR,SS,2005,None
GE.STD.ERR,SS,2004,None
GE.STD.ERR,SS,2003,None
GE.STD.ERR,SS,2002,None
GE.STD.ERR,SS,2001,None
GE.STD.ERR,SS,2000,None
GE.STD.ERR,SS,1999,None
GE.STD.ERR,SS,1998,None
GE.STD.ERR,SS,1997,None
GE.STD.ERR,SS,1996,None
GE.STD.ERR,SS,1995,None
GE.STD.ERR,ST,2023,None
GE.STD.ERR,ST,2022,0.238976076245308
GE.STD.ERR,ST,2021,0.24017308652401
GE.STD.ERR,ST,2020,0.234602302312851
GE.STD.ERR,ST,2019,0.215787768363953
GE.STD.ERR,ST,2018,0.203735843300819
GE.STD.ERR,ST,2017,0.210810333490372
GE.STD.ERR,ST,2016,0.202954217791557
GE.STD.ERR,ST,2015,0.197966575622559
GE.STD.ERR,ST,2014,0.210980400443077
GE.STD.ERR,ST,2013,0.197171688079834
GE.STD.ERR,ST,2012,0.224793970584869
GE.STD.ERR,ST,2011,0.22323639690876
GE.STD.ERR,ST,2010,0.218964025378227
GE.STD.ERR,ST,2009,0.2194564640522
GE.STD.ERR,ST,2008,0.223640322685242
GE.STD.ERR,ST,2007,0.242514193058014
GE.STD.ERR,ST,2006,0.223657801747322
GE.STD.ERR,ST,2005,0.241855874657631
GE.STD.ERR,ST,2004,0.242282867431641
GE.STD.ERR,ST,2003,0.361106097698212
GE.STD.ERR,ST,2002,0.295856952667236
GE.STD.ERR,ST,2001,None
GE.STD.ERR,ST,2000,0.331546425819397
GE.STD.ERR,ST,1999,None
GE.STD.ERR,ST,1998,0.302315533161163
GE.STD.ERR,ST,1997,None
GE.STD.ERR,ST,1996,0.187617555260658
GE.STD.ERR,ST,1995,None
GE.STD.ERR,SZ,2023,None
GE.STD.ERR,SZ,2022,0.2500921189785
GE.STD.ERR,SZ,2021,0.257541805505753
GE.STD.ERR,SZ,2020,0.265618830919266
GE.STD.ERR,SZ,2019,0.245334640145302
GE.STD.ERR,SZ,2018,0.234587639570236
GE.STD.ERR,SZ,2017,0.252086043357849
GE.STD.ERR,SZ,2016,0.24264220893383
GE.STD.ERR,SZ,2015,0.22516342997551
GE.STD.ERR,SZ,2014,0.231426030397415
GE.STD.ERR,SZ,2013,0.213398680090904
GE.STD.ERR,SZ,2012,0.254466712474823
GE.STD.ERR,SZ,2011,0.269618809223175
GE.STD.ERR,SZ,2010,0.274219661951065
GE.STD.ERR,SZ,2009,0.298496216535568
GE.STD.ERR,SZ,2008,0.310113310813904
GE.STD.ERR,SZ,2007,0.319038897752762
GE.STD.ERR,SZ,2006,0.318718701601028
GE.STD.ERR,SZ,2005,0.296854168176651
GE.STD.ERR,SZ,2004,0.376263976097107
GE.STD.ERR,SZ,2003,0.361106097698212
GE.STD.ERR,SZ,2002,0.295856952667236
GE.STD.ERR,SZ,2001,None
GE.STD.ERR,SZ,2000,0.331546425819397
GE.STD.ERR,SZ,1999,None
GE.STD.ERR,SZ,1998,0.302315533161163
GE.STD.ERR,SZ,1997,None
GE.STD.ERR,SZ,1996,0.187617555260658
GE.STD.ERR,SZ,1995,None
GE.STD.ERR,SY,2023,None
GE.STD.ERR,SY,2022,0.287555515766144
GE.STD.ERR,SY,2021,0.289243310689926
GE.STD.ERR,SY,2020,0.289424926042557
GE.STD.ERR,SY,2019,0.273427426815033
GE.STD.ERR,SY,2018,0.268339484930038
GE.STD.ERR,SY,2017,0.26041254401207
GE.STD.ERR,SY,2016,0.238388389348984
GE.STD.ERR,SY,2015,0.234362557530403
GE.STD.ERR,SY,2014,0.236896693706512
GE.STD.ERR,SY,2013,0.221470683813095
GE.STD.ERR,SY,2012,0.224939480423927
GE.STD.ERR,SY,2011,0.212184086441994
GE.STD.ERR,SY,2010,0.215132147073746
GE.STD.ERR,SY,2009,0.211970314383507
GE.STD.ERR,SY,2008,0.224286466836929
GE.STD.ERR,SY,2007,0.221206679940224
GE.STD.ERR,SY,2006,0.246919870376587
GE.STD.ERR,SY,2005,0.204833194613457
GE.STD.ERR,SY,2004,0.217043474316597
GE.STD.ERR,SY,2003,0.210551515221596
GE.STD.ERR,SY,2002,0.199642837047577
GE.STD.ERR,SY,2001,None
GE.STD.ERR,SY,2000,0.238578706979752
GE.STD.ERR,SY,1999,None
GE.STD.ERR,SY,1998,0.222487077116966
GE.STD.ERR,SY,1997,None
GE.STD.ERR,SY,1996,0.173903718590736
GE.STD.ERR,SY,1995,None
GE.STD.ERR,TD,2023,None
GE.STD.ERR,TD,2022,0.212414711713791
GE.STD.ERR,TD,2021,0.208835527300835
GE.STD.ERR,TD,2020,0.206406950950623
GE.STD.ERR,TD,2019,0.188020423054695
GE.STD.ERR,TD,2018,0.17699046432972
GE.STD.ERR,TD,2017,0.181160435080528
GE.STD.ERR,TD,2016,0.176389962434769
GE.STD.ERR,TD,2015,0.176748290657997
GE.STD.ERR,TD,2014,0.183071255683899
GE.STD.ERR,TD,2013,0.172446832060814
GE.STD.ERR,TD,2012,0.191644534468651
GE.STD.ERR,TD,2011,0.191542863845825
GE.STD.ERR,TD,2010,0.190515339374542
GE.STD.ERR,TD,2009,0.182159587740898
GE.STD.ERR,TD,2008,0.193710163235664
GE.STD.ERR,TD,2007,0.203260153532028
GE.STD.ERR,TD,2006,0.171099692583084
GE.STD.ERR,TD,2005,0.198816001415253
GE.STD.ERR,TD,2004,0.196589097380638
GE.STD.ERR,TD,2003,0.248510763049126
GE.STD.ERR,TD,2002,0.259350627660751
GE.STD.ERR,TD,2001,None
GE.STD.ERR,TD,2000,0.331546425819397
GE.STD.ERR,TD,1999,None
GE.STD.ERR,TD,1998,0.302315533161163
GE.STD.ERR,TD,1997,None
GE.STD.ERR,TD,1996,0.187617555260658
GE.STD.ERR,TD,1995,None
GE.STD.ERR,TG,2023,None
GE.STD.ERR,TG,2022,0.210689440369606
GE.STD.ERR,TG,2021,0.209610164165497
GE.STD.ERR,TG,2020,0.205584734678268
GE.STD.ERR,TG,2019,0.18674610555172
GE.STD.ERR,TG,2018,0.178154200315475
GE.STD.ERR,TG,2017,0.180837288498878
GE.STD.ERR,TG,2016,0.173995211720467
GE.STD.ERR,TG,2015,0.173939138650894
GE.STD.ERR,TG,2014,0.183704286813736
GE.STD.ERR,TG,2013,0.172732874751091
GE.STD.ERR,TG,2012,0.189648494124413
GE.STD.ERR,TG,2011,0.186799079179764
GE.STD.ERR,TG,2010,0.185168161988258
GE.STD.ERR,TG,2009,0.187851920723915
GE.STD.ERR,TG,2008,0.197520583868027
GE.STD.ERR,TG,2007,0.207587108016014
GE.STD.ERR,TG,2006,0.19678857922554
GE.STD.ERR,TG,2005,0.207678824663162
GE.STD.ERR,TG,2004,0.205213785171509
GE.STD.ERR,TG,2003,0.261566013097763
GE.STD.ERR,TG,2002,0.233744382858276
GE.STD.ERR,TG,2001,None
GE.STD.ERR,TG,2000,0.282076954841614
GE.STD.ERR,TG,1999,None
GE.STD.ERR,TG,1998,0.260438412427902
GE.STD.ERR,TG,1997,None
GE.STD.ERR,TG,1996,0.181661412119865
GE.STD.ERR,TG,1995,None
GE.STD.ERR,TJ,2023,None
GE.STD.ERR,TJ,2022,0.279787540435791
GE.STD.ERR,TJ,2021,0.257347792387009
GE.STD.ERR,TJ,2020,0.255562871694565
GE.STD.ERR,TJ,2019,0.23145666718483
GE.STD.ERR,TJ,2018,0.245708838105202
GE.STD.ERR,TJ,2017,0.235828951001167
GE.STD.ERR,TJ,2016,0.21723248064518
GE.STD.ERR,TJ,2015,0.239164724946022
GE.STD.ERR,TJ,2014,0.226229518651962
GE.STD.ERR,TJ,2013,0.232673510909081
GE.STD.ERR,TJ,2012,0.220161885023117
GE.STD.ERR,TJ,2011,0.220363035798073
GE.STD.ERR,TJ,2010,0.218270719051361
GE.STD.ERR,TJ,2009,0.218334659934044
GE.STD.ERR,TJ,2008,0.219820663332939
GE.STD.ERR,TJ,2007,0.218052297830582
GE.STD.ERR,TJ,2006,0.188899770379066
GE.STD.ERR,TJ,2005,0.207147687673569
GE.STD.ERR,TJ,2004,0.30567991733551
GE.STD.ERR,TJ,2003,0.296225339174271
GE.STD.ERR,TJ,2002,0.25764986872673
GE.STD.ERR,TJ,2001,None
GE.STD.ERR,TJ,2000,0.331546425819397
GE.STD.ERR,TJ,1999,None
GE.STD.ERR,TJ,1998,0.302315533161163
GE.STD.ERR,TJ,1997,None
GE.STD.ERR,TJ,1996,0.187617555260658
GE.STD.ERR,TJ,1995,None
GE.STD.ERR,TL,2023,None
GE.STD.ERR,TL,2022,0.293387711048126
GE.STD.ERR,TL,2021,0.302044808864594
GE.STD.ERR,TL,2020,0.298296719789505
GE.STD.ERR,TL,2019,0.27733850479126
GE.STD.ERR,TL,2018,0.275864094495773
GE.STD.ERR,TL,2017,0.309507340192795
GE.STD.ERR,TL,2016,0.273916274309158
GE.STD.ERR,TL,2015,0.278531283140183
GE.STD.ERR,TL,2014,0.239476844668388
GE.STD.ERR,TL,2013,0.228978782892227
GE.STD.ERR,TL,2012,0.235756054520607
GE.STD.ERR,TL,2011,0.236120373010635
GE.STD.ERR,TL,2010,0.233046025037766
GE.STD.ERR,TL,2009,0.232446596026421
GE.STD.ERR,TL,2008,0.268151551485062
GE.STD.ERR,TL,2007,0.268611341714859
GE.STD.ERR,TL,2006,0.234319224953651
GE.STD.ERR,TL,2005,0.244756028056145
GE.STD.ERR,TL,2004,0.376263976097107
GE.STD.ERR,TL,2003,0.361106097698212
GE.STD.ERR,TL,2002,0.295856952667236
GE.STD.ERR,TL,2001,None
GE.STD.ERR,TL,2000,None
GE.STD.ERR,TL,1999,None
GE.STD.ERR,TL,1998,None
GE.STD.ERR,TL,1997,None
GE.STD.ERR,TL,1996,None
GE.STD.ERR,TL,1995,None
GE.STD.ERR,TN,2023,None
GE.STD.ERR,TN,2022,0.224907666444778
GE.STD.ERR,TN,2021,0.221500024199486
GE.STD.ERR,TN,2020,0.221931755542755
GE.STD.ERR,TN,2019,0.211285263299942
GE.STD.ERR,TN,2018,0.202915772795677
GE.STD.ERR,TN,2017,0.194474622607231
GE.STD.ERR,TN,2016,0.189282268285751
GE.STD.ERR,TN,2015,0.19383130967617
GE.STD.ERR,TN,2014,0.199404537677765
GE.STD.ERR,TN,2013,0.185494303703308
GE.STD.ERR,TN,2012,0.224200710654259
GE.STD.ERR,TN,2011,0.211858123540878
GE.STD.ERR,TN,2010,0.215132147073746
GE.STD.ERR,TN,2009,0.211970314383507
GE.STD.ERR,TN,2008,0.222742855548859
GE.STD.ERR,TN,2007,0.219317063689232
GE.STD.ERR,TN,2006,0.193484410643578
GE.STD.ERR,TN,2005,0.185124143958092
GE.STD.ERR,TN,2004,0.193942978978157
GE.STD.ERR,TN,2003,0.190472021698952
GE.STD.ERR,TN,2002,0.184152603149414
GE.STD.ERR,TN,2001,None
GE.STD.ERR,TN,2000,0.238578706979752
GE.STD.ERR,TN,1999,None
GE.STD.ERR,TN,1998,0.222487077116966
GE.STD.ERR,TN,1997,None
GE.STD.ERR,TN,1996,0.173903718590736
GE.STD.ERR,TN,1995,None
GE.STD.ERR,TZ,2023,None
GE.STD.ERR,TZ,2022,0.201468542218208
GE.STD.ERR,TZ,2021,0.19828474521637
GE.STD.ERR,TZ,2020,0.195723712444305
GE.STD.ERR,TZ,2019,0.180285081267357
GE.STD.ERR,TZ,2018,0.169744148850441
GE.STD.ERR,TZ,2017,0.172041639685631
GE.STD.ERR,TZ,2016,0.167120262980461
GE.STD.ERR,TZ,2015,0.167807593941689
GE.STD.ERR,TZ,2014,0.174349665641785
GE.STD.ERR,TZ,2013,0.164826348423958
GE.STD.ERR,TZ,2012,0.180305510759354
GE.STD.ERR,TZ,2011,0.17807973921299
GE.STD.ERR,TZ,2010,0.175850346684456
GE.STD.ERR,TZ,2009,0.171793401241302
GE.STD.ERR,TZ,2008,0.185854583978653
GE.STD.ERR,TZ,2007,0.18871659040451
GE.STD.ERR,TZ,2006,0.164149850606918
GE.STD.ERR,TZ,2005,0.165638387203217
GE.STD.ERR,TZ,2004,0.164927199482918
GE.STD.ERR,TZ,2003,0.189338266849518
GE.STD.ERR,TZ,2002,0.199016541242599
GE.STD.ERR,TZ,2001,None
GE.STD.ERR,TZ,2000,0.238578706979752
GE.STD.ERR,TZ,1999,None
GE.STD.ERR,TZ,1998,0.222487077116966
GE.STD.ERR,TZ,1997,None
GE.STD.ERR,TZ,1996,0.173903718590736
GE.STD.ERR,TZ,1995,None
GE.STD.ERR,UG,2023,None
GE.STD.ERR,UG,2022,0.210689440369606
GE.STD.ERR,UG,2021,0.209610164165497
GE.STD.ERR,UG,2020,0.195723712444305
GE.STD.ERR,UG,2019,0.180285081267357
GE.STD.ERR,UG,2018,0.169744148850441
GE.STD.ERR,UG,2017,0.172041639685631
GE.STD.ERR,UG,2016,0.167120262980461
GE.STD.ERR,UG,2015,0.167807593941689
GE.STD.ERR,UG,2014,0.174349665641785
GE.STD.ERR,UG,2013,0.164826348423958
GE.STD.ERR,UG,2012,0.180305510759354
GE.STD.ERR,UG,2011,0.17807973921299
GE.STD.ERR,UG,2010,0.175850346684456
GE.STD.ERR,UG,2009,0.171793401241302
GE.STD.ERR,UG,2008,0.183036118745804
GE.STD.ERR,UG,2007,0.185836896300316
GE.STD.ERR,UG,2006,0.161778941750526
GE.STD.ERR,UG,2005,0.165638387203217
GE.STD.ERR,UG,2004,0.164927199482918
GE.STD.ERR,UG,2003,0.189338266849518
GE.STD.ERR,UG,2002,0.199016541242599
GE.STD.ERR,UG,2001,None
GE.STD.ERR,UG,2000,0.238578706979752
GE.STD.ERR,UG,1999,None
GE.STD.ERR,UG,1998,0.222487077116966
GE.STD.ERR,UG,1997,None
GE.STD.ERR,UG,1996,0.173903718590736
GE.STD.ERR,UG,1995,None
GE.STD.ERR,UZ,2023,None
GE.STD.ERR,UZ,2022,0.263100683689117
GE.STD.ERR,UZ,2021,0.265698045492172
GE.STD.ERR,UZ,2020,0.278781324625015
GE.STD.ERR,UZ,2019,0.245630532503128
GE.STD.ERR,UZ,2018,0.245708838105202
GE.STD.ERR,UZ,2017,0.235828951001167
GE.STD.ERR,UZ,2016,0.233016058802605
GE.STD.ERR,UZ,2015,0.243001744151115
GE.STD.ERR,UZ,2014,0.233809381723404
GE.STD.ERR,UZ,2013,0.221399992704391
GE.STD.ERR,UZ,2012,0.225987985730171
GE.STD.ERR,UZ,2011,0.226826533675194
GE.STD.ERR,UZ,2010,0.233741208910942
GE.STD.ERR,UZ,2009,0.237056091427803
GE.STD.ERR,UZ,2008,0.24210150539875
GE.STD.ERR,UZ,2007,0.242037251591682
GE.STD.ERR,UZ,2006,0.238365590572357
GE.STD.ERR,UZ,2005,0.205801919102669
GE.STD.ERR,UZ,2004,0.242280125617981
GE.STD.ERR,UZ,2003,0.227408483624458
GE.STD.ERR,UZ,2002,0.213927760720253
GE.STD.ERR,UZ,2001,None
GE.STD.ERR,UZ,2000,0.395829141139984
GE.STD.ERR,UZ,1999,None
GE.STD.ERR,UZ,1998,0.394689708948135
GE.STD.ERR,UZ,1997,None
GE.STD.ERR,UZ,1996,0.517493844032288
GE.STD.ERR,UZ,1995,None
GE.STD.ERR,VN,2023,None
GE.STD.ERR,VN,2022,0.261089533567429
GE.STD.ERR,VN,2021,0.253849178552628
GE.STD.ERR,VN,2020,0.249917417764664
GE.STD.ERR,VN,2019,0.229168638586998
GE.STD.ERR,VN,2018,0.220806866884232
GE.STD.ERR,VN,2017,0.20903155207634
GE.STD.ERR,VN,2016,0.209363400936127
GE.STD.ERR,VN,2015,0.21203924715519
GE.STD.ERR,VN,2014,0.202124297618866
GE.STD.ERR,VN,2013,0.193579867482185
GE.STD.ERR,VN,2012,0.196586906909943
GE.STD.ERR,VN,2011,0.19440470635891
GE.STD.ERR,VN,2010,0.193452537059784
GE.STD.ERR,VN,2009,0.195807263255119
GE.STD.ERR,VN,2008,0.201516449451447
GE.STD.ERR,VN,2007,0.197559341788292
GE.STD.ERR,VN,2006,0.17651692032814
GE.STD.ERR,VN,2005,0.174616992473602
GE.STD.ERR,VN,2004,0.193942978978157
GE.STD.ERR,VN,2003,0.190472021698952
GE.STD.ERR,VN,2002,0.184152603149414
GE.STD.ERR,VN,2001,None
GE.STD.ERR,VN,2000,0.216711580753326
GE.STD.ERR,VN,1999,None
GE.STD.ERR,VN,1998,0.213521480560303
GE.STD.ERR,VN,1997,None
GE.STD.ERR,VN,1996,0.171663269400597
GE.STD.ERR,VN,1995,None
GE.STD.ERR,VU,2023,None
GE.STD.ERR,VU,2022,0.379767835140228
GE.STD.ERR,VU,2021,0.402841687202454
GE.STD.ERR,VU,2020,0.398686468601227
GE.STD.ERR,VU,2019,0.371362656354904
GE.STD.ERR,VU,2018,0.365629911422729
GE.STD.ERR,VU,2017,0.331072449684143
GE.STD.ERR,VU,2016,0.335610568523407
GE.STD.ERR,VU,2015,0.338430404663086
GE.STD.ERR,VU,2014,0.353842169046402
GE.STD.ERR,VU,2013,0.318169206380844
GE.STD.ERR,VU,2012,0.325496852397919
GE.STD.ERR,VU,2011,0.323667377233505
GE.STD.ERR,VU,2010,0.315153837203979
GE.STD.ERR,VU,2009,0.326186150312424
GE.STD.ERR,VU,2008,0.326600551605225
GE.STD.ERR,VU,2007,0.326607048511505
GE.STD.ERR,VU,2006,0.31173050403595
GE.STD.ERR,VU,2005,0.265190988779068
GE.STD.ERR,VU,2004,0.410197407007217
GE.STD.ERR,VU,2003,None
GE.STD.ERR,VU,2002,None
GE.STD.ERR,VU,2001,None
GE.STD.ERR,VU,2000,None
GE.STD.ERR,VU,1999,None
GE.STD.ERR,VU,1998,None
GE.STD.ERR,VU,1997,None
GE.STD.ERR,VU,1996,None
GE.STD.ERR,VU,1995,None
GE.STD.ERR,WS,2023,None
GE.STD.ERR,WS,2022,0.400206208229065
GE.STD.ERR,WS,2021,0.422974407672882
GE.STD.ERR,WS,2020,0.427005618810654
GE.STD.ERR,WS,2019,0.391434550285339
GE.STD.ERR,WS,2018,0.385205060243607
GE.STD.ERR,WS,2017,0.392347872257233
GE.STD.ERR,WS,2016,0.384507298469543
GE.STD.ERR,WS,2015,0.390668779611588
GE.STD.ERR,WS,2014,0.353842169046402
GE.STD.ERR,WS,2013,0.293751776218414
GE.STD.ERR,WS,2012,0.299872100353241
GE.STD.ERR,WS,2011,0.299673110246658
GE.STD.ERR,WS,2010,0.288806110620499
GE.STD.ERR,WS,2009,0.300981521606445
GE.STD.ERR,WS,2008,0.326600551605225
GE.STD.ERR,WS,2007,0.326607048511505
GE.STD.ERR,WS,2006,0.31173050403595
GE.STD.ERR,WS,2005,0.265190988779068
GE.STD.ERR,WS,2004,0.410197407007217
GE.STD.ERR,WS,2003,0.361106097698212
GE.STD.ERR,WS,2002,0.295856952667236
GE.STD.ERR,WS,2001,None
GE.STD.ERR,WS,2000,0.331546425819397
GE.STD.ERR,WS,1999,None
GE.STD.ERR,WS,1998,0.302315533161163
GE.STD.ERR,WS,1997,None
GE.STD.ERR,WS,1996,0.187617555260658
GE.STD.ERR,WS,1995,None
GE.STD.ERR,YE,2023,None
GE.STD.ERR,YE,2022,0.254717737436295
GE.STD.ERR,YE,2021,0.247978419065475
GE.STD.ERR,YE,2020,0.241135478019714
GE.STD.ERR,YE,2019,0.233180657029152
GE.STD.ERR,YE,2018,0.222950294613838
GE.STD.ERR,YE,2017,0.212989553809166
GE.STD.ERR,YE,2016,0.214124530553818
GE.STD.ERR,YE,2015,0.237162724137306
GE.STD.ERR,YE,2014,0.2146325558424
GE.STD.ERR,YE,2013,0.203930169343948
GE.STD.ERR,YE,2012,0.207051873207092
GE.STD.ERR,YE,2011,0.199343234300613
GE.STD.ERR,YE,2010,0.210523813962936
GE.STD.ERR,YE,2009,0.214831903576851
GE.STD.ERR,YE,2008,0.224447175860405
GE.STD.ERR,YE,2007,0.226941764354706
GE.STD.ERR,YE,2006,0.232142642140388
GE.STD.ERR,YE,2005,0.198913097381592
GE.STD.ERR,YE,2004,0.217043474316597
GE.STD.ERR,YE,2003,0.210551515221596
GE.STD.ERR,YE,2002,0.199642837047577
GE.STD.ERR,YE,2001,None
GE.STD.ERR,YE,2000,0.238578706979752
GE.STD.ERR,YE,1999,None
GE.STD.ERR,YE,1998,0.222487077116966
GE.STD.ERR,YE,1997,None
GE.STD.ERR,YE,1996,0.173903718590736
GE.STD.ERR,YE,1995,None
GE.STD.ERR,ZM,2023,None
GE.STD.ERR,ZM,2022,0.204350963234901
GE.STD.ERR,ZM,2021,0.200555324554443
GE.STD.ERR,ZM,2020,0.195723712444305
GE.STD.ERR,ZM,2019,0.187763676047325
GE.STD.ERR,ZM,2018,0.175456255674362
GE.STD.ERR,ZM,2017,0.178227335214615
GE.STD.ERR,ZM,2016,0.173067972064018
GE.STD.ERR,ZM,2015,0.167807593941689
GE.STD.ERR,ZM,2014,0.174349665641785
GE.STD.ERR,ZM,2013,0.164826348423958
GE.STD.ERR,ZM,2012,0.180305510759354
GE.STD.ERR,ZM,2011,0.17807973921299
GE.STD.ERR,ZM,2010,0.175850346684456
GE.STD.ERR,ZM,2009,0.171793401241302
GE.STD.ERR,ZM,2008,0.185854583978653
GE.STD.ERR,ZM,2007,0.18871659040451
GE.STD.ERR,ZM,2006,0.164149850606918
GE.STD.ERR,ZM,2005,0.179306909441948
GE.STD.ERR,ZM,2004,0.164927199482918
GE.STD.ERR,ZM,2003,0.189338266849518
GE.STD.ERR,ZM,2002,0.199016541242599
GE.STD.ERR,ZM,2001,None
GE.STD.ERR,ZM,2000,0.238578706979752
GE.STD.ERR,ZM,1999,None
GE.STD.ERR,ZM,1998,0.222487077116966
GE.STD.ERR,ZM,1997,None
GE.STD.ERR,ZM,1996,0.173903718590736
GE.STD.ERR,ZM,1995,None
GE.STD.ERR,ZW,2023,None
GE.STD.ERR,ZW,2022,0.210689440369606
GE.STD.ERR,ZW,2021,0.209610164165497
GE.STD.ERR,ZW,2020,0.205584734678268
GE.STD.ERR,ZW,2019,0.180285081267357
GE.STD.ERR,ZW,2018,0.169744148850441
GE.STD.ERR,ZW,2017,0.172041639685631
GE.STD.ERR,ZW,2016,0.167120262980461
GE.STD.ERR,ZW,2015,0.167807593941689
GE.STD.ERR,ZW,2014,0.181807741522789
GE.STD.ERR,ZW,2013,0.164826348423958
GE.STD.ERR,ZW,2012,0.180305510759354
GE.STD.ERR,ZW,2011,0.17807973921299
GE.STD.ERR,ZW,2010,0.175850346684456
GE.STD.ERR,ZW,2009,0.171793401241302
GE.STD.ERR,ZW,2008,0.183036118745804
GE.STD.ERR,ZW,2007,0.185836896300316
GE.STD.ERR,ZW,2006,0.161778941750526
GE.STD.ERR,ZW,2005,0.165638387203217
GE.STD.ERR,ZW,2004,0.164927199482918
GE.STD.ERR,ZW,2003,0.189338266849518
GE.STD.ERR,ZW,2002,0.183660730719566
GE.STD.ERR,ZW,2001,None
GE.STD.ERR,ZW,2000,0.216711580753326
GE.STD.ERR,ZW,1999,None
GE.STD.ERR,ZW,1998,0.213521480560303
GE.STD.ERR,ZW,1997,None
GE.STD.ERR,ZW,1996,0.171663269400597
GE.STD.ERR,ZW,1995,None
