CC.PER.RNK,AF,2019,5.7142858505249
CC.PER.RNK,AF,2018,4.7619047164917
CC.PER.RNK,AF,2017,3.80952382087708
CC.PER.RNK,AF,2016,3.80952382087708
CC.PER.RNK,AF,2015,5.7142858505249
CC.PER.RNK,AF,2014,5.28846168518066
CC.PER.RNK,AF,2013,0.947867274284363
CC.PER.RNK,AF,2012,1.42180097103119
CC.PER.RNK,AF,2011,0.473933637142181
CC.PER.RNK,AF,2010,0.952380955219269
CC.PER.RNK,AF,2009,0.956937789916992
CC.PER.RNK,AF,2008,0.485436886548996
CC.PER.RNK,AF,2007,0.970873773097992
CC.PER.RNK,AF,2006,1.95121955871582
CC.PER.RNK,AF,2005,1.46341466903687
CC.PER.RNK,AF,2004,6.40394067764282
CC.PER.RNK,AF,2003,4.7619047164917
CC.PER.RNK,AF,2002,4.7619047164917
CC.PER.RNK,AF,2001,None
CC.PER.RNK,AF,2000,4.78723382949829
CC.PER.RNK,AF,1999,None
CC.PER.RNK,AF,1998,8.02138996124268
CC.PER.RNK,AF,1997,None
CC.PER.RNK,AF,1996,4.30107545852661
CC.PER.RNK,AF,1995,None
CC.PER.RNK,AO,2019,13.8095235824585
CC.PER.RNK,AO,2018,10.9523811340332
CC.PER.RNK,AO,2017,5.7142858505249
CC.PER.RNK,AO,2016,4.7619047164917
CC.PER.RNK,AO,2015,4.2857141494751
CC.PER.RNK,AO,2014,3.8461537361145
CC.PER.RNK,AO,2013,4.7393364906311
CC.PER.RNK,AO,2012,4.7393364906311
CC.PER.RNK,AO,2011,3.3175356388092
CC.PER.RNK,AO,2010,3.80952382087708
CC.PER.RNK,AO,2009,2.87081336975098
CC.PER.RNK,AO,2008,4.36893224716187
CC.PER.RNK,AO,2007,5.33980560302734
CC.PER.RNK,AO,2006,7.80487823486328
CC.PER.RNK,AO,2005,6.34146356582642
CC.PER.RNK,AO,2004,5.9113302230835
CC.PER.RNK,AO,2003,5.29100513458252
CC.PER.RNK,AO,2002,7.93650770187378
CC.PER.RNK,AO,2001,None
CC.PER.RNK,AO,2000,8.51063823699951
CC.PER.RNK,AO,1999,None
CC.PER.RNK,AO,1998,7.48663091659546
CC.PER.RNK,AO,1997,None
CC.PER.RNK,AO,1996,9.67741966247559
CC.PER.RNK,AO,1995,None
CC.PER.RNK,BI,2019,4.7619047164917
CC.PER.RNK,BI,2018,5.2380952835083
CC.PER.RNK,BI,2017,8.5714282989502
CC.PER.RNK,BI,2016,10
CC.PER.RNK,BI,2015,8.09523773193359
CC.PER.RNK,BI,2014,8.17307662963867
CC.PER.RNK,BI,2013,1.89573454856873
CC.PER.RNK,BI,2012,0.947867274284363
CC.PER.RNK,BI,2011,8.53080558776855
CC.PER.RNK,BI,2010,11.4285717010498
CC.PER.RNK,BI,2009,11.4832534790039
CC.PER.RNK,BI,2008,13.1067962646484
CC.PER.RNK,BI,2007,9.22330093383789
CC.PER.RNK,BI,2006,12.1951217651367
CC.PER.RNK,BI,2005,18.0487804412842
CC.PER.RNK,BI,2004,16.7487678527832
CC.PER.RNK,BI,2003,21.6931209564209
CC.PER.RNK,BI,2002,29.100528717041
CC.PER.RNK,BI,2001,None
CC.PER.RNK,BI,2000,26.0638294219971
CC.PER.RNK,BI,1999,None
CC.PER.RNK,BI,1998,32.6203193664551
CC.PER.RNK,BI,1997,None
CC.PER.RNK,BI,1996,30.6451606750488
CC.PER.RNK,BI,1995,None
CC.PER.RNK,BJ,2019,41.9047622680664
CC.PER.RNK,BJ,2018,41.4285697937012
CC.PER.RNK,BJ,2017,33.8095245361328
CC.PER.RNK,BJ,2016,35.238094329834
CC.PER.RNK,BJ,2015,34.2857131958008
CC.PER.RNK,BJ,2014,29.8076915740967
CC.PER.RNK,BJ,2013,24.6445503234863
CC.PER.RNK,BJ,2012,20.3791465759277
CC.PER.RNK,BJ,2011,33.1753540039063
CC.PER.RNK,BJ,2010,29.5238094329834
CC.PER.RNK,BJ,2009,29.6650714874268
CC.PER.RNK,BJ,2008,36.8932037353516
CC.PER.RNK,BJ,2007,37.8640785217285
CC.PER.RNK,BJ,2006,34.1463432312012
CC.PER.RNK,BJ,2005,20.4878044128418
CC.PER.RNK,BJ,2004,33.9901466369629
CC.PER.RNK,BJ,2003,35.9788360595703
CC.PER.RNK,BJ,2002,26.9841270446777
CC.PER.RNK,BJ,2001,None
CC.PER.RNK,BJ,2000,31.3829784393311
CC.PER.RNK,BJ,1999,None
CC.PER.RNK,BJ,1998,33.6898384094238
CC.PER.RNK,BJ,1997,None
CC.PER.RNK,BJ,1996,34.9462356567383
CC.PER.RNK,BJ,1995,None
CC.PER.RNK,BF,2019,48.5714302062988
CC.PER.RNK,BF,2018,52.8571434020996
CC.PER.RNK,BF,2017,51.9047622680664
CC.PER.RNK,BF,2016,52.3809509277344
CC.PER.RNK,BF,2015,47.6190490722656
CC.PER.RNK,BF,2014,38.9423065185547
CC.PER.RNK,BF,2013,36.4928894042969
CC.PER.RNK,BF,2012,38.3886260986328
CC.PER.RNK,BF,2011,43.1279602050781
CC.PER.RNK,BF,2010,44.2857131958008
CC.PER.RNK,BF,2009,44.9760780334473
CC.PER.RNK,BF,2008,46.1165046691895
CC.PER.RNK,BF,2007,47.5728149414063
CC.PER.RNK,BF,2006,44.8780479431152
CC.PER.RNK,BF,2005,53.6585350036621
CC.PER.RNK,BF,2004,51.2315254211426
CC.PER.RNK,BF,2003,55.0264549255371
CC.PER.RNK,BF,2002,59.7883605957031
CC.PER.RNK,BF,2001,None
CC.PER.RNK,BF,2000,60.1063842773438
CC.PER.RNK,BF,1999,None
CC.PER.RNK,BF,1998,57.7540092468262
CC.PER.RNK,BF,1997,None
CC.PER.RNK,BF,1996,60.2150535583496
CC.PER.RNK,BF,1995,None
CC.PER.RNK,BD,2019,16.1904754638672
CC.PER.RNK,BD,2018,17.1428565979004
CC.PER.RNK,BD,2017,18.5714282989502
CC.PER.RNK,BD,2016,18.5714282989502
CC.PER.RNK,BD,2015,21.9047622680664
CC.PER.RNK,BD,2014,18.75
CC.PER.RNK,BD,2013,21.3270149230957
CC.PER.RNK,BD,2012,20.8530807495117
CC.PER.RNK,BD,2011,13.7440757751465
CC.PER.RNK,BD,2010,14.7619047164917
CC.PER.RNK,BD,2009,14.8325357437134
CC.PER.RNK,BD,2008,15.0485439300537
CC.PER.RNK,BD,2007,13.5922327041626
CC.PER.RNK,BD,2006,2.92682933807373
CC.PER.RNK,BD,2005,2.92682933807373
CC.PER.RNK,BD,2004,0.985221683979034
CC.PER.RNK,BD,2003,0.52910053730011
CC.PER.RNK,BD,2002,1.58730161190033
CC.PER.RNK,BD,2001,None
CC.PER.RNK,BD,2000,6.91489362716675
CC.PER.RNK,BD,1999,None
CC.PER.RNK,BD,1998,28.8770046234131
CC.PER.RNK,BD,1997,None
CC.PER.RNK,BD,1996,17.7419357299805
CC.PER.RNK,BD,1995,None
CC.PER.RNK,BO,2019,25.7142848968506
CC.PER.RNK,BO,2018,27.619047164917
CC.PER.RNK,BO,2017,26.6666660308838
CC.PER.RNK,BO,2016,24.2857151031494
CC.PER.RNK,BO,2015,26.6666660308838
CC.PER.RNK,BO,2014,30.2884616851807
CC.PER.RNK,BO,2013,35.0710906982422
CC.PER.RNK,BO,2012,27.488151550293
CC.PER.RNK,BO,2011,34.1232223510742
CC.PER.RNK,BO,2010,40
CC.PER.RNK,BO,2009,29.1866035461426
CC.PER.RNK,BO,2008,35.9223289489746
CC.PER.RNK,BO,2007,39.8058242797852
CC.PER.RNK,BO,2006,39.5121955871582
CC.PER.RNK,BO,2005,24.3902435302734
CC.PER.RNK,BO,2004,24.630542755127
CC.PER.RNK,BO,2003,23.280424118042
CC.PER.RNK,BO,2002,22.2222213745117
CC.PER.RNK,BO,2001,None
CC.PER.RNK,BO,2000,40.4255332946777
CC.PER.RNK,BO,1999,None
CC.PER.RNK,BO,1998,40.6417121887207
CC.PER.RNK,BO,1997,None
CC.PER.RNK,BO,1996,25.2688179016113
CC.PER.RNK,BO,1995,None
CC.PER.RNK,BT,2019,91.4285736083984
CC.PER.RNK,BT,2018,91.4285736083984
CC.PER.RNK,BT,2017,90.9523773193359
CC.PER.RNK,BT,2016,81.4285736083984
CC.PER.RNK,BT,2015,80.9523773193359
CC.PER.RNK,BT,2014,88.461540222168
CC.PER.RNK,BT,2013,79.1469192504883
CC.PER.RNK,BT,2012,79.1469192504883
CC.PER.RNK,BT,2011,77.2511825561523
CC.PER.RNK,BT,2010,79.523811340332
CC.PER.RNK,BT,2009,79.4258346557617
CC.PER.RNK,BT,2008,78.6407775878906
CC.PER.RNK,BT,2007,78.1553421020508
CC.PER.RNK,BT,2006,77.5609741210938
CC.PER.RNK,BT,2005,79.0243911743164
CC.PER.RNK,BT,2004,80.7881774902344
CC.PER.RNK,BT,2003,82.0105819702148
CC.PER.RNK,BT,2002,70.8994674682617
CC.PER.RNK,BT,2001,None
CC.PER.RNK,BT,2000,71.2765960693359
CC.PER.RNK,BT,1999,None
CC.PER.RNK,BT,1998,81.2834243774414
CC.PER.RNK,BT,1997,None
CC.PER.RNK,BT,1996,81.1827926635742
CC.PER.RNK,BT,1995,None
CC.PER.RNK,CF,2019,10.4761905670166
CC.PER.RNK,CF,2018,10.4761905670166
CC.PER.RNK,CF,2017,11.4285717010498
CC.PER.RNK,CF,2016,8.5714282989502
CC.PER.RNK,CF,2015,7.14285707473755
CC.PER.RNK,CF,2014,11.057692527771
CC.PER.RNK,CF,2013,12.3222751617432
CC.PER.RNK,CF,2012,16.5876770019531
CC.PER.RNK,CF,2011,18.0094795227051
CC.PER.RNK,CF,2010,18.0952377319336
CC.PER.RNK,CF,2009,18.1818180084229
CC.PER.RNK,CF,2008,11.6504850387573
CC.PER.RNK,CF,2007,8.25242710113525
CC.PER.RNK,CF,2006,8.29268264770508
CC.PER.RNK,CF,2005,7.80487823486328
CC.PER.RNK,CF,2004,1.97044336795807
CC.PER.RNK,CF,2003,12.1693124771118
CC.PER.RNK,CF,2002,18.518518447876
CC.PER.RNK,CF,2001,None
CC.PER.RNK,CF,2000,7.97872352600098
CC.PER.RNK,CF,1999,None
CC.PER.RNK,CF,1998,11.764705657959
CC.PER.RNK,CF,1997,None
CC.PER.RNK,CF,1996,11.290322303772
CC.PER.RNK,CF,1995,None
CC.PER.RNK,CI,2019,31.9047622680664
CC.PER.RNK,CI,2018,34.2857131958008
CC.PER.RNK,CI,2017,36.6666679382324
CC.PER.RNK,CI,2016,33.8095245361328
CC.PER.RNK,CI,2015,39.523811340332
CC.PER.RNK,CI,2014,42.3076934814453
CC.PER.RNK,CI,2013,25.5924167633057
CC.PER.RNK,CI,2012,21.8009471893311
CC.PER.RNK,CI,2011,16.5876770019531
CC.PER.RNK,CI,2010,10.9523811340332
CC.PER.RNK,CI,2009,11.9617223739624
CC.PER.RNK,CI,2008,12.62135887146
CC.PER.RNK,CI,2007,12.1359224319458
CC.PER.RNK,CI,2006,8.78048801422119
CC.PER.RNK,CI,2005,9.26829242706299
CC.PER.RNK,CI,2004,9.85221672058105
CC.PER.RNK,CI,2003,13.2275133132935
CC.PER.RNK,CI,2002,26.4550266265869
CC.PER.RNK,CI,2001,None
CC.PER.RNK,CI,2000,28.7234039306641
CC.PER.RNK,CI,1999,None
CC.PER.RNK,CI,1998,37.9679145812988
CC.PER.RNK,CI,1997,None
CC.PER.RNK,CI,1996,49.4623641967773
CC.PER.RNK,CI,1995,None
CC.PER.RNK,CM,2019,10.9523811340332
CC.PER.RNK,CM,2018,11.4285717010498
CC.PER.RNK,CM,2017,10.9523811340332
CC.PER.RNK,CM,2016,11.4285717010498
CC.PER.RNK,CM,2015,12.380952835083
CC.PER.RNK,CM,2014,10.0961542129517
CC.PER.RNK,CM,2013,9.95260620117188
CC.PER.RNK,CM,2012,7.10900497436523
CC.PER.RNK,CM,2011,11.3744077682495
CC.PER.RNK,CM,2010,14.2857141494751
CC.PER.RNK,CM,2009,17.7033500671387
CC.PER.RNK,CM,2008,15.5339803695679
CC.PER.RNK,CM,2007,16.019416809082
CC.PER.RNK,CM,2006,13.6585369110107
CC.PER.RNK,CM,2005,11.2195119857788
CC.PER.RNK,CM,2004,11.822660446167
CC.PER.RNK,CM,2003,14.8148145675659
CC.PER.RNK,CM,2002,5.8201060295105
CC.PER.RNK,CM,2001,None
CC.PER.RNK,CM,2000,2.12765955924988
CC.PER.RNK,CM,1999,None
CC.PER.RNK,CM,1998,3.20855617523193
CC.PER.RNK,CM,1997,None
CC.PER.RNK,CM,1996,3.76344084739685
CC.PER.RNK,CM,1995,None
CC.PER.RNK,CD,2019,3.33333325386047
CC.PER.RNK,CD,2018,3.80952382087708
CC.PER.RNK,CD,2017,5.2380952835083
CC.PER.RNK,CD,2016,6.66666650772095
CC.PER.RNK,CD,2015,7.61904764175415
CC.PER.RNK,CD,2014,6.73076915740967
CC.PER.RNK,CD,2013,4.26540279388428
CC.PER.RNK,CD,2012,2.84360194206238
CC.PER.RNK,CD,2011,1.42180097103119
CC.PER.RNK,CD,2010,1.42857146263123
CC.PER.RNK,CD,2009,1.91387557983398
CC.PER.RNK,CD,2008,4.85436916351318
CC.PER.RNK,CD,2007,3.88349509239197
CC.PER.RNK,CD,2006,0.97560977935791
CC.PER.RNK,CD,2005,1.95121955871582
CC.PER.RNK,CD,2004,3.44827580451965
CC.PER.RNK,CD,2003,1.05820107460022
CC.PER.RNK,CD,2002,1.05820107460022
CC.PER.RNK,CD,2001,None
CC.PER.RNK,CD,2000,0.531914889812469
CC.PER.RNK,CD,1999,None
CC.PER.RNK,CD,1998,1.06951868534088
CC.PER.RNK,CD,1997,None
CC.PER.RNK,CD,1996,0
CC.PER.RNK,CD,1995,None
CC.PER.RNK,CG,2019,5.2380952835083
CC.PER.RNK,CG,2018,8.09523773193359
CC.PER.RNK,CG,2017,7.61904764175415
CC.PER.RNK,CG,2016,10.4761905670166
CC.PER.RNK,CG,2015,9.5238094329834
CC.PER.RNK,CG,2014,9.13461494445801
CC.PER.RNK,CG,2013,10.4265403747559
CC.PER.RNK,CG,2012,9.95260620117188
CC.PER.RNK,CG,2011,12.3222751617432
CC.PER.RNK,CG,2010,12.380952835083
CC.PER.RNK,CG,2009,8.13397121429443
CC.PER.RNK,CG,2008,8.73786449432373
CC.PER.RNK,CG,2007,10.1941747665405
CC.PER.RNK,CG,2006,11.7073173522949
CC.PER.RNK,CG,2005,15.1219511032104
CC.PER.RNK,CG,2004,15.2709360122681
CC.PER.RNK,CG,2003,9.5238094329834
CC.PER.RNK,CG,2002,16.4021167755127
CC.PER.RNK,CG,2001,None
CC.PER.RNK,CG,2000,19.680850982666
CC.PER.RNK,CG,1999,None
CC.PER.RNK,CG,1998,5.88235282897949
CC.PER.RNK,CG,1997,None
CC.PER.RNK,CG,1996,23.1182804107666
CC.PER.RNK,CG,1995,None
CC.PER.RNK,KM,2019,14.2857141494751
CC.PER.RNK,KM,2018,21.9047622680664
CC.PER.RNK,KM,2017,26.1904754638672
CC.PER.RNK,KM,2016,27.619047164917
CC.PER.RNK,KM,2015,25.238094329834
CC.PER.RNK,KM,2014,33.6538467407227
CC.PER.RNK,KM,2013,26.5402851104736
CC.PER.RNK,KM,2012,24.6445503234863
CC.PER.RNK,KM,2011,22.748815536499
CC.PER.RNK,KM,2010,22.380952835083
CC.PER.RNK,KM,2009,21.5311012268066
CC.PER.RNK,KM,2008,24.2718448638916
CC.PER.RNK,KM,2007,29.1262130737305
CC.PER.RNK,KM,2006,28.2926826477051
CC.PER.RNK,KM,2005,19.5121955871582
CC.PER.RNK,KM,2004,22.1674880981445
CC.PER.RNK,KM,2003,30.1587295532227
CC.PER.RNK,KM,2002,32.2751312255859
CC.PER.RNK,KM,2001,None
CC.PER.RNK,KM,2000,18.6170215606689
CC.PER.RNK,KM,1999,None
CC.PER.RNK,KM,1998,20.3208560943604
CC.PER.RNK,KM,1997,None
CC.PER.RNK,KM,1996,16.6666660308838
CC.PER.RNK,KM,1995,None
CC.PER.RNK,CV,2019,79.0476226806641
CC.PER.RNK,CV,2018,78.0952377319336
CC.PER.RNK,CV,2017,79.0476226806641
CC.PER.RNK,CV,2016,78.0952377319336
CC.PER.RNK,CV,2015,79.0476226806641
CC.PER.RNK,CV,2014,79.8076934814453
CC.PER.RNK,CV,2013,77.2511825561523
CC.PER.RNK,CV,2012,77.2511825561523
CC.PER.RNK,CV,2011,78.6729888916016
CC.PER.RNK,CV,2010,78.0952377319336
CC.PER.RNK,CV,2009,77.511962890625
CC.PER.RNK,CV,2008,78.1553421020508
CC.PER.RNK,CV,2007,77.6699066162109
CC.PER.RNK,CV,2006,77.0731735229492
CC.PER.RNK,CV,2005,71.2195129394531
CC.PER.RNK,CV,2004,66.0098495483398
CC.PER.RNK,CV,2003,70.3703689575195
CC.PER.RNK,CV,2002,71.9576721191406
CC.PER.RNK,CV,2001,None
CC.PER.RNK,CV,2000,84.0425567626953
CC.PER.RNK,CV,1999,None
CC.PER.RNK,CV,1998,83.9572219848633
CC.PER.RNK,CV,1997,None
CC.PER.RNK,CV,1996,83.3333358764648
CC.PER.RNK,CV,1995,None
CC.PER.RNK,DJ,2019,20.4761905670166
CC.PER.RNK,DJ,2018,26.1904754638672
CC.PER.RNK,DJ,2017,28.5714282989502
CC.PER.RNK,DJ,2016,28.0952377319336
CC.PER.RNK,DJ,2015,28.0952377319336
CC.PER.RNK,DJ,2014,32.6923065185547
CC.PER.RNK,DJ,2013,35.5450248718262
CC.PER.RNK,DJ,2012,39.3364944458008
CC.PER.RNK,DJ,2011,41.7061614990234
CC.PER.RNK,DJ,2010,42.8571434020996
CC.PER.RNK,DJ,2009,44.0191383361816
CC.PER.RNK,DJ,2008,46.6019401550293
CC.PER.RNK,DJ,2007,35.4368934631348
CC.PER.RNK,DJ,2006,30.2439022064209
CC.PER.RNK,DJ,2005,27.8048782348633
CC.PER.RNK,DJ,2004,39.4088668823242
CC.PER.RNK,DJ,2003,32.2751312255859
CC.PER.RNK,DJ,2002,34.3915328979492
CC.PER.RNK,DJ,2001,None
CC.PER.RNK,DJ,2000,34.042552947998
CC.PER.RNK,DJ,1999,None
CC.PER.RNK,DJ,1998,32.0855598449707
CC.PER.RNK,DJ,1997,None
CC.PER.RNK,DJ,1996,29.0322589874268
CC.PER.RNK,DJ,1995,None
CC.PER.RNK,EG,2019,28.5714282989502
CC.PER.RNK,EG,2018,34.761905670166
CC.PER.RNK,EG,2017,39.0476188659668
CC.PER.RNK,EG,2016,32.3809509277344
CC.PER.RNK,EG,2015,32.8571434020996
CC.PER.RNK,EG,2014,34.6153831481934
CC.PER.RNK,EG,2013,33.6492881774902
CC.PER.RNK,EG,2012,33.6492881774902
CC.PER.RNK,EG,2011,30.3317527770996
CC.PER.RNK,EG,2010,32.3809509277344
CC.PER.RNK,EG,2009,38.7559814453125
CC.PER.RNK,EG,2008,25.2427177429199
CC.PER.RNK,EG,2007,27.1844654083252
CC.PER.RNK,EG,2006,26.3414630889893
CC.PER.RNK,EG,2005,36.0975608825684
CC.PER.RNK,EG,2004,32.5123138427734
CC.PER.RNK,EG,2003,38.0952377319336
CC.PER.RNK,EG,2002,41.2698402404785
CC.PER.RNK,EG,2001,None
CC.PER.RNK,EG,2000,39.361701965332
CC.PER.RNK,EG,1999,None
CC.PER.RNK,EG,1998,39.0374336242676
CC.PER.RNK,EG,1997,None
CC.PER.RNK,EG,1996,38.7096786499023
CC.PER.RNK,EG,1995,None
CC.PER.RNK,ER,2019,7.14285707473755
CC.PER.RNK,ER,2018,9.0476188659668
CC.PER.RNK,ER,2017,10.4761905670166
CC.PER.RNK,ER,2016,8.09523773193359
CC.PER.RNK,ER,2015,6.1904764175415
CC.PER.RNK,ER,2014,19.7115383148193
CC.PER.RNK,ER,2013,20.8530807495117
CC.PER.RNK,ER,2012,25.5924167633057
CC.PER.RNK,ER,2011,29.8578205108643
CC.PER.RNK,ER,2010,35.238094329834
CC.PER.RNK,ER,2009,37.7990417480469
CC.PER.RNK,ER,2008,42.7184448242188
CC.PER.RNK,ER,2007,39.3203887939453
CC.PER.RNK,ER,2006,42.4390258789063
CC.PER.RNK,ER,2005,47.3170738220215
CC.PER.RNK,ER,2004,51.7241363525391
CC.PER.RNK,ER,2003,58.7301597595215
CC.PER.RNK,ER,2002,60.3174591064453
CC.PER.RNK,ER,2001,None
CC.PER.RNK,ER,2000,69.1489334106445
CC.PER.RNK,ER,1999,None
CC.PER.RNK,ER,1998,69.5187149047852
CC.PER.RNK,ER,1997,None
CC.PER.RNK,ER,1996,72.0430145263672
CC.PER.RNK,ER,1995,None
CC.PER.RNK,ET,2019,38.0952377319336
CC.PER.RNK,ET,2018,36.6666679382324
CC.PER.RNK,ET,2017,33.3333320617676
CC.PER.RNK,ET,2016,40
CC.PER.RNK,ET,2015,39.0476188659668
CC.PER.RNK,ET,2014,40.8653831481934
CC.PER.RNK,ET,2013,37.9146919250488
CC.PER.RNK,ET,2012,32.2274894714355
CC.PER.RNK,ET,2011,27.014217376709
CC.PER.RNK,ET,2010,28.0952377319336
CC.PER.RNK,ET,2009,25.8373203277588
CC.PER.RNK,ET,2008,30.0970878601074
CC.PER.RNK,ET,2007,30.5825233459473
CC.PER.RNK,ET,2006,30.7317066192627
CC.PER.RNK,ET,2005,23.4146347045898
CC.PER.RNK,ET,2004,26.1083736419678
CC.PER.RNK,ET,2003,25.9259262084961
CC.PER.RNK,ET,2002,31.2169303894043
CC.PER.RNK,ET,2001,None
CC.PER.RNK,ET,2000,22.340425491333
CC.PER.RNK,ET,1999,None
CC.PER.RNK,ET,1998,24.5989303588867
CC.PER.RNK,ET,1997,None
CC.PER.RNK,ET,1996,18.8172035217285
CC.PER.RNK,ET,1995,None
CC.PER.RNK,FM,2019,75.7142868041992
CC.PER.RNK,FM,2018,74.2857131958008
CC.PER.RNK,FM,2017,77.6190490722656
CC.PER.RNK,FM,2016,74.7619018554688
CC.PER.RNK,FM,2015,73.8095245361328
CC.PER.RNK,FM,2014,76.4423065185547
CC.PER.RNK,FM,2013,53.554500579834
CC.PER.RNK,FM,2012,55.4502372741699
CC.PER.RNK,FM,2011,45.497631072998
CC.PER.RNK,FM,2010,49.0476188659668
CC.PER.RNK,FM,2009,52.1531105041504
CC.PER.RNK,FM,2008,51.4563102722168
CC.PER.RNK,FM,2007,50.4854354858398
CC.PER.RNK,FM,2006,54.634147644043
CC.PER.RNK,FM,2005,53.1707305908203
CC.PER.RNK,FM,2004,65.0246276855469
CC.PER.RNK,FM,2003,None
CC.PER.RNK,FM,2002,None
CC.PER.RNK,FM,2001,None
CC.PER.RNK,FM,2000,None
CC.PER.RNK,FM,1999,None
CC.PER.RNK,FM,1998,None
CC.PER.RNK,FM,1997,None
CC.PER.RNK,FM,1996,None
CC.PER.RNK,FM,1995,None
CC.PER.RNK,GH,2019,52.3809509277344
CC.PER.RNK,GH,2018,51.4285697937012
CC.PER.RNK,GH,2017,46.6666679382324
CC.PER.RNK,GH,2016,51.9047622680664
CC.PER.RNK,GH,2015,50.9523811340332
CC.PER.RNK,GH,2014,52.4038467407227
CC.PER.RNK,GH,2013,55.4502372741699
CC.PER.RNK,GH,2012,54.9763031005859
CC.PER.RNK,GH,2011,56.3981056213379
CC.PER.RNK,GH,2010,58.0952377319336
CC.PER.RNK,GH,2009,58.8516731262207
CC.PER.RNK,GH,2008,55.8252410888672
CC.PER.RNK,GH,2007,57.7669906616211
CC.PER.RNK,GH,2006,56.0975608825684
CC.PER.RNK,GH,2005,43.9024391174316
CC.PER.RNK,GH,2004,47.290641784668
CC.PER.RNK,GH,2003,46.0317459106445
CC.PER.RNK,GH,2002,43.9153442382813
CC.PER.RNK,GH,2001,None
CC.PER.RNK,GH,2000,53.1914901733398
CC.PER.RNK,GH,1999,None
CC.PER.RNK,GH,1998,47.0588226318359
CC.PER.RNK,GH,1997,None
CC.PER.RNK,GH,1996,46.2365608215332
CC.PER.RNK,GH,1995,None
CC.PER.RNK,GN,2019,18.5714282989502
CC.PER.RNK,GN,2018,13.3333330154419
CC.PER.RNK,GN,2017,14.2857141494751
CC.PER.RNK,GN,2016,15.2380952835083
CC.PER.RNK,GN,2015,15.2380952835083
CC.PER.RNK,GN,2014,13.4615383148193
CC.PER.RNK,GN,2013,13.7440757751465
CC.PER.RNK,GN,2012,14.6919431686401
CC.PER.RNK,GN,2011,12.7962083816528
CC.PER.RNK,GN,2010,7.61904764175415
CC.PER.RNK,GN,2009,12.4401912689209
CC.PER.RNK,GN,2008,6.7961163520813
CC.PER.RNK,GN,2007,5.82524251937866
CC.PER.RNK,GN,2006,11.2195119857788
CC.PER.RNK,GN,2005,14.1463413238525
CC.PER.RNK,GN,2004,20.6896553039551
CC.PER.RNK,GN,2003,20.1058197021484
CC.PER.RNK,GN,2002,28.5714282989502
CC.PER.RNK,GN,2001,None
CC.PER.RNK,GN,2000,13.297872543335
CC.PER.RNK,GN,1999,None
CC.PER.RNK,GN,1998,14.4385023117065
CC.PER.RNK,GN,1997,None
CC.PER.RNK,GN,1996,18.2795696258545
CC.PER.RNK,GN,1995,None
CC.PER.RNK,GM,2019,39.523811340332
CC.PER.RNK,GM,2018,37.1428565979004
CC.PER.RNK,GM,2017,29.5238094329834
CC.PER.RNK,GM,2016,20
CC.PER.RNK,GM,2015,23.3333339691162
CC.PER.RNK,GM,2014,28.365385055542
CC.PER.RNK,GM,2013,27.488151550293
CC.PER.RNK,GM,2012,30.8056869506836
CC.PER.RNK,GM,2011,37.4407577514648
CC.PER.RNK,GM,2010,32.8571434020996
CC.PER.RNK,GM,2009,34.4497604370117
CC.PER.RNK,GM,2008,27.6699028015137
CC.PER.RNK,GM,2007,28.1553401947021
CC.PER.RNK,GM,2006,26.8292675018311
CC.PER.RNK,GM,2005,28.7804870605469
CC.PER.RNK,GM,2004,34.9753684997559
CC.PER.RNK,GM,2003,51.8518524169922
CC.PER.RNK,GM,2002,48.6772499084473
CC.PER.RNK,GM,2001,None
CC.PER.RNK,GM,2000,45.2127647399902
CC.PER.RNK,GM,1999,None
CC.PER.RNK,GM,1998,44.9197845458984
CC.PER.RNK,GM,1997,None
CC.PER.RNK,GM,1996,43.5483856201172
CC.PER.RNK,GM,1995,None
CC.PER.RNK,GW,2019,4.2857141494751
CC.PER.RNK,GW,2018,2.38095235824585
CC.PER.RNK,GW,2017,1.90476191043854
CC.PER.RNK,GW,2016,2.38095235824585
CC.PER.RNK,GW,2015,2.38095235824585
CC.PER.RNK,GW,2014,1.92307686805725
CC.PER.RNK,GW,2013,3.79146909713745
CC.PER.RNK,GW,2012,5.68720388412476
CC.PER.RNK,GW,2011,10.9004735946655
CC.PER.RNK,GW,2010,11.9047622680664
CC.PER.RNK,GW,2009,7.65550231933594
CC.PER.RNK,GW,2008,7.76699018478394
CC.PER.RNK,GW,2007,8.73786449432373
CC.PER.RNK,GW,2006,13.1707315444946
CC.PER.RNK,GW,2005,12.6829271316528
CC.PER.RNK,GW,2004,7.88177347183228
CC.PER.RNK,GW,2003,8.99470901489258
CC.PER.RNK,GW,2002,11.640212059021
CC.PER.RNK,GW,2001,None
CC.PER.RNK,GW,2000,21.2765960693359
CC.PER.RNK,GW,1999,None
CC.PER.RNK,GW,1998,12.2994651794434
CC.PER.RNK,GW,1997,None
CC.PER.RNK,GW,1996,8.06451606750488
CC.PER.RNK,GW,1995,None
CC.PER.RNK,HN,2019,21.4285717010498
CC.PER.RNK,HN,2018,29.0476188659668
CC.PER.RNK,HN,2017,25.238094329834
CC.PER.RNK,HN,2016,29.0476188659668
CC.PER.RNK,HN,2015,33.3333320617676
CC.PER.RNK,HN,2014,24.0384616851807
CC.PER.RNK,HN,2013,18.0094795227051
CC.PER.RNK,HN,2012,18.0094795227051
CC.PER.RNK,HN,2011,21.8009471893311
CC.PER.RNK,HN,2010,20.4761905670166
CC.PER.RNK,HN,2009,20.0956935882568
CC.PER.RNK,HN,2008,18.4466018676758
CC.PER.RNK,HN,2007,22.8155345916748
CC.PER.RNK,HN,2006,21.9512195587158
CC.PER.RNK,HN,2005,22.4390239715576
CC.PER.RNK,HN,2004,18.7192115783691
CC.PER.RNK,HN,2003,15.8730154037476
CC.PER.RNK,HN,2002,15.8730154037476
CC.PER.RNK,HN,2001,None
CC.PER.RNK,HN,2000,17.5531921386719
CC.PER.RNK,HN,1999,None
CC.PER.RNK,HN,1998,16.5775394439697
CC.PER.RNK,HN,1997,None
CC.PER.RNK,HN,1996,14.5161294937134
CC.PER.RNK,HN,1995,None
CC.PER.RNK,HT,2019,8.5714282989502
CC.PER.RNK,HT,2018,9.5238094329834
CC.PER.RNK,HT,2017,10
CC.PER.RNK,HT,2016,7.61904764175415
CC.PER.RNK,HT,2015,10
CC.PER.RNK,HT,2014,8.65384578704834
CC.PER.RNK,HT,2013,11.8483409881592
CC.PER.RNK,HT,2012,9.00473976135254
CC.PER.RNK,HT,2011,6.16113758087158
CC.PER.RNK,HT,2010,10
CC.PER.RNK,HT,2009,12.9186601638794
CC.PER.RNK,HT,2008,6.31067943572998
CC.PER.RNK,HT,2007,6.31067943572998
CC.PER.RNK,HT,2006,6.34146356582642
CC.PER.RNK,HT,2005,3.41463422775269
CC.PER.RNK,HT,2004,2.46305418014526
CC.PER.RNK,HT,2003,0
CC.PER.RNK,HT,2002,0
CC.PER.RNK,HT,2001,None
CC.PER.RNK,HT,2000,7.44680833816528
CC.PER.RNK,HT,1999,None
CC.PER.RNK,HT,1998,9.09090900421143
CC.PER.RNK,HT,1997,None
CC.PER.RNK,HT,1996,9.13978481292725
CC.PER.RNK,HT,1995,None
CC.PER.RNK,IN,2019,44.761905670166
CC.PER.RNK,IN,2018,47.6190490722656
CC.PER.RNK,IN,2017,45.7142868041992
CC.PER.RNK,IN,2016,43.8095245361328
CC.PER.RNK,IN,2015,42.8571434020996
CC.PER.RNK,IN,2014,39.9038467407227
CC.PER.RNK,IN,2013,36.9668235778809
CC.PER.RNK,IN,2012,36.4928894042969
CC.PER.RNK,IN,2011,35.5450248718262
CC.PER.RNK,IN,2010,39.0476188659668
CC.PER.RNK,IN,2009,39.2344512939453
CC.PER.RNK,IN,2008,43.6893196105957
CC.PER.RNK,IN,2007,41.262134552002
CC.PER.RNK,IN,2006,47.3170738220215
CC.PER.RNK,IN,2005,44.8780479431152
CC.PER.RNK,IN,2004,37.9310340881348
CC.PER.RNK,IN,2003,40.7407417297363
CC.PER.RNK,IN,2002,36.5079383850098
CC.PER.RNK,IN,2001,None
CC.PER.RNK,IN,2000,43.6170196533203
CC.PER.RNK,IN,1999,None
CC.PER.RNK,IN,1998,49.7326202392578
CC.PER.RNK,IN,1997,None
CC.PER.RNK,IN,1996,43.0107536315918
CC.PER.RNK,IN,1995,None
CC.PER.RNK,JO,2019,58.5714302062988
CC.PER.RNK,JO,2018,58.5714302062988
CC.PER.RNK,JO,2017,61.9047622680664
CC.PER.RNK,JO,2016,61.9047622680664
CC.PER.RNK,JO,2015,62.3809509277344
CC.PER.RNK,JO,2014,60.5769233703613
CC.PER.RNK,JO,2013,59.7156410217285
CC.PER.RNK,JO,2012,60.1895751953125
CC.PER.RNK,JO,2011,59.7156410217285
CC.PER.RNK,JO,2010,60
CC.PER.RNK,JO,2009,62.6794242858887
CC.PER.RNK,JO,2008,67.4757308959961
CC.PER.RNK,JO,2007,64.0776672363281
CC.PER.RNK,JO,2006,64.3902435302734
CC.PER.RNK,JO,2005,63.4146347045898
CC.PER.RNK,JO,2004,64.0394058227539
CC.PER.RNK,JO,2003,67.7248687744141
CC.PER.RNK,JO,2002,55.0264549255371
CC.PER.RNK,JO,2001,None
CC.PER.RNK,JO,2000,58.5106391906738
CC.PER.RNK,JO,1999,None
CC.PER.RNK,JO,1998,59.3582878112793
CC.PER.RNK,JO,1997,None
CC.PER.RNK,JO,1996,55.3763427734375
CC.PER.RNK,JO,1995,None
CC.PER.RNK,KE,2019,24.2857151031494
CC.PER.RNK,KE,2018,20.4761905670166
CC.PER.RNK,KE,2017,15.2380952835083
CC.PER.RNK,KE,2016,16.6666660308838
CC.PER.RNK,KE,2015,14.2857141494751
CC.PER.RNK,KE,2014,16.3461532592773
CC.PER.RNK,KE,2013,14.6919431686401
CC.PER.RNK,KE,2012,12.7962083816528
CC.PER.RNK,KE,2011,18.4834117889404
CC.PER.RNK,KE,2010,19.5238094329834
CC.PER.RNK,KE,2009,15.7894735336304
CC.PER.RNK,KE,2008,14.0776700973511
CC.PER.RNK,KE,2007,18.4466018676758
CC.PER.RNK,KE,2006,19.5121955871582
CC.PER.RNK,KE,2005,17.0731716156006
CC.PER.RNK,KE,2004,20.1970443725586
CC.PER.RNK,KE,2003,16.9312171936035
CC.PER.RNK,KE,2002,16.9312171936035
CC.PER.RNK,KE,2001,None
CC.PER.RNK,KE,2000,10.1063833236694
CC.PER.RNK,KE,1999,None
CC.PER.RNK,KE,1998,9.6256685256958
CC.PER.RNK,KE,1997,None
CC.PER.RNK,KE,1996,10.7526884078979
CC.PER.RNK,KE,1995,None
CC.PER.RNK,KG,2019,17.1428565979004
CC.PER.RNK,KG,2018,16.1904754638672
CC.PER.RNK,KG,2017,12.8571424484253
CC.PER.RNK,KG,2016,12.380952835083
CC.PER.RNK,KG,2015,10.9523811340332
CC.PER.RNK,KG,2014,12.5
CC.PER.RNK,KG,2013,11.3744077682495
CC.PER.RNK,KG,2012,11.3744077682495
CC.PER.RNK,KG,2011,6.63507127761841
CC.PER.RNK,KG,2010,10.4761905670166
CC.PER.RNK,KG,2009,4.30622005462646
CC.PER.RNK,KG,2008,5.82524251937866
CC.PER.RNK,KG,2007,4.85436916351318
CC.PER.RNK,KG,2006,6.82926845550537
CC.PER.RNK,KG,2005,8.78048801422119
CC.PER.RNK,KG,2004,12.8078813552856
CC.PER.RNK,KG,2003,11.1111106872559
CC.PER.RNK,KG,2002,10.0529098510742
CC.PER.RNK,KG,2001,None
CC.PER.RNK,KG,2000,15.957447052002
CC.PER.RNK,KG,1999,None
CC.PER.RNK,KG,1998,16.0427799224854
CC.PER.RNK,KG,1997,None
CC.PER.RNK,KG,1996,17.2043018341064
CC.PER.RNK,KG,1995,None
CC.PER.RNK,KH,2019,9.5238094329834
CC.PER.RNK,KH,2018,8.5714282989502
CC.PER.RNK,KH,2017,9.0476188659668
CC.PER.RNK,KH,2016,9.0476188659668
CC.PER.RNK,KH,2015,11.4285717010498
CC.PER.RNK,KH,2014,11.5384616851807
CC.PER.RNK,KH,2013,12.7962083816528
CC.PER.RNK,KH,2012,13.2701425552368
CC.PER.RNK,KH,2011,5.21327018737793
CC.PER.RNK,KH,2010,6.1904764175415
CC.PER.RNK,KH,2009,9.56937789916992
CC.PER.RNK,KH,2008,5.33980560302734
CC.PER.RNK,KH,2007,10.6796112060547
CC.PER.RNK,KH,2006,7.31707334518433
CC.PER.RNK,KH,2005,10.2439022064209
CC.PER.RNK,KH,2004,14.2857141494751
CC.PER.RNK,KH,2003,14.2857141494751
CC.PER.RNK,KH,2002,17.4603176116943
CC.PER.RNK,KH,2001,None
CC.PER.RNK,KH,2000,18.0851058959961
CC.PER.RNK,KH,1999,None
CC.PER.RNK,KH,1998,19.2513370513916
CC.PER.RNK,KH,1997,None
CC.PER.RNK,KH,1996,16.1290321350098
CC.PER.RNK,KH,1995,None
CC.PER.RNK,KI,2019,64.7619018554688
CC.PER.RNK,KI,2018,64.7619018554688
CC.PER.RNK,KI,2017,63.8095245361328
CC.PER.RNK,KI,2016,62.8571434020996
CC.PER.RNK,KI,2015,62.8571434020996
CC.PER.RNK,KI,2014,63.461540222168
CC.PER.RNK,KI,2013,57.8199043273926
CC.PER.RNK,KI,2012,59.2417068481445
CC.PER.RNK,KI,2011,60.6635055541992
CC.PER.RNK,KI,2010,55.238094329834
CC.PER.RNK,KI,2009,54.0669860839844
CC.PER.RNK,KI,2008,58.737865447998
CC.PER.RNK,KI,2007,60.1941757202148
CC.PER.RNK,KI,2006,59.0243911743164
CC.PER.RNK,KI,2005,62.4390258789063
CC.PER.RNK,KI,2004,71.4285736083984
CC.PER.RNK,KI,2003,None
CC.PER.RNK,KI,2002,None
CC.PER.RNK,KI,2001,None
CC.PER.RNK,KI,2000,None
CC.PER.RNK,KI,1999,None
CC.PER.RNK,KI,1998,None
CC.PER.RNK,KI,1997,None
CC.PER.RNK,KI,1996,None
CC.PER.RNK,KI,1995,None
CC.PER.RNK,LA,2019,12.8571424484253
CC.PER.RNK,LA,2018,15.2380952835083
CC.PER.RNK,LA,2017,15.7142858505249
CC.PER.RNK,LA,2016,14.2857141494751
CC.PER.RNK,LA,2015,17.1428565979004
CC.PER.RNK,LA,2014,20.6730766296387
CC.PER.RNK,LA,2013,18.4834117889404
CC.PER.RNK,LA,2012,15.6398105621338
CC.PER.RNK,LA,2011,9.95260620117188
CC.PER.RNK,LA,2010,9.0476188659668
CC.PER.RNK,LA,2009,5.74162673950195
CC.PER.RNK,LA,2008,7.28155326843262
CC.PER.RNK,LA,2007,6.7961163520813
CC.PER.RNK,LA,2006,5.85365867614746
CC.PER.RNK,LA,2005,6.82926845550537
CC.PER.RNK,LA,2004,11.3300495147705
CC.PER.RNK,LA,2003,22.2222213745117
CC.PER.RNK,LA,2002,32.8042335510254
CC.PER.RNK,LA,2001,None
CC.PER.RNK,LA,2000,31.9148941040039
CC.PER.RNK,LA,1999,None
CC.PER.RNK,LA,1998,31.550802230835
CC.PER.RNK,LA,1997,None
CC.PER.RNK,LA,1996,28.4946231842041
CC.PER.RNK,LA,1995,None
CC.PER.RNK,LB,2019,11.9047622680664
CC.PER.RNK,LB,2018,11.9047622680664
CC.PER.RNK,LB,2017,14.7619047164917
CC.PER.RNK,LB,2016,13.8095235824585
CC.PER.RNK,LB,2015,19.0476188659668
CC.PER.RNK,LB,2014,13.942307472229
CC.PER.RNK,LB,2013,19.4312801361084
CC.PER.RNK,LB,2012,19.9052124023438
CC.PER.RNK,LB,2011,19.4312801361084
CC.PER.RNK,LB,2010,19.0476188659668
CC.PER.RNK,LB,2009,21.0526313781738
CC.PER.RNK,LB,2008,20.3883495330811
CC.PER.RNK,LB,2007,18.9320392608643
CC.PER.RNK,LB,2006,17.5609760284424
CC.PER.RNK,LB,2005,37.5609741210938
CC.PER.RNK,LB,2004,31.5270938873291
CC.PER.RNK,LB,2003,34.3915328979492
CC.PER.RNK,LB,2002,42.3280410766602
CC.PER.RNK,LB,2001,None
CC.PER.RNK,LB,2000,41.4893608093262
CC.PER.RNK,LB,1999,None
CC.PER.RNK,LB,1998,39.572193145752
CC.PER.RNK,LB,1997,None
CC.PER.RNK,LB,1996,31.1827964782715
CC.PER.RNK,LB,1995,None
CC.PER.RNK,LR,2019,17.619047164917
CC.PER.RNK,LR,2018,18.5714282989502
CC.PER.RNK,LR,2017,27.619047164917
CC.PER.RNK,LR,2016,26.1904754638672
CC.PER.RNK,LR,2015,29.5238094329834
CC.PER.RNK,LR,2014,24.519229888916
CC.PER.RNK,LR,2013,27.014217376709
CC.PER.RNK,LR,2012,32.7014236450195
CC.PER.RNK,LR,2011,26.0663509368896
CC.PER.RNK,LR,2010,33.3333320617676
CC.PER.RNK,LR,2009,32.0574150085449
CC.PER.RNK,LR,2008,22.8155345916748
CC.PER.RNK,LR,2007,37.3786392211914
CC.PER.RNK,LR,2006,27.3170738220215
CC.PER.RNK,LR,2005,10.731707572937
CC.PER.RNK,LR,2004,6.89655160903931
CC.PER.RNK,LR,2003,7.93650770187378
CC.PER.RNK,LR,2002,12.6984128952026
CC.PER.RNK,LR,2001,None
CC.PER.RNK,LR,2000,11.702127456665
CC.PER.RNK,LR,1999,None
CC.PER.RNK,LR,1998,0
CC.PER.RNK,LR,1997,None
CC.PER.RNK,LR,1996,2.15053772926331
CC.PER.RNK,LR,1995,None
CC.PER.RNK,LK,2019,44.2857131958008
CC.PER.RNK,LK,2018,42.3809509277344
CC.PER.RNK,LK,2017,39.523811340332
CC.PER.RNK,LK,2016,44.2857131958008
CC.PER.RNK,LK,2015,43.3333320617676
CC.PER.RNK,LK,2014,45.6730766296387
CC.PER.RNK,LK,2013,52.1327018737793
CC.PER.RNK,LK,2012,50.2369651794434
CC.PER.RNK,LK,2011,42.6540298461914
CC.PER.RNK,LK,2010,41.9047622680664
CC.PER.RNK,LK,2009,42.5837326049805
CC.PER.RNK,LK,2008,50.4854354858398
CC.PER.RNK,LK,2007,52.9126205444336
CC.PER.RNK,LK,2006,51.2195129394531
CC.PER.RNK,LK,2005,46.8292694091797
CC.PER.RNK,LK,2004,50.7389144897461
CC.PER.RNK,LK,2003,47.6190490722656
CC.PER.RNK,LK,2002,50.2645492553711
CC.PER.RNK,LK,2001,None
CC.PER.RNK,LK,2000,50
CC.PER.RNK,LK,1999,None
CC.PER.RNK,LK,1998,53.4759368896484
CC.PER.RNK,LK,1997,None
CC.PER.RNK,LK,1996,54.3010749816895
CC.PER.RNK,LK,1995,None
CC.PER.RNK,LS,2019,51.4285697937012
CC.PER.RNK,LS,2018,51.9047622680664
CC.PER.RNK,LS,2017,55.238094329834
CC.PER.RNK,LS,2016,55.238094329834
CC.PER.RNK,LS,2015,56.6666679382324
CC.PER.RNK,LS,2014,61.538459777832
CC.PER.RNK,LS,2013,63.9810409545898
CC.PER.RNK,LS,2012,60.6635055541992
CC.PER.RNK,LS,2011,62.5592422485352
CC.PER.RNK,LS,2010,62.8571434020996
CC.PER.RNK,LS,2009,63.1578941345215
CC.PER.RNK,LS,2008,59.2233009338379
CC.PER.RNK,LS,2007,55.3398056030273
CC.PER.RNK,LS,2006,57.073169708252
CC.PER.RNK,LS,2005,57.5609741210938
CC.PER.RNK,LS,2004,53.2019691467285
CC.PER.RNK,LS,2003,52.3809509277344
CC.PER.RNK,LS,2002,50.7936515808105
CC.PER.RNK,LS,2001,None
CC.PER.RNK,LS,2000,52.6595726013184
CC.PER.RNK,LS,1999,None
CC.PER.RNK,LS,1998,52.9411773681641
CC.PER.RNK,LS,1997,None
CC.PER.RNK,LS,1996,59.677417755127
CC.PER.RNK,LS,1995,None
CC.PER.RNK,MA,2019,41.4285697937012
CC.PER.RNK,MA,2018,44.761905670166
CC.PER.RNK,MA,2017,49.0476188659668
CC.PER.RNK,MA,2016,50.476188659668
CC.PER.RNK,MA,2015,48.0952377319336
CC.PER.RNK,MA,2014,47.1153831481934
CC.PER.RNK,MA,2013,41.7061614990234
CC.PER.RNK,MA,2012,37.4407577514648
CC.PER.RNK,MA,2011,40.2843589782715
CC.PER.RNK,MA,2010,52.3809509277344
CC.PER.RNK,MA,2009,43.5406684875488
CC.PER.RNK,MA,2008,40.2912635803223
CC.PER.RNK,MA,2007,42.2330093383789
CC.PER.RNK,MA,2006,39.0243911743164
CC.PER.RNK,MA,2005,41.9512176513672
CC.PER.RNK,MA,2004,48.7684745788574
CC.PER.RNK,MA,2003,45.5026473999023
CC.PER.RNK,MA,2002,48.1481475830078
CC.PER.RNK,MA,2001,None
CC.PER.RNK,MA,2000,47.8723411560059
CC.PER.RNK,MA,1999,None
CC.PER.RNK,MA,1998,58.2887687683105
CC.PER.RNK,MA,1997,None
CC.PER.RNK,MA,1996,53.2258071899414
CC.PER.RNK,MA,1995,None
CC.PER.RNK,MG,2019,14.7619047164917
CC.PER.RNK,MG,2018,14.7619047164917
CC.PER.RNK,MG,2017,13.3333330154419
CC.PER.RNK,MG,2016,16.1904754638672
CC.PER.RNK,MG,2015,20
CC.PER.RNK,MG,2014,21.634614944458
CC.PER.RNK,MG,2013,23.222749710083
CC.PER.RNK,MG,2012,29.3838863372803
CC.PER.RNK,MG,2011,38.8625602722168
CC.PER.RNK,MG,2010,42.3809509277344
CC.PER.RNK,MG,2009,46.8899536132813
CC.PER.RNK,MG,2008,49.029125213623
CC.PER.RNK,MG,2007,51.9417457580566
CC.PER.RNK,MG,2006,51.7073173522949
CC.PER.RNK,MG,2005,55.1219520568848
CC.PER.RNK,MG,2004,44.3349761962891
CC.PER.RNK,MG,2003,50.2645492553711
CC.PER.RNK,MG,2002,56.6137580871582
CC.PER.RNK,MG,2001,None
CC.PER.RNK,MG,2000,40.957447052002
CC.PER.RNK,MG,1999,None
CC.PER.RNK,MG,1998,35.8288764953613
CC.PER.RNK,MG,1997,None
CC.PER.RNK,MG,1996,44.0860214233398
CC.PER.RNK,MG,1995,None
CC.PER.RNK,ML,2019,26.6666660308838
CC.PER.RNK,ML,2018,26.6666660308838
CC.PER.RNK,ML,2017,29.0476188659668
CC.PER.RNK,ML,2016,29.5238094329834
CC.PER.RNK,ML,2015,27.619047164917
CC.PER.RNK,ML,2014,26.4423084259033
CC.PER.RNK,ML,2013,22.274881362915
CC.PER.RNK,ML,2012,22.274881362915
CC.PER.RNK,ML,2011,28.4360198974609
CC.PER.RNK,ML,2010,28.5714282989502
CC.PER.RNK,ML,2009,27.7511959075928
CC.PER.RNK,ML,2008,35.4368934631348
CC.PER.RNK,ML,2007,38.3495140075684
CC.PER.RNK,ML,2006,38.5365867614746
CC.PER.RNK,ML,2005,39.0243911743164
CC.PER.RNK,ML,2004,29.5566501617432
CC.PER.RNK,ML,2003,26.9841270446777
CC.PER.RNK,ML,2002,30.6878299713135
CC.PER.RNK,ML,2001,None
CC.PER.RNK,ML,2000,23.4042549133301
CC.PER.RNK,ML,1999,None
CC.PER.RNK,ML,1998,25.1336898803711
CC.PER.RNK,ML,1997,None
CC.PER.RNK,ML,1996,25.8064517974854
CC.PER.RNK,ML,1995,None
CC.PER.RNK,MM,2019,29.5238094329834
CC.PER.RNK,MM,2018,30
CC.PER.RNK,MM,2017,32.3809509277344
CC.PER.RNK,MM,2016,31.9047622680664
CC.PER.RNK,MM,2015,21.4285717010498
CC.PER.RNK,MM,2014,20.1923084259033
CC.PER.RNK,MM,2013,16.1137447357178
CC.PER.RNK,MM,2012,13.7440757751465
CC.PER.RNK,MM,2011,0.947867274284363
CC.PER.RNK,MM,2010,0.476190477609634
CC.PER.RNK,MM,2009,0.478468894958496
CC.PER.RNK,MM,2008,0.970873773097992
CC.PER.RNK,MM,2007,0.485436886548996
CC.PER.RNK,MM,2006,0.487804889678955
CC.PER.RNK,MM,2005,0.487804889678955
CC.PER.RNK,MM,2004,0.492610841989517
CC.PER.RNK,MM,2003,1.58730161190033
CC.PER.RNK,MM,2002,3.17460322380066
CC.PER.RNK,MM,2001,None
CC.PER.RNK,MM,2000,1.59574472904205
CC.PER.RNK,MM,1999,None
CC.PER.RNK,MM,1998,2.13903737068176
CC.PER.RNK,MM,1997,None
CC.PER.RNK,MM,1996,1.61290323734283
CC.PER.RNK,MM,1995,None
CC.PER.RNK,MZ,2019,22.380952835083
CC.PER.RNK,MZ,2018,23.8095245361328
CC.PER.RNK,MZ,2017,19.0476188659668
CC.PER.RNK,MZ,2016,17.1428565979004
CC.PER.RNK,MZ,2015,24.761905670166
CC.PER.RNK,MZ,2014,29.3269233703613
CC.PER.RNK,MZ,2013,34.1232223510742
CC.PER.RNK,MZ,2012,34.5971565246582
CC.PER.RNK,MZ,2011,38.3886260986328
CC.PER.RNK,MZ,2010,40.9523811340332
CC.PER.RNK,MZ,2009,40.6698570251465
CC.PER.RNK,MZ,2008,37.8640785217285
CC.PER.RNK,MZ,2007,36.8932037353516
CC.PER.RNK,MZ,2006,32.1951217651367
CC.PER.RNK,MZ,2005,37.073169708252
CC.PER.RNK,MZ,2004,30.5418720245361
CC.PER.RNK,MZ,2003,32.8042335510254
CC.PER.RNK,MZ,2002,38.624340057373
CC.PER.RNK,MZ,2001,None
CC.PER.RNK,MZ,2000,37.2340431213379
CC.PER.RNK,MZ,1999,None
CC.PER.RNK,MZ,1998,43.3155097961426
CC.PER.RNK,MZ,1997,None
CC.PER.RNK,MZ,1996,40.8602142333984
CC.PER.RNK,MZ,1995,None
CC.PER.RNK,MR,2019,21.9047622680664
CC.PER.RNK,MR,2018,23.3333339691162
CC.PER.RNK,MR,2017,24.2857151031494
CC.PER.RNK,MR,2016,25.238094329834
CC.PER.RNK,MR,2015,17.619047164917
CC.PER.RNK,MR,2014,16.8269233703613
CC.PER.RNK,MR,2013,21.8009471893311
CC.PER.RNK,MR,2012,23.6966819763184
CC.PER.RNK,MR,2011,29.3838863372803
CC.PER.RNK,MR,2010,25.7142848968506
CC.PER.RNK,MR,2009,31.5789470672607
CC.PER.RNK,MR,2008,23.3009700775146
CC.PER.RNK,MR,2007,33.980583190918
CC.PER.RNK,MR,2006,25.8536586761475
CC.PER.RNK,MR,2005,36.5853652954102
CC.PER.RNK,MR,2004,42.3645324707031
CC.PER.RNK,MR,2003,57.6719589233398
CC.PER.RNK,MR,2002,52.9100532531738
CC.PER.RNK,MR,2001,None
CC.PER.RNK,MR,2000,39.8936157226563
CC.PER.RNK,MR,1999,None
CC.PER.RNK,MR,1998,36.8983955383301
CC.PER.RNK,MR,1997,None
CC.PER.RNK,MR,1996,34.4086036682129
CC.PER.RNK,MR,1995,None
CC.PER.RNK,MW,2019,25.238094329834
CC.PER.RNK,MW,2018,24.761905670166
CC.PER.RNK,MW,2017,28.0952377319336
CC.PER.RNK,MW,2016,23.8095245361328
CC.PER.RNK,MW,2015,23.8095245361328
CC.PER.RNK,MW,2014,25
CC.PER.RNK,MW,2013,32.7014236450195
CC.PER.RNK,MW,2012,38.8625602722168
CC.PER.RNK,MW,2011,41.2322273254395
CC.PER.RNK,MW,2010,38.5714302062988
CC.PER.RNK,MW,2009,41.1483268737793
CC.PER.RNK,MW,2008,38.3495140075684
CC.PER.RNK,MW,2007,35.9223289489746
CC.PER.RNK,MW,2006,36.0975608825684
CC.PER.RNK,MW,2005,27.3170738220215
CC.PER.RNK,MW,2004,25.1231517791748
CC.PER.RNK,MW,2003,26.4550266265869
CC.PER.RNK,MW,2002,14.8148145675659
CC.PER.RNK,MW,2001,None
CC.PER.RNK,MW,2000,48.9361686706543
CC.PER.RNK,MW,1999,None
CC.PER.RNK,MW,1998,49.1978607177734
CC.PER.RNK,MW,1997,None
CC.PER.RNK,MW,1996,47.3118286132813
CC.PER.RNK,MW,1995,None
CC.PER.RNK,NE,2019,31.4285717010498
CC.PER.RNK,NE,2018,31.9047622680664
CC.PER.RNK,NE,2017,27.1428565979004
CC.PER.RNK,NE,2016,30.4761905670166
CC.PER.RNK,NE,2015,28.5714282989502
CC.PER.RNK,NE,2014,27.884614944458
CC.PER.RNK,NE,2013,33.1753540039063
CC.PER.RNK,NE,2012,31.2796211242676
CC.PER.RNK,NE,2011,27.962085723877
CC.PER.RNK,NE,2010,30
CC.PER.RNK,NE,2009,31.1004791259766
CC.PER.RNK,NE,2008,27.1844654083252
CC.PER.RNK,NE,2007,25.7281551361084
CC.PER.RNK,NE,2006,20.9756088256836
CC.PER.RNK,NE,2005,26.3414630889893
CC.PER.RNK,NE,2004,21.1822662353516
CC.PER.RNK,NE,2003,17.9894180297852
CC.PER.RNK,NE,2002,15.3439149856567
CC.PER.RNK,NE,2001,None
CC.PER.RNK,NE,2000,19.1489353179932
CC.PER.RNK,NE,1999,None
CC.PER.RNK,NE,1998,14.9732618331909
CC.PER.RNK,NE,1997,None
CC.PER.RNK,NE,1996,20.9677410125732
CC.PER.RNK,NE,1995,None
CC.PER.RNK,NG,2019,12.380952835083
CC.PER.RNK,NG,2018,12.380952835083
CC.PER.RNK,NG,2017,12.380952835083
CC.PER.RNK,NG,2016,13.3333330154419
CC.PER.RNK,NG,2015,12.8571424484253
CC.PER.RNK,NG,2014,7.692307472229
CC.PER.RNK,NG,2013,9.47867298126221
CC.PER.RNK,NG,2012,10.9004735946655
CC.PER.RNK,NG,2011,10.4265403747559
CC.PER.RNK,NG,2010,15.2380952835083
CC.PER.RNK,NG,2009,16.7464122772217
CC.PER.RNK,NG,2008,18.9320392608643
CC.PER.RNK,NG,2007,13.1067962646484
CC.PER.RNK,NG,2006,10.731707572937
CC.PER.RNK,NG,2005,11.7073173522949
CC.PER.RNK,NG,2004,4.92610836029053
CC.PER.RNK,NG,2003,4.23280429840088
CC.PER.RNK,NG,2002,0.52910053730011
CC.PER.RNK,NG,2001,None
CC.PER.RNK,NG,2000,3.19148945808411
CC.PER.RNK,NG,1999,None
CC.PER.RNK,NG,1998,10.1604280471802
CC.PER.RNK,NG,1997,None
CC.PER.RNK,NG,1996,8.60215091705322
CC.PER.RNK,NG,1995,None
CC.PER.RNK,NI,2019,15.7142858505249
CC.PER.RNK,NI,2018,14.2857141494751
CC.PER.RNK,NI,2017,18.0952377319336
CC.PER.RNK,NI,2016,18.0952377319336
CC.PER.RNK,NI,2015,18.5714282989502
CC.PER.RNK,NI,2014,19.230770111084
CC.PER.RNK,NI,2013,26.0663509368896
CC.PER.RNK,NI,2012,24.1706161499023
CC.PER.RNK,NI,2011,24.1706161499023
CC.PER.RNK,NI,2010,23.8095245361328
CC.PER.RNK,NI,2009,25.3588523864746
CC.PER.RNK,NI,2008,24.7572822570801
CC.PER.RNK,NI,2007,25.2427177429199
CC.PER.RNK,NI,2006,29.2682933807373
CC.PER.RNK,NI,2005,32.6829261779785
CC.PER.RNK,NI,2004,38.4236450195313
CC.PER.RNK,NI,2003,37.037036895752
CC.PER.RNK,NI,2002,39.1534385681152
CC.PER.RNK,NI,2001,None
CC.PER.RNK,NI,2000,20.7446804046631
CC.PER.RNK,NI,1999,None
CC.PER.RNK,NI,1998,20.8556156158447
CC.PER.RNK,NI,1997,None
CC.PER.RNK,NI,1996,33.8709678649902
CC.PER.RNK,NI,1995,None
CC.PER.RNK,NP,2019,27.1428565979004
CC.PER.RNK,NP,2018,27.1428565979004
CC.PER.RNK,NP,2017,23.8095245361328
CC.PER.RNK,NP,2016,22.380952835083
CC.PER.RNK,NP,2015,32.3809509277344
CC.PER.RNK,NP,2014,33.1730766296387
CC.PER.RNK,NP,2013,28.9099521636963
CC.PER.RNK,NP,2012,22.748815536499
CC.PER.RNK,NP,2011,23.222749710083
CC.PER.RNK,NP,2010,27.1428565979004
CC.PER.RNK,NP,2009,26.3157901763916
CC.PER.RNK,NP,2008,21.8446598052979
CC.PER.RNK,NP,2007,23.3009700775146
CC.PER.RNK,NP,2006,28.7804870605469
CC.PER.RNK,NP,2005,23.9024391174316
CC.PER.RNK,NP,2004,18.2266006469727
CC.PER.RNK,NP,2003,34.9206352233887
CC.PER.RNK,NP,2002,40.2116394042969
CC.PER.RNK,NP,2001,None
CC.PER.RNK,NP,2000,36.7021293640137
CC.PER.RNK,NP,1999,None
CC.PER.RNK,NP,1998,34.7593574523926
CC.PER.RNK,NP,1997,None
CC.PER.RNK,NP,1996,31.7204303741455
CC.PER.RNK,NP,1995,None
CC.PER.RNK,PK,2019,20.9523811340332
CC.PER.RNK,PK,2018,24.2857151031494
CC.PER.RNK,PK,2017,21.9047622680664
CC.PER.RNK,PK,2016,17.619047164917
CC.PER.RNK,PK,2015,22.380952835083
CC.PER.RNK,PK,2014,23.0769233703613
CC.PER.RNK,PK,2013,17.0616111755371
CC.PER.RNK,PK,2012,14.2180099487305
CC.PER.RNK,PK,2011,15.1658763885498
CC.PER.RNK,PK,2010,13.8095235824585
CC.PER.RNK,PK,2009,13.8755979537964
CC.PER.RNK,PK,2008,19.4174766540527
CC.PER.RNK,PK,2007,21.8446598052979
CC.PER.RNK,PK,2006,22.4390239715576
CC.PER.RNK,PK,2005,14.6341466903687
CC.PER.RNK,PK,2004,10.837438583374
CC.PER.RNK,PK,2003,24.3386249542236
CC.PER.RNK,PK,2002,20.1058197021484
CC.PER.RNK,PK,2001,None
CC.PER.RNK,PK,2000,22.8723411560059
CC.PER.RNK,PK,1999,None
CC.PER.RNK,PK,1998,13.3689842224121
CC.PER.RNK,PK,1997,None
CC.PER.RNK,PK,1996,7.5268816947937
CC.PER.RNK,PK,1995,None
CC.PER.RNK,PH,2019,30.9523811340332
CC.PER.RNK,PH,2018,32.8571434020996
CC.PER.RNK,PH,2017,38.5714302062988
CC.PER.RNK,PH,2016,35.7142868041992
CC.PER.RNK,PH,2015,38.0952377319336
CC.PER.RNK,PH,2014,41.3461532592773
CC.PER.RNK,PH,2013,44.0758285522461
CC.PER.RNK,PH,2012,34.1232223510742
CC.PER.RNK,PH,2011,26.5402851104736
CC.PER.RNK,PH,2010,22.8571434020996
CC.PER.RNK,PH,2009,23.4449768066406
CC.PER.RNK,PH,2008,23.7864074707031
CC.PER.RNK,PH,2007,23.7864074707031
CC.PER.RNK,PH,2006,20
CC.PER.RNK,PH,2005,30.7317066192627
CC.PER.RNK,PH,2004,28.0788173675537
CC.PER.RNK,PH,2003,33.862434387207
CC.PER.RNK,PH,2002,37.037036895752
CC.PER.RNK,PH,2001,None
CC.PER.RNK,PH,2000,37.7659568786621
CC.PER.RNK,PH,1999,None
CC.PER.RNK,PH,1998,44.3850250244141
CC.PER.RNK,PH,1997,None
CC.PER.RNK,PH,1996,45.6989250183105
CC.PER.RNK,PH,1995,None
CC.PER.RNK,PG,2019,16.6666660308838
CC.PER.RNK,PG,2018,20
CC.PER.RNK,PG,2017,17.1428565979004
CC.PER.RNK,PG,2016,15.7142858505249
CC.PER.RNK,PG,2015,16.1904754638672
CC.PER.RNK,PG,2014,17.7884616851807
CC.PER.RNK,PG,2013,17.5355453491211
CC.PER.RNK,PG,2012,18.4834117889404
CC.PER.RNK,PG,2011,16.1137447357178
CC.PER.RNK,PG,2010,15.7142858505249
CC.PER.RNK,PG,2009,6.22009563446045
CC.PER.RNK,PG,2008,9.70873832702637
CC.PER.RNK,PG,2007,11.6504850387573
CC.PER.RNK,PG,2006,10.2439022064209
CC.PER.RNK,PG,2005,13.1707315444946
CC.PER.RNK,PG,2004,15.7635469436646
CC.PER.RNK,PG,2003,23.8095245361328
CC.PER.RNK,PG,2002,21.1640205383301
CC.PER.RNK,PG,2001,None
CC.PER.RNK,PG,2000,28.1914901733398
CC.PER.RNK,PG,1999,None
CC.PER.RNK,PG,1998,31.0160427093506
CC.PER.RNK,PG,1997,None
CC.PER.RNK,PG,1996,40.322582244873
CC.PER.RNK,PG,1995,None
CC.PER.RNK,KP,2019,1.90476191043854
CC.PER.RNK,KP,2018,1.90476191043854
CC.PER.RNK,KP,2017,4.2857141494751
CC.PER.RNK,KP,2016,5.7142858505249
CC.PER.RNK,KP,2015,9.0476188659668
CC.PER.RNK,KP,2014,7.21153831481934
CC.PER.RNK,KP,2013,6.63507127761841
CC.PER.RNK,KP,2012,6.16113758087158
CC.PER.RNK,KP,2011,4.26540279388428
CC.PER.RNK,KP,2010,5.2380952835083
CC.PER.RNK,KP,2009,4.78468894958496
CC.PER.RNK,KP,2008,1.94174754619598
CC.PER.RNK,KP,2007,1.45631062984467
CC.PER.RNK,KP,2006,2.43902444839478
CC.PER.RNK,KP,2005,8.29268264770508
CC.PER.RNK,KP,2004,4.43349742889404
CC.PER.RNK,KP,2003,3.70370364189148
CC.PER.RNK,KP,2002,13.7566137313843
CC.PER.RNK,KP,2001,None
CC.PER.RNK,KP,2000,3.72340416908264
CC.PER.RNK,KP,1999,None
CC.PER.RNK,KP,1998,5.34759378433228
CC.PER.RNK,KP,1997,None
CC.PER.RNK,KP,1996,4.83870983123779
CC.PER.RNK,KP,1995,None
CC.PER.RNK,PS,2019,40.9523811340332
CC.PER.RNK,PS,2018,48.5714302062988
CC.PER.RNK,PS,2017,54.761905670166
CC.PER.RNK,PS,2016,50.9523811340332
CC.PER.RNK,PS,2015,37.6190490722656
CC.PER.RNK,PS,2014,48.5576934814453
CC.PER.RNK,PS,2013,49.7630348205566
CC.PER.RNK,PS,2012,49.7630348205566
CC.PER.RNK,PS,2011,39.8104248046875
CC.PER.RNK,PS,2010,54.2857131958008
CC.PER.RNK,PS,2009,55.0239219665527
CC.PER.RNK,PS,2008,39.3203887939453
CC.PER.RNK,PS,2007,53.8834953308105
CC.PER.RNK,PS,2006,45.365852355957
CC.PER.RNK,PS,2005,39.5121955871582
CC.PER.RNK,PS,2004,55.1724128723145
CC.PER.RNK,PS,2003,44.4444427490234
CC.PER.RNK,PS,2002,45.5026473999023
CC.PER.RNK,PS,2001,None
CC.PER.RNK,PS,2000,54.2553176879883
CC.PER.RNK,PS,1999,None
CC.PER.RNK,PS,1998,55.0802154541016
CC.PER.RNK,PS,1997,None
CC.PER.RNK,PS,1996,59.1397857666016
CC.PER.RNK,PS,1995,None
CC.PER.RNK,RW,2019,67.1428604125977
CC.PER.RNK,RW,2018,69.0476226806641
CC.PER.RNK,RW,2017,71.4285736083984
CC.PER.RNK,RW,2016,70.476188659668
CC.PER.RNK,RW,2015,70.476188659668
CC.PER.RNK,RW,2014,75.4807662963867
CC.PER.RNK,RW,2013,72.0379180908203
CC.PER.RNK,RW,2012,71.5639801025391
CC.PER.RNK,RW,2011,68.2464447021484
CC.PER.RNK,RW,2010,68.0952377319336
CC.PER.RNK,RW,2009,60.7655487060547
CC.PER.RNK,RW,2008,60.1941757202148
CC.PER.RNK,RW,2007,57.2815551757813
CC.PER.RNK,RW,2006,49.7560958862305
CC.PER.RNK,RW,2005,31.7073173522949
CC.PER.RNK,RW,2004,40.3940887451172
CC.PER.RNK,RW,2003,35.4497337341309
CC.PER.RNK,RW,2002,31.7460308074951
CC.PER.RNK,RW,2001,None
CC.PER.RNK,RW,2000,30.8510646820068
CC.PER.RNK,RW,1999,None
CC.PER.RNK,RW,1998,29.9465236663818
CC.PER.RNK,RW,1997,None
CC.PER.RNK,RW,1996,26.8817195892334
CC.PER.RNK,RW,1995,None
CC.PER.RNK,SD,2019,6.66666650772095
CC.PER.RNK,SD,2018,6.1904764175415
CC.PER.RNK,SD,2017,2.85714292526245
CC.PER.RNK,SD,2016,3.33333325386047
CC.PER.RNK,SD,2015,3.33333325386047
CC.PER.RNK,SD,2014,3.36538457870483
CC.PER.RNK,SD,2013,0.473933637142181
CC.PER.RNK,SD,2012,0.473933637142181
CC.PER.RNK,SD,2011,9.00473976135254
CC.PER.RNK,SD,2010,8.5714282989502
CC.PER.RNK,SD,2009,10.5263156890869
CC.PER.RNK,SD,2008,2.91262125968933
CC.PER.RNK,SD,2007,4.36893224716187
CC.PER.RNK,SD,2006,9.26829242706299
CC.PER.RNK,SD,2005,3.90243911743164
CC.PER.RNK,SD,2004,9.35960578918457
CC.PER.RNK,SD,2003,7.40740728378296
CC.PER.RNK,SD,2002,12.1693124771118
CC.PER.RNK,SD,2001,None
CC.PER.RNK,SD,2000,14.8936166763306
CC.PER.RNK,SD,1999,None
CC.PER.RNK,SD,1998,12.8342247009277
CC.PER.RNK,SD,1997,None
CC.PER.RNK,SD,1996,6.98924732208252
CC.PER.RNK,SD,1995,None
CC.PER.RNK,SN,2019,55.7142868041992
CC.PER.RNK,SN,2018,55.238094329834
CC.PER.RNK,SN,2017,52.8571434020996
CC.PER.RNK,SN,2016,56.1904754638672
CC.PER.RNK,SN,2015,57.6190490722656
CC.PER.RNK,SN,2014,58.6538467407227
CC.PER.RNK,SN,2013,53.0805702209473
CC.PER.RNK,SN,2012,49.2891006469727
CC.PER.RNK,SN,2011,37.9146919250488
CC.PER.RNK,SN,2010,30.4761905670166
CC.PER.RNK,SN,2009,37.3205757141113
CC.PER.RNK,SN,2008,37.3786392211914
CC.PER.RNK,SN,2007,36.4077682495117
CC.PER.RNK,SN,2006,41.4634132385254
CC.PER.RNK,SN,2005,55.6097564697266
CC.PER.RNK,SN,2004,56.1576347351074
CC.PER.RNK,SN,2003,53.9682540893555
CC.PER.RNK,SN,2002,64.5502624511719
CC.PER.RNK,SN,2001,None
CC.PER.RNK,SN,2000,53.7234039306641
CC.PER.RNK,SN,1999,None
CC.PER.RNK,SN,1998,52.4064178466797
CC.PER.RNK,SN,1997,None
CC.PER.RNK,SN,1996,52.1505393981934
CC.PER.RNK,SN,1995,None
CC.PER.RNK,SB,2019,53.3333320617676
CC.PER.RNK,SB,2018,55.7142868041992
CC.PER.RNK,SB,2017,58.0952377319336
CC.PER.RNK,SB,2016,42.8571434020996
CC.PER.RNK,SB,2015,45.7142868041992
CC.PER.RNK,SB,2014,49.519229888916
CC.PER.RNK,SB,2013,42.6540298461914
CC.PER.RNK,SB,2012,45.0236968994141
CC.PER.RNK,SB,2011,45.0236968994141
CC.PER.RNK,SB,2010,45.7142868041992
CC.PER.RNK,SB,2009,49.2822952270508
CC.PER.RNK,SB,2008,43.2038841247559
CC.PER.RNK,SB,2007,43.2038841247559
CC.PER.RNK,SB,2006,50.2439041137695
CC.PER.RNK,SB,2005,58.0487823486328
CC.PER.RNK,SB,2004,54.1871910095215
CC.PER.RNK,SB,2003,61.9047622680664
CC.PER.RNK,SB,2002,61.375659942627
CC.PER.RNK,SB,2001,None
CC.PER.RNK,SB,2000,61.1702117919922
CC.PER.RNK,SB,1999,None
CC.PER.RNK,SB,1998,65.2406387329102
CC.PER.RNK,SB,1997,None
CC.PER.RNK,SB,1996,65.0537643432617
CC.PER.RNK,SB,1995,None
CC.PER.RNK,SL,2019,36.1904754638672
CC.PER.RNK,SL,2018,35.7142868041992
CC.PER.RNK,SL,2017,32.8571434020996
CC.PER.RNK,SL,2016,20.9523811340332
CC.PER.RNK,SL,2015,22.8571434020996
CC.PER.RNK,SL,2014,15.865385055542
CC.PER.RNK,SL,2013,19.9052124023438
CC.PER.RNK,SL,2012,17.5355453491211
CC.PER.RNK,SL,2011,20.8530807495117
CC.PER.RNK,SL,2010,23.3333339691162
CC.PER.RNK,SL,2009,18.6602878570557
CC.PER.RNK,SL,2008,16.990291595459
CC.PER.RNK,SL,2007,19.4174766540527
CC.PER.RNK,SL,2006,16.5853652954102
CC.PER.RNK,SL,2005,13.6585369110107
CC.PER.RNK,SL,2004,21.674877166748
CC.PER.RNK,SL,2003,19.5767192840576
CC.PER.RNK,SL,2002,27.5132274627686
CC.PER.RNK,SL,2001,None
CC.PER.RNK,SL,2000,30.319149017334
CC.PER.RNK,SL,1999,None
CC.PER.RNK,SL,1998,30.4812831878662
CC.PER.RNK,SL,1997,None
CC.PER.RNK,SL,1996,26.3440856933594
CC.PER.RNK,SL,1995,None
CC.PER.RNK,SO,2019,0.476190477609634
CC.PER.RNK,SO,2018,0
CC.PER.RNK,SO,2017,0.476190477609634
CC.PER.RNK,SO,2016,0.952380955219269
CC.PER.RNK,SO,2015,0.476190477609634
CC.PER.RNK,SO,2014,0
CC.PER.RNK,SO,2013,0
CC.PER.RNK,SO,2012,0
CC.PER.RNK,SO,2011,0
CC.PER.RNK,SO,2010,0
CC.PER.RNK,SO,2009,0
CC.PER.RNK,SO,2008,0
CC.PER.RNK,SO,2007,0
CC.PER.RNK,SO,2006,0
CC.PER.RNK,SO,2005,0
CC.PER.RNK,SO,2004,0
CC.PER.RNK,SO,2003,2.11640214920044
CC.PER.RNK,SO,2002,13.2275133132935
CC.PER.RNK,SO,2001,None
CC.PER.RNK,SO,2000,5.85106372833252
CC.PER.RNK,SO,1999,None
CC.PER.RNK,SO,1998,8.55614948272705
CC.PER.RNK,SO,1997,None
CC.PER.RNK,SO,1996,5.37634420394897
CC.PER.RNK,SO,1995,None
CC.PER.RNK,SS,2019,0
CC.PER.RNK,SS,2018,0.476190477609634
CC.PER.RNK,SS,2017,0
CC.PER.RNK,SS,2016,0
CC.PER.RNK,SS,2015,0
CC.PER.RNK,SS,2014,0.480769217014313
CC.PER.RNK,SS,2013,2.84360194206238
CC.PER.RNK,SS,2012,5.21327018737793
CC.PER.RNK,SS,2011,14.2180099487305
CC.PER.RNK,SS,2010,21.4285717010498
CC.PER.RNK,SS,2009,None
CC.PER.RNK,SS,2008,None
CC.PER.RNK,SS,2007,None
CC.PER.RNK,SS,2006,None
CC.PER.RNK,SS,2005,None
CC.PER.RNK,SS,2004,None
CC.PER.RNK,SS,2003,None
CC.PER.RNK,SS,2002,None
CC.PER.RNK,SS,2001,None
CC.PER.RNK,SS,2000,None
CC.PER.RNK,SS,1999,None
CC.PER.RNK,SS,1998,None
CC.PER.RNK,SS,1997,None
CC.PER.RNK,SS,1996,None
CC.PER.RNK,SS,1995,None
CC.PER.RNK,ST,2019,59.0476188659668
CC.PER.RNK,ST,2018,59.523811340332
CC.PER.RNK,ST,2017,59.523811340332
CC.PER.RNK,ST,2016,54.2857131958008
CC.PER.RNK,ST,2015,55.238094329834
CC.PER.RNK,ST,2014,57.211540222168
CC.PER.RNK,ST,2013,54.028434753418
CC.PER.RNK,ST,2012,54.028434753418
CC.PER.RNK,ST,2011,54.028434753418
CC.PER.RNK,ST,2010,51.4285697937012
CC.PER.RNK,ST,2009,52.6315803527832
CC.PER.RNK,ST,2008,48.0582542419434
CC.PER.RNK,ST,2007,48.5436897277832
CC.PER.RNK,ST,2006,47.8048782348633
CC.PER.RNK,ST,2005,35.6097564697266
CC.PER.RNK,ST,2004,36.9458122253418
CC.PER.RNK,ST,2003,54.4973526000977
CC.PER.RNK,ST,2002,63.4920616149902
CC.PER.RNK,ST,2001,None
CC.PER.RNK,ST,2000,64.8936157226563
CC.PER.RNK,ST,1999,None
CC.PER.RNK,ST,1998,66.3101577758789
CC.PER.RNK,ST,1997,None
CC.PER.RNK,ST,1996,66.6666641235352
CC.PER.RNK,ST,1995,None
CC.PER.RNK,SZ,2019,42.8571434020996
CC.PER.RNK,SZ,2018,46.6666679382324
CC.PER.RNK,SZ,2017,54.2857131958008
CC.PER.RNK,SZ,2016,48.0952377319336
CC.PER.RNK,SZ,2015,50.476188659668
CC.PER.RNK,SZ,2014,50
CC.PER.RNK,SZ,2013,51.1848335266113
CC.PER.RNK,SZ,2012,51.1848335266113
CC.PER.RNK,SZ,2011,53.554500579834
CC.PER.RNK,SZ,2010,56.1904754638672
CC.PER.RNK,SZ,2009,58.3732070922852
CC.PER.RNK,SZ,2008,58.2524261474609
CC.PER.RNK,SZ,2007,56.3106803894043
CC.PER.RNK,SZ,2006,55.6097564697266
CC.PER.RNK,SZ,2005,48.2926826477051
CC.PER.RNK,SZ,2004,49.2610855102539
CC.PER.RNK,SZ,2003,58.201057434082
CC.PER.RNK,SZ,2002,55.5555572509766
CC.PER.RNK,SZ,2001,None
CC.PER.RNK,SZ,2000,55.319149017334
CC.PER.RNK,SZ,1999,None
CC.PER.RNK,SZ,1998,56.6844902038574
CC.PER.RNK,SZ,1997,None
CC.PER.RNK,SZ,1996,58.6021499633789
CC.PER.RNK,SZ,1995,None
CC.PER.RNK,SY,2019,1.42857146263123
CC.PER.RNK,SY,2018,1.42857146263123
CC.PER.RNK,SY,2017,2.38095235824585
CC.PER.RNK,SY,2016,1.90476191043854
CC.PER.RNK,SY,2015,1.90476191043854
CC.PER.RNK,SY,2014,1.44230771064758
CC.PER.RNK,SY,2013,8.53080558776855
CC.PER.RNK,SY,2012,10.4265403747559
CC.PER.RNK,SY,2011,13.2701425552368
CC.PER.RNK,SY,2010,12.8571424484253
CC.PER.RNK,SY,2009,16.2679424285889
CC.PER.RNK,SY,2008,13.5922327041626
CC.PER.RNK,SY,2007,16.990291595459
CC.PER.RNK,SY,2006,18.536584854126
CC.PER.RNK,SY,2005,20.9756088256836
CC.PER.RNK,SY,2004,22.660099029541
CC.PER.RNK,SY,2003,24.8677253723145
CC.PER.RNK,SY,2002,42.8571434020996
CC.PER.RNK,SY,2001,None
CC.PER.RNK,SY,2000,15.4255323410034
CC.PER.RNK,SY,1999,None
CC.PER.RNK,SY,1998,23.529411315918
CC.PER.RNK,SY,1997,None
CC.PER.RNK,SY,1996,19.8924732208252
CC.PER.RNK,SY,1995,None
CC.PER.RNK,TD,2019,6.1904764175415
CC.PER.RNK,TD,2018,7.14285707473755
CC.PER.RNK,TD,2017,4.7619047164917
CC.PER.RNK,TD,2016,4.2857141494751
CC.PER.RNK,TD,2015,5.2380952835083
CC.PER.RNK,TD,2014,6.25
CC.PER.RNK,TD,2013,3.3175356388092
CC.PER.RNK,TD,2012,2.36966824531555
CC.PER.RNK,TD,2011,3.79146909713745
CC.PER.RNK,TD,2010,2.38095235824585
CC.PER.RNK,TD,2009,2.39234447479248
CC.PER.RNK,TD,2008,1.45631062984467
CC.PER.RNK,TD,2007,3.39805817604065
CC.PER.RNK,TD,2006,5.36585378646851
CC.PER.RNK,TD,2005,0.97560977935791
CC.PER.RNK,TD,2004,2.95566511154175
CC.PER.RNK,TD,2003,2.64550256729126
CC.PER.RNK,TD,2002,3.70370364189148
CC.PER.RNK,TD,2001,None
CC.PER.RNK,TD,2000,2.65957450866699
CC.PER.RNK,TD,1999,None
CC.PER.RNK,TD,1998,1.60427808761597
CC.PER.RNK,TD,1997,None
CC.PER.RNK,TD,1996,3.22580647468567
CC.PER.RNK,TD,1995,None
CC.PER.RNK,TG,2019,26.1904754638672
CC.PER.RNK,TG,2018,25.238094329834
CC.PER.RNK,TG,2017,25.7142848968506
CC.PER.RNK,TG,2016,27.1428565979004
CC.PER.RNK,TG,2015,25.7142848968506
CC.PER.RNK,TG,2014,18.269229888916
CC.PER.RNK,TG,2013,15.1658763885498
CC.PER.RNK,TG,2012,16.1137447357178
CC.PER.RNK,TG,2011,17.0616111755371
CC.PER.RNK,TG,2010,17.1428565979004
CC.PER.RNK,TG,2009,17.2248802185059
CC.PER.RNK,TG,2008,17.4757289886475
CC.PER.RNK,TG,2007,17.4757289886475
CC.PER.RNK,TG,2006,15.6097564697266
CC.PER.RNK,TG,2005,20
CC.PER.RNK,TG,2004,19.2118225097656
CC.PER.RNK,TG,2003,19.0476188659668
CC.PER.RNK,TG,2002,30.1587295532227
CC.PER.RNK,TG,2001,None
CC.PER.RNK,TG,2000,29.2553195953369
CC.PER.RNK,TG,1999,None
CC.PER.RNK,TG,1998,27.2727279663086
CC.PER.RNK,TG,1997,None
CC.PER.RNK,TG,1996,24.1935482025146
CC.PER.RNK,TG,1995,None
CC.PER.RNK,TJ,2019,9.0476188659668
CC.PER.RNK,TJ,2018,6.66666650772095
CC.PER.RNK,TJ,2017,8.09523773193359
CC.PER.RNK,TJ,2016,11.9047622680664
CC.PER.RNK,TJ,2015,11.9047622680664
CC.PER.RNK,TJ,2014,12.0192308425903
CC.PER.RNK,TJ,2013,7.10900497436523
CC.PER.RNK,TJ,2012,6.63507127761841
CC.PER.RNK,TJ,2011,7.10900497436523
CC.PER.RNK,TJ,2010,4.7619047164917
CC.PER.RNK,TJ,2009,6.69856452941895
CC.PER.RNK,TJ,2008,9.22330093383789
CC.PER.RNK,TJ,2007,15.0485439300537
CC.PER.RNK,TJ,2006,16.0975608825684
CC.PER.RNK,TJ,2005,12.1951217651367
CC.PER.RNK,TJ,2004,7.38916254043579
CC.PER.RNK,TJ,2003,8.46560859680176
CC.PER.RNK,TJ,2002,6.87830686569214
CC.PER.RNK,TJ,2001,None
CC.PER.RNK,TJ,2000,5.31914901733398
CC.PER.RNK,TJ,1999,None
CC.PER.RNK,TJ,1998,4.8128342628479
CC.PER.RNK,TJ,1997,None
CC.PER.RNK,TJ,1996,5.91397857666016
CC.PER.RNK,TJ,1995,None
CC.PER.RNK,TL,2019,40.476188659668
CC.PER.RNK,TL,2018,36.1904754638672
CC.PER.RNK,TL,2017,34.761905670166
CC.PER.RNK,TL,2016,34.2857131958008
CC.PER.RNK,TL,2015,35.7142868041992
CC.PER.RNK,TL,2014,36.0576934814453
CC.PER.RNK,TL,2013,27.962085723877
CC.PER.RNK,TL,2012,27.014217376709
CC.PER.RNK,TL,2011,22.274881362915
CC.PER.RNK,TL,2010,24.2857151031494
CC.PER.RNK,TL,2009,22.4880390167236
CC.PER.RNK,TL,2008,31.5533981323242
CC.PER.RNK,TL,2007,30.0970878601074
CC.PER.RNK,TL,2006,33.1707305908203
CC.PER.RNK,TL,2005,34.634147644043
CC.PER.RNK,TL,2004,43.3497543334961
CC.PER.RNK,TL,2003,48.1481475830078
CC.PER.RNK,TL,2002,49.2063484191895
CC.PER.RNK,TL,2001,None
CC.PER.RNK,TL,2000,None
CC.PER.RNK,TL,1999,None
CC.PER.RNK,TL,1998,None
CC.PER.RNK,TL,1997,None
CC.PER.RNK,TL,1996,None
CC.PER.RNK,TL,1995,None
CC.PER.RNK,TN,2019,50.9523811340332
CC.PER.RNK,TN,2018,53.3333320617676
CC.PER.RNK,TN,2017,50.9523811340332
CC.PER.RNK,TN,2016,52.8571434020996
CC.PER.RNK,TN,2015,54.2857131958008
CC.PER.RNK,TN,2014,55.769229888916
CC.PER.RNK,TN,2013,56.8720397949219
CC.PER.RNK,TN,2012,57.3459701538086
CC.PER.RNK,TN,2011,56.8720397949219
CC.PER.RNK,TN,2010,53.8095245361328
CC.PER.RNK,TN,2009,56.9377975463867
CC.PER.RNK,TN,2008,53.3980598449707
CC.PER.RNK,TN,2007,54.3689308166504
CC.PER.RNK,TN,2006,56.5853652954102
CC.PER.RNK,TN,2005,54.634147644043
CC.PER.RNK,TN,2004,56.6502456665039
CC.PER.RNK,TN,2003,60.3174591064453
CC.PER.RNK,TN,2002,65.6084671020508
CC.PER.RNK,TN,2001,None
CC.PER.RNK,TN,2000,44.680850982666
CC.PER.RNK,TN,1999,None
CC.PER.RNK,TN,1998,41.7112312316895
CC.PER.RNK,TN,1997,None
CC.PER.RNK,TN,1996,35.4838714599609
CC.PER.RNK,TN,1995,None
CC.PER.RNK,TZ,2019,38.5714302062988
CC.PER.RNK,TZ,2018,38.5714302062988
CC.PER.RNK,TZ,2017,40
CC.PER.RNK,TZ,2016,34.761905670166
CC.PER.RNK,TZ,2015,27.1428565979004
CC.PER.RNK,TZ,2014,25.480770111084
CC.PER.RNK,TZ,2013,22.748815536499
CC.PER.RNK,TZ,2012,26.0663509368896
CC.PER.RNK,TZ,2011,33.6492881774902
CC.PER.RNK,TZ,2010,35.7142868041992
CC.PER.RNK,TZ,2009,39.7129173278809
CC.PER.RNK,TZ,2008,40.7766990661621
CC.PER.RNK,TZ,2007,47.0873794555664
CC.PER.RNK,TZ,2006,48.2926826477051
CC.PER.RNK,TZ,2005,33.1707305908203
CC.PER.RNK,TZ,2004,33.0049247741699
CC.PER.RNK,TZ,2003,28.0423278808594
CC.PER.RNK,TZ,2002,24.8677253723145
CC.PER.RNK,TZ,2001,None
CC.PER.RNK,TZ,2000,27.1276588439941
CC.PER.RNK,TZ,1999,None
CC.PER.RNK,TZ,1998,27.807487487793
CC.PER.RNK,TZ,1997,None
CC.PER.RNK,TZ,1996,29.5698928833008
CC.PER.RNK,TZ,1995,None
CC.PER.RNK,UG,2019,11.4285717010498
CC.PER.RNK,UG,2018,13.8095235824585
CC.PER.RNK,UG,2017,13.8095235824585
CC.PER.RNK,UG,2016,12.8571424484253
CC.PER.RNK,UG,2015,13.3333330154419
CC.PER.RNK,UG,2014,12.9807691574097
CC.PER.RNK,UG,2013,13.2701425552368
CC.PER.RNK,UG,2012,17.0616111755371
CC.PER.RNK,UG,2011,18.9573459625244
CC.PER.RNK,UG,2010,18.5714282989502
CC.PER.RNK,UG,2009,19.6172256469727
CC.PER.RNK,UG,2008,20.8737869262695
CC.PER.RNK,UG,2007,20.3883495330811
CC.PER.RNK,UG,2006,23.9024391174316
CC.PER.RNK,UG,2005,21.9512195587158
CC.PER.RNK,UG,2004,24.1379318237305
CC.PER.RNK,UG,2003,17.4603176116943
CC.PER.RNK,UG,2002,14.2857141494751
CC.PER.RNK,UG,2001,None
CC.PER.RNK,UG,2000,14.361701965332
CC.PER.RNK,UG,1999,None
CC.PER.RNK,UG,1998,18.7165775299072
CC.PER.RNK,UG,1997,None
CC.PER.RNK,UG,1996,27.9569892883301
CC.PER.RNK,UG,1995,None
CC.PER.RNK,UZ,2019,15.2380952835083
CC.PER.RNK,UZ,2018,12.8571424484253
CC.PER.RNK,UZ,2017,11.9047622680664
CC.PER.RNK,UZ,2016,10.9523811340332
CC.PER.RNK,UZ,2015,8.5714282989502
CC.PER.RNK,UZ,2014,9.61538505554199
CC.PER.RNK,UZ,2013,8.05687236785889
CC.PER.RNK,UZ,2012,4.26540279388428
CC.PER.RNK,UZ,2011,2.84360194206238
CC.PER.RNK,UZ,2010,4.2857141494751
CC.PER.RNK,UZ,2009,5.26315784454346
CC.PER.RNK,UZ,2008,14.5631065368652
CC.PER.RNK,UZ,2007,15.5339803695679
CC.PER.RNK,UZ,2006,17.0731716156006
CC.PER.RNK,UZ,2005,9.7560977935791
CC.PER.RNK,UZ,2004,13.7931032180786
CC.PER.RNK,UZ,2003,18.518518447876
CC.PER.RNK,UZ,2002,19.5767192840576
CC.PER.RNK,UZ,2001,None
CC.PER.RNK,UZ,2000,12.2340421676636
CC.PER.RNK,UZ,1999,None
CC.PER.RNK,UZ,1998,11.2299461364746
CC.PER.RNK,UZ,1997,None
CC.PER.RNK,UZ,1996,12.9032258987427
CC.PER.RNK,UZ,1995,None
CC.PER.RNK,VN,2019,32.8571434020996
CC.PER.RNK,VN,2018,35.238094329834
CC.PER.RNK,VN,2017,30.4761905670166
CC.PER.RNK,VN,2016,36.6666679382324
CC.PER.RNK,VN,2015,40.476188659668
CC.PER.RNK,VN,2014,41.8269233703613
CC.PER.RNK,VN,2013,38.3886260986328
CC.PER.RNK,VN,2012,35.5450248718262
CC.PER.RNK,VN,2011,32.7014236450195
CC.PER.RNK,VN,2010,31.4285717010498
CC.PER.RNK,VN,2009,35.4067001342773
CC.PER.RNK,VN,2008,28.6407775878906
CC.PER.RNK,VN,2007,31.5533981323242
CC.PER.RNK,VN,2006,25.3658542633057
CC.PER.RNK,VN,2005,25.8536586761475
CC.PER.RNK,VN,2004,26.6009845733643
CC.PER.RNK,VN,2003,39.6825408935547
CC.PER.RNK,VN,2002,35.4497337341309
CC.PER.RNK,VN,2001,None
CC.PER.RNK,VN,2000,36.1702117919922
CC.PER.RNK,VN,1999,None
CC.PER.RNK,VN,1998,38.5026741027832
CC.PER.RNK,VN,1997,None
CC.PER.RNK,VN,1996,37.0967750549316
CC.PER.RNK,VN,1995,None
CC.PER.RNK,VU,2019,45.7142868041992
CC.PER.RNK,VU,2018,49.523811340332
CC.PER.RNK,VU,2017,56.1904754638672
CC.PER.RNK,VU,2016,53.8095245361328
CC.PER.RNK,VU,2015,53.3333320617676
CC.PER.RNK,VU,2014,68.2692337036133
CC.PER.RNK,VU,2013,64.4549789428711
CC.PER.RNK,VU,2012,67.2985763549805
CC.PER.RNK,VU,2011,66.3507080078125
CC.PER.RNK,VU,2010,65.2380981445313
CC.PER.RNK,VU,2009,67.9425811767578
CC.PER.RNK,VU,2008,66.5048522949219
CC.PER.RNK,VU,2007,63.1067962646484
CC.PER.RNK,VU,2006,60.9756088256836
CC.PER.RNK,VU,2005,63.9024391174316
CC.PER.RNK,VU,2004,52.709358215332
CC.PER.RNK,VU,2003,64.0211639404297
CC.PER.RNK,VU,2002,62.962963104248
CC.PER.RNK,VU,2001,None
CC.PER.RNK,VU,2000,62.7659568786621
CC.PER.RNK,VU,1999,None
CC.PER.RNK,VU,1998,61.4973258972168
CC.PER.RNK,VU,1997,None
CC.PER.RNK,VU,1996,62.365592956543
CC.PER.RNK,VU,1995,None
CC.PER.RNK,WS,2019,72.3809509277344
CC.PER.RNK,WS,2018,73.8095245361328
CC.PER.RNK,WS,2017,72.8571395874023
CC.PER.RNK,WS,2016,63.3333320617676
CC.PER.RNK,WS,2015,63.8095245361328
CC.PER.RNK,WS,2014,65.3846130371094
CC.PER.RNK,WS,2013,62.5592422485352
CC.PER.RNK,WS,2012,61.1374397277832
CC.PER.RNK,WS,2011,61.6113739013672
CC.PER.RNK,WS,2010,61.9047622680664
CC.PER.RNK,WS,2009,61.7224884033203
CC.PER.RNK,WS,2008,63.5922317504883
CC.PER.RNK,WS,2007,65.5339813232422
CC.PER.RNK,WS,2006,65.8536605834961
CC.PER.RNK,WS,2005,60.4878044128418
CC.PER.RNK,WS,2004,49.7536964416504
CC.PER.RNK,WS,2003,56.0846557617188
CC.PER.RNK,WS,2002,54.4973526000977
CC.PER.RNK,WS,2001,None
CC.PER.RNK,WS,2000,56.3829803466797
CC.PER.RNK,WS,1999,None
CC.PER.RNK,WS,1998,54.5454559326172
CC.PER.RNK,WS,1997,None
CC.PER.RNK,WS,1996,56.4516143798828
CC.PER.RNK,WS,1995,None
CC.PER.RNK,YE,2019,0.952380955219269
CC.PER.RNK,YE,2018,0.952380955219269
CC.PER.RNK,YE,2017,1.42857146263123
CC.PER.RNK,YE,2016,0.476190477609634
CC.PER.RNK,YE,2015,2.85714292526245
CC.PER.RNK,YE,2014,0.961538434028625
CC.PER.RNK,YE,2013,9.00473976135254
CC.PER.RNK,YE,2012,7.5829381942749
CC.PER.RNK,YE,2011,5.68720388412476
CC.PER.RNK,YE,2010,9.5238094329834
CC.PER.RNK,YE,2009,14.3540668487549
CC.PER.RNK,YE,2008,22.3300971984863
CC.PER.RNK,YE,2007,22.3300971984863
CC.PER.RNK,YE,2006,23.4146347045898
CC.PER.RNK,YE,2005,19.0243911743164
CC.PER.RNK,YE,2004,13.3004922866821
CC.PER.RNK,YE,2003,13.7566137313843
CC.PER.RNK,YE,2002,19.0476188659668
CC.PER.RNK,YE,2001,None
CC.PER.RNK,YE,2000,17.021276473999
CC.PER.RNK,YE,1999,None
CC.PER.RNK,YE,1998,17.1122989654541
CC.PER.RNK,YE,1997,None
CC.PER.RNK,YE,1996,27.4193553924561
CC.PER.RNK,YE,1995,None
CC.PER.RNK,ZM,2019,27.619047164917
CC.PER.RNK,ZM,2018,28.0952377319336
CC.PER.RNK,ZM,2017,34.2857131958008
CC.PER.RNK,ZM,2016,41.4285697937012
CC.PER.RNK,ZM,2015,43.8095245361328
CC.PER.RNK,ZM,2014,45.1923065185547
CC.PER.RNK,ZM,2013,46.9194297790527
CC.PER.RNK,ZM,2012,47.8672981262207
CC.PER.RNK,ZM,2011,42.1800956726074
CC.PER.RNK,ZM,2010,37.6190490722656
CC.PER.RNK,ZM,2009,38.2775115966797
CC.PER.RNK,ZM,2008,41.7475738525391
CC.PER.RNK,ZM,2007,40.7766990661621
CC.PER.RNK,ZM,2006,35.6097564697266
CC.PER.RNK,ZM,2005,34.1463432312012
CC.PER.RNK,ZM,2004,31.0344829559326
CC.PER.RNK,ZM,2003,33.3333320617676
CC.PER.RNK,ZM,2002,29.6296291351318
CC.PER.RNK,ZM,2001,None
CC.PER.RNK,ZM,2000,26.5957450866699
CC.PER.RNK,ZM,1999,None
CC.PER.RNK,ZM,1998,26.7379684448242
CC.PER.RNK,ZM,1997,None
CC.PER.RNK,ZM,1996,24.7311820983887
CC.PER.RNK,ZM,1995,None
