CC.EST,AF,2019,-1.41949915885925
CC.EST,AF,2018,-1.50288057327271
CC.EST,AF,2017,-1.53190970420837
CC.EST,AF,2016,-1.54035270214081
CC.EST,AF,2015,-1.35423982143402
CC.EST,AF,2014,-1.36474287509918
CC.EST,AF,2013,-1.44590842723846
CC.EST,AF,2012,-1.43037283420563
CC.EST,AF,2011,-1.60047078132629
CC.EST,AF,2010,-1.64539110660553
CC.EST,AF,2009,-1.55229878425598
CC.EST,AF,2008,-1.67209553718567
CC.EST,AF,2007,-1.61325109004974
CC.EST,AF,2006,-1.44629228115082
CC.EST,AF,2005,-1.44725239276886
CC.EST,AF,2004,-1.35064733028412
CC.EST,AF,2003,-1.34417974948883
CC.EST,AF,2002,-1.25113701820374
CC.EST,AF,2001,None
CC.EST,AF,2000,-1.27172422409058
CC.EST,AF,1999,None
CC.EST,AF,1998,-1.17601227760315
CC.EST,AF,1997,None
CC.EST,AF,1996,-1.29170477390289
CC.EST,AF,1995,None
CC.EST,AO,2019,-1.05841791629791
CC.EST,AO,2018,-1.19925093650818
CC.EST,AO,2017,-1.44433307647705
CC.EST,AO,2016,-1.48333728313446
CC.EST,AO,2015,-1.42732346057892
CC.EST,AO,2014,-1.45779824256897
CC.EST,AO,2013,-1.33687472343445
CC.EST,AO,2012,-1.30240142345428
CC.EST,AO,2011,-1.36746907234192
CC.EST,AO,2010,-1.33247494697571
CC.EST,AO,2009,-1.39776611328125
CC.EST,AO,2008,-1.30876457691193
CC.EST,AO,2007,-1.30749356746674
CC.EST,AO,2006,-1.24103772640228
CC.EST,AO,2005,-1.32318198680878
CC.EST,AO,2004,-1.37756884098053
CC.EST,AO,2003,-1.33546328544617
CC.EST,AO,2002,-1.15549266338348
CC.EST,AO,2001,None
CC.EST,AO,2000,-1.197514295578
CC.EST,AO,1999,None
CC.EST,AO,1998,-1.1804506778717
CC.EST,AO,1997,None
CC.EST,AO,1996,-1.1677018404007
CC.EST,AO,1995,None
CC.EST,BI,2019,-1.49680662155151
CC.EST,BI,2018,-1.47806668281555
CC.EST,BI,2017,-1.31923758983612
CC.EST,BI,2016,-1.27832186222076
CC.EST,BI,2015,-1.28679203987122
CC.EST,BI,2014,-1.26783466339111
CC.EST,BI,2013,-1.42611384391785
CC.EST,BI,2012,-1.46860635280609
CC.EST,BI,2011,-1.20837116241455
CC.EST,BI,2010,-1.16890013217926
CC.EST,BI,2009,-1.13256120681763
CC.EST,BI,2008,-1.08823239803314
CC.EST,BI,2007,-1.16698491573334
CC.EST,BI,2006,-1.10150361061096
CC.EST,BI,2005,-0.957180440425873
CC.EST,BI,2004,-0.978404879570007
CC.EST,BI,2003,-0.874153017997742
CC.EST,BI,2002,-0.75989693403244
CC.EST,BI,2001,None
CC.EST,BI,2000,-0.824704229831696
CC.EST,BI,1999,None
CC.EST,BI,1998,-0.681749761104584
CC.EST,BI,1997,None
CC.EST,BI,1996,-0.68063485622406
CC.EST,BI,1995,None
CC.EST,BJ,2019,-0.330108225345612
CC.EST,BJ,2018,-0.391388416290283
CC.EST,BJ,2017,-0.577509105205536
CC.EST,BJ,2016,-0.529120028018951
CC.EST,BJ,2015,-0.563475012779236
CC.EST,BJ,2014,-0.669143795967102
CC.EST,BJ,2013,-0.745442807674408
CC.EST,BJ,2012,-0.857918381690979
CC.EST,BJ,2011,-0.605445802211761
CC.EST,BJ,2010,-0.665382146835327
CC.EST,BJ,2009,-0.627268314361572
CC.EST,BJ,2008,-0.514077365398407
CC.EST,BJ,2007,-0.470139265060425
CC.EST,BJ,2006,-0.58709591627121
CC.EST,BJ,2005,-0.871326267719269
CC.EST,BJ,2004,-0.563022553920746
CC.EST,BJ,2003,-0.577583432197571
CC.EST,BJ,2002,-0.795710146427155
CC.EST,BJ,2001,None
CC.EST,BJ,2000,-0.700917899608612
CC.EST,BJ,1999,None
CC.EST,BJ,1998,-0.649413108825684
CC.EST,BJ,1997,None
CC.EST,BJ,1996,-0.548114895820618
CC.EST,BJ,1995,None
CC.EST,BF,2019,-0.220120951533318
CC.EST,BF,2018,-0.131240993738174
CC.EST,BF,2017,-0.138816744089127
CC.EST,BF,2016,-0.169851243495941
CC.EST,BF,2015,-0.298838138580322
CC.EST,BF,2014,-0.466464132070541
CC.EST,BF,2013,-0.525301456451416
CC.EST,BF,2012,-0.482446640729904
CC.EST,BF,2011,-0.378650426864624
CC.EST,BF,2010,-0.356885224580765
CC.EST,BF,2009,-0.345606595277786
CC.EST,BF,2008,-0.30901512503624
CC.EST,BF,2007,-0.329598039388657
CC.EST,BF,2006,-0.310118108987808
CC.EST,BF,2005,-0.105527251958847
CC.EST,BF,2004,-0.149054154753685
CC.EST,BF,2003,-0.107514306902885
CC.EST,BF,2002,0.120319604873657
CC.EST,BF,2001,None
CC.EST,BF,2000,0.12469719350338
CC.EST,BF,1999,None
CC.EST,BF,1998,0.0955900400876999
CC.EST,BF,1997,None
CC.EST,BF,1996,0.11151909083128
CC.EST,BF,1995,None
CC.EST,BD,2019,-1.01699352264404
CC.EST,BD,2018,-0.926946818828583
CC.EST,BD,2017,-0.858938634395599
CC.EST,BD,2016,-0.88687801361084
CC.EST,BD,2015,-0.844025909900665
CC.EST,BD,2014,-0.892129957675934
CC.EST,BD,2013,-0.893825352191925
CC.EST,BD,2012,-0.85661906003952
CC.EST,BD,2011,-1.09738862514496
CC.EST,BD,2010,-1.05408024787903
CC.EST,BD,2009,-1.0752512216568
CC.EST,BD,2008,-1.0467883348465
CC.EST,BD,2007,-1.06323993206024
CC.EST,BD,2006,-1.44298279285431
CC.EST,BD,2005,-1.40646660327911
CC.EST,BD,2004,-1.59711492061615
CC.EST,BD,2003,-1.54172050952911
CC.EST,BD,2002,-1.44908678531647
CC.EST,BD,2001,None
CC.EST,BD,2000,-1.21208262443542
CC.EST,BD,1999,None
CC.EST,BD,1998,-0.773010969161987
CC.EST,BD,1997,None
CC.EST,BD,1996,-0.969682216644287
CC.EST,BD,1995,None
CC.EST,BO,2019,-0.780918836593628
CC.EST,BO,2018,-0.688172459602356
CC.EST,BO,2017,-0.700783431529999
CC.EST,BO,2016,-0.774184048175812
CC.EST,BO,2015,-0.717430353164673
CC.EST,BO,2014,-0.628422021865845
CC.EST,BO,2013,-0.587771356105804
CC.EST,BO,2012,-0.727891862392426
CC.EST,BO,2011,-0.573696494102478
CC.EST,BO,2010,-0.458648711442947
CC.EST,BO,2009,-0.631416976451874
CC.EST,BO,2008,-0.528391659259796
CC.EST,BO,2007,-0.4021937251091
CC.EST,BO,2006,-0.431123644113541
CC.EST,BO,2005,-0.74197906255722
CC.EST,BO,2004,-0.809159338474274
CC.EST,BO,2003,-0.853618502616882
CC.EST,BO,2002,-0.940807521343231
CC.EST,BO,2001,None
CC.EST,BO,2000,-0.483501076698303
CC.EST,BO,1999,None
CC.EST,BO,1998,-0.442392319440842
CC.EST,BO,1997,None
CC.EST,BO,1996,-0.8248291015625
CC.EST,BO,1995,None
CC.EST,BT,2019,1.57226634025574
CC.EST,BT,2018,1.59051811695099
CC.EST,BT,2017,1.52906262874603
CC.EST,BT,2016,1.09102046489716
CC.EST,BT,2015,0.989677846431732
CC.EST,BT,2014,1.30612897872925
CC.EST,BT,2013,0.912419855594635
CC.EST,BT,2012,0.953947246074677
CC.EST,BT,2011,0.854587376117706
CC.EST,BT,2010,0.938382148742676
CC.EST,BT,2009,0.937309503555298
CC.EST,BT,2008,0.912390053272247
CC.EST,BT,2007,0.928755760192871
CC.EST,BT,2006,0.854816734790802
CC.EST,BT,2005,0.871916949748993
CC.EST,BT,2004,0.893403232097626
CC.EST,BT,2003,1.08701109886169
CC.EST,BT,2002,0.449922442436218
CC.EST,BT,2001,None
CC.EST,BT,2000,0.574339628219604
CC.EST,BT,1999,None
CC.EST,BT,1998,0.883640766143799
CC.EST,BT,1997,None
CC.EST,BT,1996,0.942838490009308
CC.EST,BT,1995,None
CC.EST,CF,2019,-1.23396146297455
CC.EST,CF,2018,-1.23319137096405
CC.EST,CF,2017,-1.20007252693176
CC.EST,CF,2016,-1.30534648895264
CC.EST,CF,2015,-1.32688450813293
CC.EST,CF,2014,-1.16635048389435
CC.EST,CF,2013,-1.09623372554779
CC.EST,CF,2012,-1.0055319070816
CC.EST,CF,2011,-0.967538118362427
CC.EST,CF,2010,-0.937605500221252
CC.EST,CF,2009,-0.988850176334381
CC.EST,CF,2008,-1.13727676868439
CC.EST,CF,2007,-1.21095335483551
CC.EST,CF,2006,-1.21914231777191
CC.EST,CF,2005,-1.30276608467102
CC.EST,CF,2004,-1.47727310657501
CC.EST,CF,2003,-1.02073454856873
CC.EST,CF,2002,-0.979822814464569
CC.EST,CF,2001,None
CC.EST,CF,2000,-1.19889616966248
CC.EST,CF,1999,None
CC.EST,CF,1998,-1.12268388271332
CC.EST,CF,1997,None
CC.EST,CF,1996,-1.14093124866486
CC.EST,CF,1995,None
CC.EST,CI,2019,-0.564522325992584
CC.EST,CI,2018,-0.52569717168808
CC.EST,CI,2017,-0.550527215003967
CC.EST,CI,2016,-0.555268585681915
CC.EST,CI,2015,-0.462348997592926
CC.EST,CI,2014,-0.418946444988251
CC.EST,CI,2013,-0.739937126636505
CC.EST,CI,2012,-0.838509380817413
CC.EST,CI,2011,-1.03099358081818
CC.EST,CI,2010,-1.17285454273224
CC.EST,CI,2009,-1.11738514900208
CC.EST,CI,2008,-1.11905133724213
CC.EST,CI,2007,-1.09506964683533
CC.EST,CI,2006,-1.20752882957458
CC.EST,CI,2005,-1.24978721141815
CC.EST,CI,2004,-1.24132347106934
CC.EST,CI,2003,-1.01384484767914
CC.EST,CI,2002,-0.801531195640564
CC.EST,CI,2001,None
CC.EST,CI,2000,-0.777199268341064
CC.EST,CI,1999,None
CC.EST,CI,1998,-0.497031658887863
CC.EST,CI,1997,None
CC.EST,CI,1996,-0.260566830635071
CC.EST,CI,1995,None
CC.EST,CM,2019,-1.21871328353882
CC.EST,CM,2018,-1.16267454624176
CC.EST,CM,2017,-1.2256121635437
CC.EST,CM,2016,-1.17888486385345
CC.EST,CM,2015,-1.09618330001831
CC.EST,CM,2014,-1.17845451831818
CC.EST,CM,2013,-1.21758460998535
CC.EST,CM,2012,-1.27243947982788
CC.EST,CM,2011,-1.16692554950714
CC.EST,CM,2010,-1.07531774044037
CC.EST,CM,2009,-1.02055108547211
CC.EST,CM,2008,-1.03422832489014
CC.EST,CM,2007,-1.03304481506348
CC.EST,CM,2006,-1.09145569801331
CC.EST,CM,2005,-1.19940960407257
CC.EST,CM,2004,-1.12543630599976
CC.EST,CM,2003,-0.981341302394867
CC.EST,CM,2002,-1.20911192893982
CC.EST,CM,2001,None
CC.EST,CM,2000,-1.32529211044312
CC.EST,CM,1999,None
CC.EST,CM,1998,-1.31328856945038
CC.EST,CM,1997,None
CC.EST,CM,1996,-1.33498477935791
CC.EST,CM,1995,None
CC.EST,CD,2019,-1.55517840385437
CC.EST,CD,2018,-1.51754856109619
CC.EST,CD,2017,-1.44621825218201
CC.EST,CD,2016,-1.36657023429871
CC.EST,CD,2015,-1.31091260910034
CC.EST,CD,2014,-1.32077074050903
CC.EST,CD,2013,-1.33808147907257
CC.EST,CD,2012,-1.32971084117889
CC.EST,CD,2011,-1.45750629901886
CC.EST,CD,2010,-1.45788669586182
CC.EST,CD,2009,-1.41292572021484
CC.EST,CD,2008,-1.26119422912598
CC.EST,CD,2007,-1.3810715675354
CC.EST,CD,2006,-1.54050779342651
CC.EST,CD,2005,-1.44338226318359
CC.EST,CD,2004,-1.44469392299652
CC.EST,CD,2003,-1.52645540237427
CC.EST,CD,2002,-1.44997084140778
CC.EST,CD,2001,None
CC.EST,CD,2000,-1.4591748714447
CC.EST,CD,1999,None
CC.EST,CD,1998,-1.41667938232422
CC.EST,CD,1997,None
CC.EST,CD,1996,-1.64785194396973
CC.EST,CD,1995,None
CC.EST,CG,2019,-1.43592858314514
CC.EST,CG,2018,-1.37775588035583
CC.EST,CG,2017,-1.36760818958282
CC.EST,CG,2016,-1.22708809375763
CC.EST,CG,2015,-1.2709356546402
CC.EST,CG,2014,-1.19982445240021
CC.EST,CG,2013,-1.17657339572906
CC.EST,CG,2012,-1.22975122928619
CC.EST,CG,2011,-1.14499390125275
CC.EST,CG,2010,-1.15732026100159
CC.EST,CG,2009,-1.2138409614563
CC.EST,CG,2008,-1.19324886798859
CC.EST,CG,2007,-1.16095578670502
CC.EST,CG,2006,-1.10827851295471
CC.EST,CG,2005,-1.05943977832794
CC.EST,CG,2004,-1.03629004955292
CC.EST,CG,2003,-1.09013664722443
CC.EST,CG,2002,-1.00901794433594
CC.EST,CG,2001,None
CC.EST,CG,2000,-0.943886816501617
CC.EST,CG,1999,None
CC.EST,CG,1998,-1.19879674911499
CC.EST,CG,1997,None
CC.EST,CG,1996,-0.860740303993225
CC.EST,CG,1995,None
CC.EST,KM,2019,-1.05786526203156
CC.EST,KM,2018,-0.851346492767334
CC.EST,KM,2017,-0.710999250411987
CC.EST,KM,2016,-0.70620983839035
CC.EST,KM,2015,-0.770183980464935
CC.EST,KM,2014,-0.58658766746521
CC.EST,KM,2013,-0.731784343719482
CC.EST,KM,2012,-0.781551659107208
CC.EST,KM,2011,-0.80391651391983
CC.EST,KM,2010,-0.786249220371246
CC.EST,KM,2009,-0.812594294548035
CC.EST,KM,2008,-0.77248740196228
CC.EST,KM,2007,-0.691559910774231
CC.EST,KM,2006,-0.700171768665314
CC.EST,KM,2005,-0.887240290641785
CC.EST,KM,2004,-0.864246010780334
CC.EST,KM,2003,-0.693807721138
CC.EST,KM,2002,-0.674768149852753
CC.EST,KM,2001,None
CC.EST,KM,2000,-0.962091505527496
CC.EST,KM,1999,None
CC.EST,KM,1998,-0.970211029052734
CC.EST,KM,1997,None
CC.EST,KM,1996,-0.998565018177032
CC.EST,KM,1995,None
CC.EST,CV,2019,0.851036787033081
CC.EST,CV,2018,0.755641520023346
CC.EST,CV,2017,0.798005223274231
CC.EST,CV,2016,0.844319045543671
CC.EST,CV,2015,0.929523050785065
CC.EST,CV,2014,0.970904409885406
CC.EST,CV,2013,0.85189551115036
CC.EST,CV,2012,0.885680317878723
CC.EST,CV,2011,0.924242794513702
CC.EST,CV,2010,0.877152562141418
CC.EST,CV,2009,0.892971932888031
CC.EST,CV,2008,0.900168597698212
CC.EST,CV,2007,0.91870528459549
CC.EST,CV,2006,0.838406205177307
CC.EST,CV,2005,0.590595901012421
CC.EST,CV,2004,0.338964372873306
CC.EST,CV,2003,0.47895535826683
CC.EST,CV,2002,0.495939344167709
CC.EST,CV,2001,None
CC.EST,CV,2000,1.12715709209442
CC.EST,CV,1999,None
CC.EST,CV,1998,1.15506649017334
CC.EST,CV,1997,None
CC.EST,CV,1996,1.14333736896515
CC.EST,CV,1995,None
CC.EST,DJ,2019,-0.880212485790253
CC.EST,DJ,2018,-0.742592453956604
CC.EST,DJ,2017,-0.671873569488525
CC.EST,DJ,2016,-0.689300656318665
CC.EST,DJ,2015,-0.697723746299744
CC.EST,DJ,2014,-0.596591591835022
CC.EST,DJ,2013,-0.549865782260895
CC.EST,DJ,2012,-0.470184713602066
CC.EST,DJ,2011,-0.421640872955322
CC.EST,DJ,2010,-0.402063727378845
CC.EST,DJ,2009,-0.367729425430298
CC.EST,DJ,2008,-0.303243905305862
CC.EST,DJ,2007,-0.542462527751923
CC.EST,DJ,2006,-0.667271733283997
CC.EST,DJ,2005,-0.711830615997314
CC.EST,DJ,2004,-0.42907127737999
CC.EST,DJ,2003,-0.648552417755127
CC.EST,DJ,2002,-0.628373801708221
CC.EST,DJ,2001,None
CC.EST,DJ,2000,-0.636604070663452
CC.EST,DJ,1999,None
CC.EST,DJ,1998,-0.682330429553986
CC.EST,DJ,1997,None
CC.EST,DJ,1996,-0.719981253147125
CC.EST,DJ,1995,None
CC.EST,EG,2019,-0.65516608953476
CC.EST,EG,2018,-0.514392554759979
CC.EST,EG,2017,-0.495695531368256
CC.EST,EG,2016,-0.590742230415344
CC.EST,EG,2015,-0.600650787353516
CC.EST,EG,2014,-0.575114548206329
CC.EST,EG,2013,-0.613801896572113
CC.EST,EG,2012,-0.579664349555969
CC.EST,EG,2011,-0.633263945579529
CC.EST,EG,2010,-0.596871852874756
CC.EST,EG,2009,-0.464862793684006
CC.EST,EG,2008,-0.765909254550934
CC.EST,EG,2007,-0.737870097160339
CC.EST,EG,2006,-0.737334072589874
CC.EST,EG,2005,-0.539499521255493
CC.EST,EG,2004,-0.583505749702454
CC.EST,EG,2003,-0.530747950077057
CC.EST,EG,2002,-0.44015771150589
CC.EST,EG,2001,None
CC.EST,EG,2000,-0.4926677942276
CC.EST,EG,1999,None
CC.EST,EG,1998,-0.477870136499405
CC.EST,EG,1997,None
CC.EST,EG,1996,-0.472254395484924
CC.EST,EG,1995,None
CC.EST,ER,2019,-1.4070611000061
CC.EST,ER,2018,-1.32192349433899
CC.EST,ER,2017,-1.23217439651489
CC.EST,ER,2016,-1.34377884864807
CC.EST,ER,2015,-1.33925545215607
CC.EST,ER,2014,-0.885469436645508
CC.EST,ER,2013,-0.909359693527222
CC.EST,ER,2012,-0.778626441955566
CC.EST,ER,2011,-0.641272008419037
CC.EST,ER,2010,-0.550964772701263
CC.EST,ER,2009,-0.473421841859818
CC.EST,ER,2008,-0.358149886131287
CC.EST,ER,2007,-0.411584377288818
CC.EST,ER,2006,-0.345739334821701
CC.EST,ER,2005,-0.318069249391556
CC.EST,ER,2004,-0.148119673132896
CC.EST,ER,2003,-0.0485028326511383
CC.EST,ER,2002,0.125430345535278
CC.EST,ER,2001,None
CC.EST,ER,2000,0.496908664703369
CC.EST,ER,1999,None
CC.EST,ER,1998,0.516642093658447
CC.EST,ER,1997,None
CC.EST,ER,1996,0.505685269832611
CC.EST,ER,1995,None
CC.EST,ET,2019,-0.435477554798126
CC.EST,ET,2018,-0.504966139793396
CC.EST,ET,2017,-0.582520842552185
CC.EST,ET,2016,-0.442177504301071
CC.EST,ET,2015,-0.476131945848465
CC.EST,ET,2014,-0.44789931178093
CC.EST,ET,2013,-0.501512408256531
CC.EST,ET,2012,-0.608586847782135
CC.EST,ET,2011,-0.667876601219177
CC.EST,ET,2010,-0.694108724594116
CC.EST,ET,2009,-0.704722344875336
CC.EST,ET,2008,-0.666399776935577
CC.EST,ET,2007,-0.632185876369476
CC.EST,ET,2006,-0.650104701519012
CC.EST,ET,2005,-0.772508382797241
CC.EST,ET,2004,-0.757493495941162
CC.EST,ET,2003,-0.777412176132202
CC.EST,ET,2002,-0.717909097671509
CC.EST,ET,2001,None
CC.EST,ET,2000,-0.906757354736328
CC.EST,ET,1999,None
CC.EST,ET,1998,-0.903203785419464
CC.EST,ET,1997,None
CC.EST,ET,1996,-0.9305459856987
CC.EST,ET,1995,None
CC.EST,FM,2019,0.709070801734924
CC.EST,FM,2018,0.672230362892151
CC.EST,FM,2017,0.775618433952332
CC.EST,FM,2016,0.706911265850067
CC.EST,FM,2015,0.677290916442871
CC.EST,FM,2014,0.812802195549011
CC.EST,FM,2013,-0.179917350411415
CC.EST,FM,2012,-0.124001890420914
CC.EST,FM,2011,-0.344322592020035
CC.EST,FM,2010,-0.259419351816177
CC.EST,FM,2009,-0.219170406460762
CC.EST,FM,2008,-0.21752493083477
CC.EST,FM,2007,-0.240319490432739
CC.EST,FM,2006,-0.104157447814941
CC.EST,FM,2005,-0.120893590152264
CC.EST,FM,2004,0.323294550180435
CC.EST,FM,2003,None
CC.EST,FM,2002,None
CC.EST,FM,2001,None
CC.EST,FM,2000,None
CC.EST,FM,1999,None
CC.EST,FM,1998,None
CC.EST,FM,1997,None
CC.EST,FM,1996,None
CC.EST,FM,1995,None
CC.EST,GH,2019,-0.108893923461437
CC.EST,GH,2018,-0.138242349028587
CC.EST,GH,2017,-0.253569841384888
CC.EST,GH,2016,-0.175110563635826
CC.EST,GH,2015,-0.210319384932518
CC.EST,GH,2014,-0.194918543100357
CC.EST,GH,2013,-0.0965914353728294
CC.EST,GH,2012,-0.126568555831909
CC.EST,GH,2011,-0.0291263181716204
CC.EST,GH,2010,0.0142804691568017
CC.EST,GH,2009,-0.0099876131862402
CC.EST,GH,2008,-0.0774584859609604
CC.EST,GH,2007,0.0381476953625679
CC.EST,GH,2006,-0.0141816036775708
CC.EST,GH,2005,-0.368746399879456
CC.EST,GH,2004,-0.279528439044952
CC.EST,GH,2003,-0.311426788568497
CC.EST,GH,2002,-0.342790067195892
CC.EST,GH,2001,None
CC.EST,GH,2000,-0.0959861651062965
CC.EST,GH,1999,None
CC.EST,GH,1998,-0.329742610454559
CC.EST,GH,1997,None
CC.EST,GH,1996,-0.339949548244476
CC.EST,GH,1995,None
CC.EST,GN,2019,-0.91590142250061
CC.EST,GN,2018,-1.05975413322449
CC.EST,GN,2017,-1.03800141811371
CC.EST,GN,2016,-0.946540415287018
CC.EST,GN,2015,-1.01426017284393
CC.EST,GN,2014,-1.06706202030182
CC.EST,GN,2013,-1.04976332187653
CC.EST,GN,2012,-1.05566322803497
CC.EST,GN,2011,-1.12737143039703
CC.EST,GN,2010,-1.22193884849548
CC.EST,GN,2009,-1.09628415107727
CC.EST,GN,2008,-1.21101438999176
CC.EST,GN,2007,-1.29245042800903
CC.EST,GN,2006,-1.12154197692871
CC.EST,GN,2005,-1.0733128786087
CC.EST,GN,2004,-0.887606680393219
CC.EST,GN,2003,-0.888901352882385
CC.EST,GN,2002,-0.767053604125977
CC.EST,GN,2001,None
CC.EST,GN,2000,-1.05016088485718
CC.EST,GN,1999,None
CC.EST,GN,1998,-1.07500994205475
CC.EST,GN,1997,None
CC.EST,GN,1996,-0.93994152545929
CC.EST,GN,1995,None
CC.EST,GM,2019,-0.40828874707222
CC.EST,GM,2018,-0.501664221286774
CC.EST,GM,2017,-0.657365679740906
CC.EST,GM,2016,-0.850145161151886
CC.EST,GM,2015,-0.813672840595245
CC.EST,GM,2014,-0.693982779979706
CC.EST,GM,2013,-0.706011950969696
CC.EST,GM,2012,-0.653231739997864
CC.EST,GM,2011,-0.513804793357849
CC.EST,GM,2010,-0.587572574615479
CC.EST,GM,2009,-0.557290554046631
CC.EST,GM,2008,-0.714707136154175
CC.EST,GM,2007,-0.712738215923309
CC.EST,GM,2006,-0.729944288730621
CC.EST,GM,2005,-0.694694995880127
CC.EST,GM,2004,-0.522410035133362
CC.EST,GM,2003,-0.176545038819313
CC.EST,GM,2002,-0.233312800526619
CC.EST,GM,2001,None
CC.EST,GM,2000,-0.377791106700897
CC.EST,GM,1999,None
CC.EST,GM,1998,-0.364895522594452
CC.EST,GM,1997,None
CC.EST,GM,1996,-0.374195218086243
CC.EST,GM,1995,None
CC.EST,GW,2019,-1.49794888496399
CC.EST,GW,2018,-1.55884099006653
CC.EST,GW,2017,-1.59746825695038
CC.EST,GW,2016,-1.58632564544678
CC.EST,GW,2015,-1.50964152812958
CC.EST,GW,2014,-1.55671191215515
CC.EST,GW,2013,-1.34157395362854
CC.EST,GW,2012,-1.29328751564026
CC.EST,GW,2011,-1.18604528903961
CC.EST,GW,2010,-1.16155707836151
CC.EST,GW,2009,-1.21717298030853
CC.EST,GW,2008,-1.2003960609436
CC.EST,GW,2007,-1.20494568347931
CC.EST,GW,2006,-1.0954829454422
CC.EST,GW,2005,-1.17498433589935
CC.EST,GW,2004,-1.27454555034637
CC.EST,GW,2003,-1.12732601165771
CC.EST,GW,2002,-1.04421436786652
CC.EST,GW,2001,None
CC.EST,GW,2000,-0.915324807167053
CC.EST,GW,1999,None
CC.EST,GW,1998,-1.12208342552185
CC.EST,GW,1997,None
CC.EST,GW,1996,-1.19465482234955
CC.EST,GW,1995,None
CC.EST,HN,2019,-0.875686287879944
CC.EST,HN,2018,-0.656966507434845
CC.EST,HN,2017,-0.739263594150543
CC.EST,HN,2016,-0.679066300392151
CC.EST,HN,2015,-0.589254200458527
CC.EST,HN,2014,-0.787135541439056
CC.EST,HN,2013,-0.944873750209808
CC.EST,HN,2012,-0.955132007598877
CC.EST,HN,2011,-0.833935797214508
CC.EST,HN,2010,-0.889169752597809
CC.EST,HN,2009,-0.908242762088776
CC.EST,HN,2008,-0.915665328502655
CC.EST,HN,2007,-0.791543304920197
CC.EST,HN,2006,-0.833331823348999
CC.EST,HN,2005,-0.819756150245667
CC.EST,HN,2004,-0.946081817150116
CC.EST,HN,2003,-0.974429309368134
CC.EST,HN,2002,-1.01955211162567
CC.EST,HN,2001,None
CC.EST,HN,2000,-0.969870448112488
CC.EST,HN,1999,None
CC.EST,HN,1998,-1.01508116722107
CC.EST,HN,1997,None
CC.EST,HN,1996,-1.07881093025208
CC.EST,HN,1995,None
CC.EST,HT,2019,-1.3468052148819
CC.EST,HT,2018,-1.28550410270691
CC.EST,HT,2017,-1.2592921257019
CC.EST,HT,2016,-1.35417854785919
CC.EST,HT,2015,-1.25839722156525
CC.EST,HT,2014,-1.23922824859619
CC.EST,HT,2013,-1.13521087169647
CC.EST,HT,2012,-1.24063181877136
CC.EST,HT,2011,-1.23770332336426
CC.EST,HT,2010,-1.1893208026886
CC.EST,HT,2009,-1.09506952762604
CC.EST,HT,2008,-1.21558952331543
CC.EST,HT,2007,-1.29074168205261
CC.EST,HT,2006,-1.32642245292664
CC.EST,HT,2005,-1.39128422737122
CC.EST,HT,2004,-1.46017730236053
CC.EST,HT,2003,-1.58485579490662
CC.EST,HT,2002,-1.5061753988266
CC.EST,HT,2001,None
CC.EST,HT,2000,-1.20162928104401
CC.EST,HT,1999,None
CC.EST,HT,1998,-1.16668713092804
CC.EST,HT,1997,None
CC.EST,HT,1996,-1.1732771396637
CC.EST,HT,1995,None
CC.EST,IN,2019,-0.302205294370651
CC.EST,IN,2018,-0.229412421584129
CC.EST,IN,2017,-0.291451543569565
CC.EST,IN,2016,-0.336941868066788
CC.EST,IN,2015,-0.406170606613159
CC.EST,IN,2014,-0.457155108451843
CC.EST,IN,2013,-0.517085731029511
CC.EST,IN,2012,-0.513968110084534
CC.EST,IN,2011,-0.540835857391357
CC.EST,IN,2010,-0.463754564523697
CC.EST,IN,2009,-0.452406287193298
CC.EST,IN,2008,-0.33909797668457
CC.EST,IN,2007,-0.397690296173096
CC.EST,IN,2006,-0.274562805891037
CC.EST,IN,2005,-0.363160848617554
CC.EST,IN,2004,-0.448476195335388
CC.EST,IN,2003,-0.456320524215698
CC.EST,IN,2002,-0.555382490158081
CC.EST,IN,2001,None
CC.EST,IN,2000,-0.403301805257797
CC.EST,IN,1999,None
CC.EST,IN,1998,-0.258726745843887
CC.EST,IN,1997,None
CC.EST,IN,1996,-0.381090342998505
CC.EST,IN,1995,None
CC.EST,JO,2019,0.0804249122738838
CC.EST,JO,2018,0.123943954706192
CC.EST,JO,2017,0.227010458707809
CC.EST,JO,2016,0.25065490603447
CC.EST,JO,2015,0.244418248534203
CC.EST,JO,2014,0.135434180498123
CC.EST,JO,2013,0.06590935587883
CC.EST,JO,2012,0.0705865696072578
CC.EST,JO,2011,0.0994421243667603
CC.EST,JO,2010,0.0383146591484547
CC.EST,JO,2009,0.16472952067852
CC.EST,JO,2008,0.380167007446289
CC.EST,JO,2007,0.287263840436935
CC.EST,JO,2006,0.279343515634537
CC.EST,JO,2005,0.280934184789658
CC.EST,JO,2004,0.290117710828781
CC.EST,JO,2003,0.333168774843216
CC.EST,JO,2002,-0.0623230412602425
CC.EST,JO,2001,None
CC.EST,JO,2000,0.0611765123903751
CC.EST,JO,1999,None
CC.EST,JO,1998,0.112761944532394
CC.EST,JO,1997,None
CC.EST,JO,1996,-0.0354074910283089
CC.EST,JO,1995,None
CC.EST,KE,2019,-0.807418882846832
CC.EST,KE,2018,-0.862696051597595
CC.EST,KE,2017,-0.975330948829651
CC.EST,KE,2016,-0.913663983345032
CC.EST,KE,2015,-1.03067374229431
CC.EST,KE,2014,-0.938904762268066
CC.EST,KE,2013,-1.03594160079956
CC.EST,KE,2012,-1.09887766838074
CC.EST,KE,2011,-0.96374249458313
CC.EST,KE,2010,-0.911055028438568
CC.EST,KE,2009,-1.0707300901413
CC.EST,KE,2008,-1.06836628913879
CC.EST,KE,2007,-0.978594720363617
CC.EST,KE,2006,-0.935450911521912
CC.EST,KE,2005,-1.0125367641449
CC.EST,KE,2004,-0.897880256175995
CC.EST,KE,2003,-0.96461683511734
CC.EST,KE,2002,-1.00375056266785
CC.EST,KE,2001,None
CC.EST,KE,2000,-1.14436364173889
CC.EST,KE,1999,None
CC.EST,KE,1998,-1.1658126115799
CC.EST,KE,1997,None
CC.EST,KE,1996,-1.15884947776794
CC.EST,KE,1995,None
CC.EST,KG,2019,-0.959891974925995
CC.EST,KG,2018,-0.960398018360138
CC.EST,KG,2017,-1.07847428321838
CC.EST,KG,2016,-1.1043074131012
CC.EST,KG,2015,-1.17861187458038
CC.EST,KG,2014,-1.12937223911285
CC.EST,KG,2013,-1.16199910640717
CC.EST,KG,2012,-1.15086257457733
CC.EST,KG,2011,-1.23196542263031
CC.EST,KG,2010,-1.17509734630585
CC.EST,KG,2009,-1.31282722949982
CC.EST,KG,2008,-1.23223948478699
CC.EST,KG,2007,-1.32909786701202
CC.EST,KG,2006,-1.32556045055389
CC.EST,KG,2005,-1.26726925373077
CC.EST,KG,2004,-1.0977121591568
CC.EST,KG,2003,-1.03281939029694
CC.EST,KG,2002,-1.06477046012878
CC.EST,KG,2001,None
CC.EST,KG,2000,-1.00747871398926
CC.EST,KG,1999,None
CC.EST,KG,1998,-1.05879712104797
CC.EST,KG,1997,None
CC.EST,KG,1996,-0.993923425674438
CC.EST,KG,1995,None
CC.EST,KH,2019,-1.32316565513611
CC.EST,KH,2018,-1.35679519176483
CC.EST,KH,2017,-1.31736183166504
CC.EST,KH,2016,-1.30133092403412
CC.EST,KH,2015,-1.15312373638153
CC.EST,KH,2014,-1.14674997329712
CC.EST,KH,2013,-1.0637218952179
CC.EST,KH,2012,-1.08068156242371
CC.EST,KH,2011,-1.25564956665039
CC.EST,KH,2010,-1.24900782108307
CC.EST,KH,2009,-1.18124008178711
CC.EST,KH,2008,-1.24171054363251
CC.EST,KH,2007,-1.15168952941895
CC.EST,KH,2006,-1.26038551330566
CC.EST,KH,2005,-1.22373998165131
CC.EST,KH,2004,-1.05834627151489
CC.EST,KH,2003,-0.989836037158966
CC.EST,KH,2002,-0.990784227848053
CC.EST,KH,2001,None
CC.EST,KH,2000,-0.967182695865631
CC.EST,KH,1999,None
CC.EST,KH,1998,-0.98831170797348
CC.EST,KH,1997,None
CC.EST,KH,1996,-1.01984238624573
CC.EST,KH,1995,None
CC.EST,KI,2019,0.367132216691971
CC.EST,KI,2018,0.348221093416214
CC.EST,KI,2017,0.417874157428741
CC.EST,KI,2016,0.290254235267639
CC.EST,KI,2015,0.245786979794502
CC.EST,KI,2014,0.288614958524704
CC.EST,KI,2013,-0.0261854790151119
CC.EST,KI,2012,0.0232411809265614
CC.EST,KI,2011,0.115431219339371
CC.EST,KI,2010,-0.0656659156084061
CC.EST,KI,2009,-0.135274410247803
CC.EST,KI,2008,0.0412433929741383
CC.EST,KI,2007,0.15075995028019
CC.EST,KI,2006,0.0923269018530846
CC.EST,KI,2005,0.258307546377182
CC.EST,KI,2004,0.510554671287537
CC.EST,KI,2003,None
CC.EST,KI,2002,None
CC.EST,KI,2001,None
CC.EST,KI,2000,None
CC.EST,KI,1999,None
CC.EST,KI,1998,None
CC.EST,KI,1997,None
CC.EST,KI,1996,None
CC.EST,KI,1995,None
CC.EST,LA,2019,-1.07636892795563
CC.EST,LA,2018,-0.997076809406281
CC.EST,LA,2017,-0.9670649766922
CC.EST,LA,2016,-0.986315608024597
CC.EST,LA,2015,-0.944022536277771
CC.EST,LA,2014,-0.853411793708801
CC.EST,LA,2013,-0.940360546112061
CC.EST,LA,2012,-1.02507245540619
CC.EST,LA,2011,-1.19296872615814
CC.EST,LA,2010,-1.19573104381561
CC.EST,LA,2009,-1.24884247779846
CC.EST,LA,2008,-1.20606291294098
CC.EST,LA,2007,-1.28131055831909
CC.EST,LA,2006,-1.33152568340302
CC.EST,LA,2005,-1.31761395931244
CC.EST,LA,2004,-1.14759469032288
CC.EST,LA,2003,-0.86640602350235
CC.EST,LA,2002,-0.673779785633087
CC.EST,LA,2001,None
CC.EST,LA,2000,-0.696313202381134
CC.EST,LA,1999,None
CC.EST,LA,1998,-0.689512550830841
CC.EST,LA,1997,None
CC.EST,LA,1996,-0.722833931446075
CC.EST,LA,1995,None
CC.EST,LB,2019,-1.1687958240509
CC.EST,LB,2018,-1.13269829750061
CC.EST,LB,2017,-1.02763438224792
CC.EST,LB,2016,-0.989753305912018
CC.EST,LB,2015,-0.901420474052429
CC.EST,LB,2014,-1.04220545291901
CC.EST,LB,2013,-0.924281895160675
CC.EST,LB,2012,-0.8656907081604
CC.EST,LB,2011,-0.900145947933197
CC.EST,LB,2010,-0.915250718593597
CC.EST,LB,2009,-0.871679723262787
CC.EST,LB,2008,-0.858251392841339
CC.EST,LB,2007,-0.939466238021851
CC.EST,LB,2006,-0.999498069286346
CC.EST,LB,2005,-0.532331883907318
CC.EST,LB,2004,-0.5928635597229
CC.EST,LB,2003,-0.612619996070862
CC.EST,LB,2002,-0.415403097867966
CC.EST,LB,2001,None
CC.EST,LB,2000,-0.466838240623474
CC.EST,LB,1999,None
CC.EST,LB,1998,-0.474878489971161
CC.EST,LB,1997,None
CC.EST,LB,1996,-0.659695029258728
CC.EST,LB,1995,None
CC.EST,LR,2019,-0.919094324111938
CC.EST,LR,2018,-0.871749877929688
CC.EST,LR,2017,-0.687493205070496
CC.EST,LR,2016,-0.742775201797485
CC.EST,LR,2015,-0.666826963424683
CC.EST,LR,2014,-0.779243350028992
CC.EST,LR,2013,-0.718096494674683
CC.EST,LR,2012,-0.60703831911087
CC.EST,LR,2011,-0.690497636795044
CC.EST,LR,2010,-0.57457423210144
CC.EST,LR,2009,-0.607343435287476
CC.EST,LR,2008,-0.791121184825897
CC.EST,LR,2007,-0.476487666368485
CC.EST,LR,2006,-0.723485767841339
CC.EST,LR,2005,-1.20153045654297
CC.EST,LR,2004,-1.32960569858551
CC.EST,LR,2003,-1.15174722671509
CC.EST,LR,2002,-1.03428864479065
CC.EST,LR,2001,None
CC.EST,LR,2000,-1.09891521930695
CC.EST,LR,1999,None
CC.EST,LR,1998,-1.5365184545517
CC.EST,LR,1997,None
CC.EST,LR,1996,-1.50014114379883
CC.EST,LR,1995,None
CC.EST,LK,2019,-0.303825676441193
CC.EST,LK,2018,-0.35246741771698
CC.EST,LK,2017,-0.489461153745651
CC.EST,LK,2016,-0.33566477894783
CC.EST,LK,2015,-0.376569151878357
CC.EST,LK,2014,-0.345142692327499
CC.EST,LK,2013,-0.22082956135273
CC.EST,LK,2012,-0.241880506277084
CC.EST,LK,2011,-0.399362593889236
CC.EST,LK,2010,-0.419682919979095
CC.EST,LK,2009,-0.396393328905106
CC.EST,LK,2008,-0.218608349561691
CC.EST,LK,2007,-0.146113589406013
CC.EST,LK,2006,-0.194801017642021
CC.EST,LK,2005,-0.339861780405045
CC.EST,LK,2004,-0.167387902736664
CC.EST,LK,2003,-0.272020310163498
CC.EST,LK,2002,-0.216593146324158
CC.EST,LK,2001,None
CC.EST,LK,2000,-0.199228778481483
CC.EST,LK,1999,None
CC.EST,LK,1998,-0.083364762365818
CC.EST,LK,1997,None
CC.EST,LK,1996,-0.0565393306314945
CC.EST,LK,1995,None
CC.EST,LS,2019,-0.12368880212307
CC.EST,LS,2018,-0.136426091194153
CC.EST,LS,2017,-0.0582799315452576
CC.EST,LS,2016,-0.0519301258027554
CC.EST,LS,2015,0.0230920203030109
CC.EST,LS,2014,0.199733451008797
CC.EST,LS,2013,0.279653906822205
CC.EST,LS,2012,0.126534461975098
CC.EST,LS,2011,0.156146213412285
CC.EST,LS,2010,0.184215262532234
CC.EST,LS,2009,0.171797960996628
CC.EST,LS,2008,0.0618668384850025
CC.EST,LS,2007,-0.0582023896276951
CC.EST,LS,2006,0.0105840899050236
CC.EST,LS,2005,0.0550843179225922
CC.EST,LS,2004,-0.106747023761272
CC.EST,LS,2003,-0.17002260684967
CC.EST,LS,2002,-0.173949226737022
CC.EST,LS,2001,None
CC.EST,LS,2000,-0.165395170450211
CC.EST,LS,1999,None
CC.EST,LS,1998,-0.110705472528934
CC.EST,LS,1997,None
CC.EST,LS,1996,0.0865449383854866
CC.EST,LS,1995,None
CC.EST,MA,2019,-0.335644423961639
CC.EST,MA,2018,-0.289577841758728
CC.EST,MA,2017,-0.199214860796928
CC.EST,MA,2016,-0.190375789999962
CC.EST,MA,2015,-0.286487638950348
CC.EST,MA,2014,-0.305042803287506
CC.EST,MA,2013,-0.423098087310791
CC.EST,MA,2012,-0.49313035607338
CC.EST,MA,2011,-0.452251225709915
CC.EST,MA,2010,-0.231423750519753
CC.EST,MA,2009,-0.367966145277023
CC.EST,MA,2008,-0.433665722608566
CC.EST,MA,2007,-0.386843711137772
CC.EST,MA,2006,-0.476106464862823
CC.EST,MA,2005,-0.425059497356415
CC.EST,MA,2004,-0.243782788515091
CC.EST,MA,2003,-0.319970190525055
CC.EST,MA,2002,-0.240059301257133
CC.EST,MA,2001,None
CC.EST,MA,2000,-0.233573436737061
CC.EST,MA,1999,None
CC.EST,MA,1998,0.103345759212971
CC.EST,MA,1997,None
CC.EST,MA,1996,-0.106926992535591
CC.EST,MA,1995,None
CC.EST,MG,2019,-1.05220568180084
CC.EST,MG,2018,-1.02054178714752
CC.EST,MG,2017,-1.07451629638672
CC.EST,MG,2016,-0.934489011764526
CC.EST,MG,2015,-0.880011737346649
CC.EST,MG,2014,-0.842870652675629
CC.EST,MG,2013,-0.763889014720917
CC.EST,MG,2012,-0.670311391353607
CC.EST,MG,2011,-0.484609842300415
CC.EST,MG,2010,-0.417824774980545
CC.EST,MG,2009,-0.328544199466705
CC.EST,MG,2008,-0.266752243041992
CC.EST,MG,2007,-0.18603253364563
CC.EST,MG,2006,-0.182527557015419
CC.EST,MG,2005,-0.0555555932223797
CC.EST,MG,2004,-0.323700606822968
CC.EST,MG,2003,-0.208431333303452
CC.EST,MG,2002,0.00122348207514733
CC.EST,MG,2001,None
CC.EST,MG,2000,-0.478630423545837
CC.EST,MG,1999,None
CC.EST,MG,1998,-0.560736000537872
CC.EST,MG,1997,None
CC.EST,MG,1996,-0.371093899011612
CC.EST,MG,1995,None
CC.EST,ML,2019,-0.705255508422852
CC.EST,ML,2018,-0.711567580699921
CC.EST,ML,2017,-0.666013300418854
CC.EST,ML,2016,-0.67736828327179
CC.EST,ML,2015,-0.704286694526672
CC.EST,ML,2014,-0.750901997089386
CC.EST,ML,2013,-0.792035818099976
CC.EST,ML,2012,-0.831212103366852
CC.EST,ML,2011,-0.648009061813354
CC.EST,ML,2010,-0.676808714866638
CC.EST,ML,2009,-0.680893421173096
CC.EST,ML,2008,-0.537264764308929
CC.EST,ML,2007,-0.42621174454689
CC.EST,ML,2006,-0.47920623421669
CC.EST,ML,2005,-0.500253260135651
CC.EST,ML,2004,-0.677577555179596
CC.EST,ML,2003,-0.744711637496948
CC.EST,ML,2002,-0.72459751367569
CC.EST,ML,2001,None
CC.EST,ML,2000,-0.878509700298309
CC.EST,ML,1999,None
CC.EST,ML,1998,-0.899157166481018
CC.EST,ML,1997,None
CC.EST,ML,1996,-0.782561779022217
CC.EST,ML,1995,None
CC.EST,MM,2019,-0.645230770111084
CC.EST,MM,2018,-0.612783849239349
CC.EST,MM,2017,-0.590761244297028
CC.EST,MM,2016,-0.641805827617645
CC.EST,MM,2015,-0.853787243366241
CC.EST,MM,2014,-0.883994281291962
CC.EST,MM,2013,-1.00605630874634
CC.EST,MM,2012,-1.06979167461395
CC.EST,MM,2011,-1.59468901157379
CC.EST,MM,2010,-1.67280876636505
CC.EST,MM,2009,-1.65966737270355
CC.EST,MM,2008,-1.61574602127075
CC.EST,MM,2007,-1.62557423114777
CC.EST,MM,2006,-1.65977263450623
CC.EST,MM,2005,-1.54068303108215
CC.EST,MM,2004,-1.64990055561066
CC.EST,MM,2003,-1.47258913516998
CC.EST,MM,2002,-1.30302631855011
CC.EST,MM,2001,None
CC.EST,MM,2000,-1.361532330513
CC.EST,MM,1999,None
CC.EST,MM,1998,-1.33447062969208
CC.EST,MM,1997,None
CC.EST,MM,1996,-1.50076675415039
CC.EST,MM,1995,None
CC.EST,MZ,2019,-0.858943164348602
CC.EST,MZ,2018,-0.808722257614136
CC.EST,MZ,2017,-0.857985019683838
CC.EST,MZ,2016,-0.902694940567017
CC.EST,MZ,2015,-0.779341638088226
CC.EST,MZ,2014,-0.669381856918335
CC.EST,MZ,2013,-0.602598667144775
CC.EST,MZ,2012,-0.569021642208099
CC.EST,MZ,2011,-0.496196299791336
CC.EST,MZ,2010,-0.436986297369003
CC.EST,MZ,2009,-0.428717106580734
CC.EST,MZ,2008,-0.487182706594467
CC.EST,MZ,2007,-0.512877285480499
CC.EST,MZ,2006,-0.618245720863342
CC.EST,MZ,2005,-0.534635305404663
CC.EST,MZ,2004,-0.613359034061432
CC.EST,MZ,2003,-0.642179369926453
CC.EST,MZ,2002,-0.499133259057999
CC.EST,MZ,2001,None
CC.EST,MZ,2000,-0.534364283084869
CC.EST,MZ,1999,None
CC.EST,MZ,1998,-0.390381544828415
CC.EST,MZ,1997,None
CC.EST,MZ,1996,-0.424003124237061
CC.EST,MZ,1995,None
CC.EST,MR,2019,-0.865797400474548
CC.EST,MR,2018,-0.812102079391479
CC.EST,MR,2017,-0.774360239505768
CC.EST,MR,2016,-0.762290120124817
CC.EST,MR,2015,-0.939487814903259
CC.EST,MR,2014,-0.932531476020813
CC.EST,MR,2013,-0.846679747104645
CC.EST,MR,2012,-0.793573498725891
CC.EST,MR,2011,-0.641656637191772
CC.EST,MR,2010,-0.712734580039978
CC.EST,MR,2009,-0.60821795463562
CC.EST,MR,2008,-0.785068154335022
CC.EST,MR,2007,-0.576470911502838
CC.EST,MR,2006,-0.746408820152283
CC.EST,MR,2005,-0.535383820533752
CC.EST,MR,2004,-0.365095525979996
CC.EST,MR,2003,-0.0743419826030731
CC.EST,MR,2002,-0.0830336138606071
CC.EST,MR,2001,None
CC.EST,MR,2000,-0.486816674470901
CC.EST,MR,1999,None
CC.EST,MR,1998,-0.515584170818329
CC.EST,MR,1997,None
CC.EST,MR,1996,-0.555694162845612
CC.EST,MR,1995,None
CC.EST,MW,2019,-0.785404324531555
CC.EST,MW,2018,-0.765652000904083
CC.EST,MW,2017,-0.687254250049591
CC.EST,MW,2016,-0.784189403057098
CC.EST,MW,2015,-0.793731868267059
CC.EST,MW,2014,-0.761226177215576
CC.EST,MW,2013,-0.619572818279266
CC.EST,MW,2012,-0.477253526449203
CC.EST,MW,2011,-0.426366478204727
CC.EST,MW,2010,-0.48874643445015
CC.EST,MW,2009,-0.40589764714241
CC.EST,MW,2008,-0.445902675390244
CC.EST,MW,2007,-0.516006529331207
CC.EST,MW,2006,-0.549526333808899
CC.EST,MW,2005,-0.715679585933685
CC.EST,MW,2004,-0.801194429397583
CC.EST,MW,2003,-0.758814632892609
CC.EST,MW,2002,-1.02161753177643
CC.EST,MW,2001,None
CC.EST,MW,2000,-0.228705078363419
CC.EST,MW,1999,None
CC.EST,MW,1998,-0.260301351547241
CC.EST,MW,1997,None
CC.EST,MW,1996,-0.316063106060028
CC.EST,MW,1995,None
CC.EST,NE,2019,-0.570193111896515
CC.EST,NE,2018,-0.592441618442535
CC.EST,NE,2017,-0.688091576099396
CC.EST,NE,2016,-0.666101396083832
CC.EST,NE,2015,-0.67460685968399
CC.EST,NE,2014,-0.695217669010162
CC.EST,NE,2013,-0.618868470191956
CC.EST,NE,2012,-0.647685706615448
CC.EST,NE,2011,-0.652857542037964
CC.EST,NE,2010,-0.658249199390411
CC.EST,NE,2009,-0.611198544502258
CC.EST,NE,2008,-0.730393648147583
CC.EST,NE,2007,-0.761082708835602
CC.EST,NE,2006,-0.848922550678253
CC.EST,NE,2005,-0.72455096244812
CC.EST,NE,2004,-0.887320101261139
CC.EST,NE,2003,-0.916420161724091
CC.EST,NE,2002,-1.02048659324646
CC.EST,NE,2001,None
CC.EST,NE,2000,-0.945642471313477
CC.EST,NE,1999,None
CC.EST,NE,1998,-1.07325422763824
CC.EST,NE,1997,None
CC.EST,NE,1996,-0.86559009552002
CC.EST,NE,1995,None
CC.EST,NG,2019,-1.11513042449951
CC.EST,NG,2018,-1.08356761932373
CC.EST,NG,2017,-1.09980297088623
CC.EST,NG,2016,-1.04513537883759
CC.EST,NG,2015,-1.09567785263062
CC.EST,NG,2014,-1.28350389003754
CC.EST,NG,2013,-1.22686922550201
CC.EST,NG,2012,-1.17593324184418
CC.EST,NG,2011,-1.18936145305634
CC.EST,NG,2010,-1.05150854587555
CC.EST,NG,2009,-1.04188585281372
CC.EST,NG,2008,-0.900948941707611
CC.EST,NG,2007,-1.06693983078003
CC.EST,NG,2006,-1.12639439105988
CC.EST,NG,2005,-1.18077552318573
CC.EST,NG,2004,-1.38337290287018
CC.EST,NG,2003,-1.41765379905701
CC.EST,NG,2002,-1.50206756591797
CC.EST,NG,2001,None
CC.EST,NG,2000,-1.32463443279266
CC.EST,NG,1999,None
CC.EST,NG,1998,-1.16061270236969
CC.EST,NG,1997,None
CC.EST,NG,1996,-1.18900859355927
CC.EST,NG,1995,None
CC.EST,NI,2019,-1.03205943107605
CC.EST,NI,2018,-1.02382683753967
CC.EST,NI,2017,-0.895876169204712
CC.EST,NI,2016,-0.896797239780426
CC.EST,NI,2015,-0.907132387161255
CC.EST,NI,2014,-0.887117862701416
CC.EST,NI,2013,-0.738182663917542
CC.EST,NI,2012,-0.781678140163422
CC.EST,NI,2011,-0.737969636917114
CC.EST,NI,2010,-0.755830347537994
CC.EST,NI,2009,-0.727106392383575
CC.EST,NI,2008,-0.768929600715637
CC.EST,NI,2007,-0.767759442329407
CC.EST,NI,2006,-0.67350447177887
CC.EST,NI,2005,-0.616481482982636
CC.EST,NI,2004,-0.446660161018372
CC.EST,NI,2003,-0.541941702365875
CC.EST,NI,2002,-0.479136645793915
CC.EST,NI,2001,None
CC.EST,NI,2000,-0.935892701148987
CC.EST,NI,1999,None
CC.EST,NI,1998,-0.959317147731781
CC.EST,NI,1997,None
CC.EST,NI,1996,-0.564544379711151
CC.EST,NI,1995,None
CC.EST,NP,2019,-0.691047370433807
CC.EST,NP,2018,-0.688618004322052
CC.EST,NP,2017,-0.776277244091034
CC.EST,NP,2016,-0.826682507991791
CC.EST,NP,2015,-0.603224992752075
CC.EST,NP,2014,-0.588590502738953
CC.EST,NP,2013,-0.688907444477081
CC.EST,NP,2012,-0.814642906188965
CC.EST,NP,2011,-0.787440359592438
CC.EST,NP,2010,-0.6956827044487
CC.EST,NP,2009,-0.704490542411804
CC.EST,NP,2008,-0.81800764799118
CC.EST,NP,2007,-0.791534423828125
CC.EST,NP,2006,-0.692943096160889
CC.EST,NP,2005,-0.742212891578674
CC.EST,NP,2004,-0.953119218349457
CC.EST,NP,2003,-0.588842928409576
CC.EST,NP,2002,-0.463561415672302
CC.EST,NP,2001,None
CC.EST,NP,2000,-0.567300498485565
CC.EST,NP,1999,None
CC.EST,NP,1998,-0.595585644245148
CC.EST,NP,1997,None
CC.EST,NP,1996,-0.639208674430847
CC.EST,NP,1995,None
CC.EST,PK,2019,-0.879330098628998
CC.EST,PK,2018,-0.801387310028076
CC.EST,PK,2017,-0.803011357784271
CC.EST,PK,2016,-0.9005406498909
CC.EST,PK,2015,-0.834245920181274
CC.EST,PK,2014,-0.838965237140656
CC.EST,PK,2013,-0.962642073631287
CC.EST,PK,2012,-1.06879222393036
CC.EST,PK,2011,-1.08339202404022
CC.EST,PK,2010,-1.08961069583893
CC.EST,PK,2009,-1.07562577724457
CC.EST,PK,2008,-0.899149179458618
CC.EST,PK,2007,-0.818873345851898
CC.EST,PK,2006,-0.818344295024872
CC.EST,PK,2005,-1.06204557418823
CC.EST,PK,2004,-1.17881202697754
CC.EST,PK,2003,-0.804457187652588
CC.EST,PK,2002,-0.955985903739929
CC.EST,PK,2001,None
CC.EST,PK,2000,-0.894909560680389
CC.EST,PK,1999,None
CC.EST,PK,1998,-1.08091521263123
CC.EST,PK,1997,None
CC.EST,PK,1996,-1.22003042697906
CC.EST,PK,1995,None
CC.EST,PH,2019,-0.605999052524567
CC.EST,PH,2018,-0.576285362243652
CC.EST,PH,2017,-0.507046699523926
CC.EST,PH,2016,-0.518573582172394
CC.EST,PH,2015,-0.480595767498016
CC.EST,PH,2014,-0.439453065395355
CC.EST,PH,2013,-0.379904359579086
CC.EST,PH,2012,-0.573895454406738
CC.EST,PH,2011,-0.685034811496735
CC.EST,PH,2010,-0.781123995780945
CC.EST,PH,2009,-0.786739230155945
CC.EST,PH,2008,-0.778095126152039
CC.EST,PH,2007,-0.778005182743073
CC.EST,PH,2006,-0.889426827430725
CC.EST,PH,2005,-0.662843585014343
CC.EST,PH,2004,-0.707702457904816
CC.EST,PH,2003,-0.635371625423431
CC.EST,PH,2002,-0.538531899452209
CC.EST,PH,2001,None
CC.EST,PH,2000,-0.527593672275543
CC.EST,PH,1999,None
CC.EST,PH,1998,-0.38195013999939
CC.EST,PH,1997,None
CC.EST,PH,1996,-0.358871847391129
CC.EST,PH,1995,None
CC.EST,PG,2019,-1.00233256816864
CC.EST,PG,2018,-0.868210077285767
CC.EST,PG,2017,-0.913151979446411
CC.EST,PG,2016,-0.942351043224335
CC.EST,PG,2015,-0.952820062637329
CC.EST,PG,2014,-0.909913182258606
CC.EST,PG,2013,-0.959146857261658
CC.EST,PG,2012,-0.938103914260864
CC.EST,PG,2011,-1.03357470035553
CC.EST,PG,2010,-1.03937900066376
CC.EST,PG,2009,-1.24256598949432
CC.EST,PG,2008,-1.1764702796936
CC.EST,PG,2007,-1.11834168434143
CC.EST,PG,2006,-1.13993716239929
CC.EST,PG,2005,-1.15102338790894
CC.EST,PG,2004,-0.995903432369232
CC.EST,PG,2003,-0.813447833061218
CC.EST,PG,2002,-0.947748064994812
CC.EST,PG,2001,None
CC.EST,PG,2000,-0.786500871181488
CC.EST,PG,1999,None
CC.EST,PG,1998,-0.698877692222595
CC.EST,PG,1997,None
CC.EST,PG,1996,-0.433467239141464
CC.EST,PG,1995,None
CC.EST,KP,2019,-1.609050989151
CC.EST,KP,2018,-1.5878449678421
CC.EST,KP,2017,-1.50140011310577
CC.EST,KP,2016,-1.46149015426636
CC.EST,KP,2015,-1.27286577224731
CC.EST,KP,2014,-1.30408978462219
CC.EST,KP,2013,-1.29103326797485
CC.EST,KP,2012,-1.28702855110168
CC.EST,KP,2011,-1.31766355037689
CC.EST,KP,2010,-1.28319656848907
CC.EST,KP,2009,-1.28908085823059
CC.EST,KP,2008,-1.51846635341644
CC.EST,KP,2007,-1.5439600944519
CC.EST,KP,2006,-1.4435168504715
CC.EST,KP,2005,-1.28446447849274
CC.EST,KP,2004,-1.38584494590759
CC.EST,KP,2003,-1.43155789375305
CC.EST,KP,2002,-1.02666258811951
CC.EST,KP,2001,None
CC.EST,KP,2000,-1.30290651321411
CC.EST,KP,1999,None
CC.EST,KP,1998,-1.24869453907013
CC.EST,KP,1997,None
CC.EST,KP,1996,-1.28434658050537
CC.EST,KP,1995,None
CC.EST,PS,2019,-0.35441330075264
CC.EST,PS,2018,-0.226567178964615
CC.EST,PS,2017,-0.0616638585925102
CC.EST,PS,2016,-0.183015376329422
CC.EST,PS,2015,-0.485357046127319
CC.EST,PS,2014,-0.283548146486282
CC.EST,PS,2013,-0.258733332157135
CC.EST,PS,2012,-0.257587939500809
CC.EST,PS,2011,-0.453298777341843
CC.EST,PS,2010,-0.113489478826523
CC.EST,PS,2009,-0.108424991369247
CC.EST,PS,2008,-0.440319508314133
CC.EST,PS,2007,-0.116835959255695
CC.EST,PS,2006,-0.303130626678467
CC.EST,PS,2005,-0.496897280216217
CC.EST,PS,2004,-0.0212552063167095
CC.EST,PS,2003,-0.37824472784996
CC.EST,PS,2002,-0.329601347446442
CC.EST,PS,2001,None
CC.EST,PS,2000,-0.0879821851849556
CC.EST,PS,1999,None
CC.EST,PS,1998,0.0254939887672663
CC.EST,PS,1997,None
CC.EST,PS,1996,0.0414915084838867
CC.EST,PS,1995,None
CC.EST,RW,2019,0.521026968955994
CC.EST,RW,2018,0.535657405853271
CC.EST,RW,2017,0.607264578342438
CC.EST,RW,2016,0.618455648422241
CC.EST,RW,2015,0.597625195980072
CC.EST,RW,2014,0.776300489902496
CC.EST,RW,2013,0.62512743473053
CC.EST,RW,2012,0.559880137443542
CC.EST,RW,2011,0.362672299146652
CC.EST,RW,2010,0.365169644355774
CC.EST,RW,2009,0.108438961207867
CC.EST,RW,2008,0.108792886137962
CC.EST,RW,2007,0.00706776836887002
CC.EST,RW,2006,-0.205525189638138
CC.EST,RW,2005,-0.6291663646698
CC.EST,RW,2004,-0.412591546773911
CC.EST,RW,2003,-0.588587760925293
CC.EST,RW,2002,-0.716065526008606
CC.EST,RW,2001,None
CC.EST,RW,2000,-0.733604550361633
CC.EST,RW,1999,None
CC.EST,RW,1998,-0.72986114025116
CC.EST,RW,1997,None
CC.EST,RW,1996,-0.745139956474304
CC.EST,RW,1995,None
CC.EST,SD,2019,-1.40784466266632
CC.EST,SD,2018,-1.45669090747833
CC.EST,SD,2017,-1.56021547317505
CC.EST,SD,2016,-1.56056940555573
CC.EST,SD,2015,-1.49990391731262
CC.EST,SD,2014,-1.46264123916626
CC.EST,SD,2013,-1.48882293701172
CC.EST,SD,2012,-1.50337672233582
CC.EST,SD,2011,-1.20462548732758
CC.EST,SD,2010,-1.19666075706482
CC.EST,SD,2009,-1.15030837059021
CC.EST,SD,2008,-1.42751383781433
CC.EST,SD,2007,-1.32981109619141
CC.EST,SD,2006,-1.19128274917603
CC.EST,SD,2005,-1.38764119148254
CC.EST,SD,2004,-1.2469025850296
CC.EST,SD,2003,-1.17005813121796
CC.EST,SD,2002,-1.03582286834717
CC.EST,SD,2001,None
CC.EST,SD,2000,-1.01888477802277
CC.EST,SD,1999,None
CC.EST,SD,1998,-1.11979472637177
CC.EST,SD,1997,None
CC.EST,SD,1996,-1.24000644683838
CC.EST,SD,1995,None
CC.EST,SN,2019,-0.00381421996280551
CC.EST,SN,2018,-0.0468400530517101
CC.EST,SN,2017,-0.114238142967224
CC.EST,SN,2016,-0.0243894848972559
CC.EST,SN,2015,0.0312388930469751
CC.EST,SN,2014,0.0588305070996284
CC.EST,SN,2013,-0.188867226243019
CC.EST,SN,2012,-0.25842273235321
CC.EST,SN,2011,-0.503729224205017
CC.EST,SN,2010,-0.641386091709137
CC.EST,SN,2009,-0.490049093961716
CC.EST,SN,2008,-0.500159680843353
CC.EST,SN,2007,-0.51429945230484
CC.EST,SN,2006,-0.373094290494919
CC.EST,SN,2005,-0.0353756621479988
CC.EST,SN,2004,0.0232223942875862
CC.EST,SN,2003,-0.141306817531586
CC.EST,SN,2002,0.247913658618927
CC.EST,SN,2001,None
CC.EST,SN,2000,-0.0945855379104614
CC.EST,SN,1999,None
CC.EST,SN,1998,-0.122646808624268
CC.EST,SN,1997,None
CC.EST,SN,1996,-0.142714694142342
CC.EST,SN,1995,None
CC.EST,SB,2019,-0.0503519363701344
CC.EST,SB,2018,-0.0343346484005451
CC.EST,SB,2017,0.0952409654855728
CC.EST,SB,2016,-0.35593655705452
CC.EST,SB,2015,-0.345678001642227
CC.EST,SB,2014,-0.266557604074478
CC.EST,SB,2013,-0.400275111198425
CC.EST,SB,2012,-0.357465267181396
CC.EST,SB,2011,-0.346251636743546
CC.EST,SB,2010,-0.339228063821793
CC.EST,SB,2009,-0.281599670648575
CC.EST,SB,2008,-0.354255259037018
CC.EST,SB,2007,-0.37489053606987
CC.EST,SB,2006,-0.202771097421646
CC.EST,SB,2005,0.0877809450030327
CC.EST,SB,2004,-0.0656907260417938
CC.EST,SB,2003,0.214311689138412
CC.EST,SB,2002,0.182450026273727
CC.EST,SB,2001,None
CC.EST,SB,2000,0.177562460303307
CC.EST,SB,1999,None
CC.EST,SB,1998,0.361922770738602
CC.EST,SB,1997,None
CC.EST,SB,1996,0.340782076120377
CC.EST,SB,1995,None
CC.EST,SL,2019,-0.471661597490311
CC.EST,SL,2018,-0.511336386203766
CC.EST,SL,2017,-0.590534508228302
CC.EST,SL,2016,-0.841146886348724
CC.EST,SL,2015,-0.820208132266998
CC.EST,SL,2014,-0.948121190071106
CC.EST,SL,2013,-0.91197144985199
CC.EST,SL,2012,-0.957400441169739
CC.EST,SL,2011,-0.860041797161102
CC.EST,SL,2010,-0.780791580677032
CC.EST,SL,2009,-0.942291140556335
CC.EST,SL,2008,-0.978874683380127
CC.EST,SL,2007,-0.919340312480927
CC.EST,SL,2006,-1.02614569664001
CC.EST,SL,2005,-1.08549165725708
CC.EST,SL,2004,-0.881412625312805
CC.EST,SL,2003,-0.892783045768738
CC.EST,SL,2002,-0.789458632469177
CC.EST,SL,2001,None
CC.EST,SL,2000,-0.736801981925964
CC.EST,SL,1999,None
CC.EST,SL,1998,-0.724983811378479
CC.EST,SL,1997,None
CC.EST,SL,1996,-0.756474375724792
CC.EST,SL,1995,None
CC.EST,SO,2019,-1.72378432750702
CC.EST,SO,2018,-1.78541624546051
CC.EST,SO,2017,-1.70943439006805
CC.EST,SO,2016,-1.69085609912872
CC.EST,SO,2015,-1.64175271987915
CC.EST,SO,2014,-1.6630871295929
CC.EST,SO,2013,-1.58308362960815
CC.EST,SO,2012,-1.59658908843994
CC.EST,SO,2011,-1.71541202068329
CC.EST,SO,2010,-1.72609734535217
CC.EST,SO,2009,-1.70169413089752
CC.EST,SO,2008,-1.8487343788147
CC.EST,SO,2007,-1.73955118656158
CC.EST,SO,2006,-1.72492063045502
CC.EST,SO,2005,-1.68311214447021
CC.EST,SO,2004,-1.80303514003754
CC.EST,SO,2003,-1.46591007709503
CC.EST,SO,2002,-1.03293061256409
CC.EST,SO,2001,None
CC.EST,SO,2000,-1.23153555393219
CC.EST,SO,1999,None
CC.EST,SO,1998,-1.1692898273468
CC.EST,SO,1997,None
CC.EST,SO,1996,-1.27383208274841
CC.EST,SO,1995,None
CC.EST,SS,2019,-1.79988598823547
CC.EST,SS,2018,-1.74286258220673
CC.EST,SS,2017,-1.75134778022766
CC.EST,SS,2016,-1.75906789302826
CC.EST,SS,2015,-1.72435462474823
CC.EST,SS,2014,-1.6076123714447
CC.EST,SS,2013,-1.400599360466
CC.EST,SS,2012,-1.29581928253174
CC.EST,SS,2011,-1.09239530563354
CC.EST,SS,2010,-0.819455504417419
CC.EST,SS,2009,None
CC.EST,SS,2008,None
CC.EST,SS,2007,None
CC.EST,SS,2006,None
CC.EST,SS,2005,None
CC.EST,SS,2004,None
CC.EST,SS,2003,None
CC.EST,SS,2002,None
CC.EST,SS,2001,None
CC.EST,SS,2000,None
CC.EST,SS,1999,None
CC.EST,SS,1998,None
CC.EST,SS,1997,None
CC.EST,SS,1996,None
CC.EST,SS,1995,None
CC.EST,ST,2019,0.13326607644558
CC.EST,ST,2018,0.153065830469131
CC.EST,ST,2017,0.152436047792435
CC.EST,ST,2016,-0.0832962244749069
CC.EST,ST,2015,-0.0674014985561371
CC.EST,ST,2014,0.0133213326334953
CC.EST,ST,2013,-0.171335309743881
CC.EST,ST,2012,-0.172321394085884
CC.EST,ST,2011,-0.182666853070259
CC.EST,ST,2010,-0.237911432981491
CC.EST,ST,2009,-0.184565529227257
CC.EST,ST,2008,-0.293066412210464
CC.EST,ST,2007,-0.288336992263794
CC.EST,ST,2006,-0.274057030677795
CC.EST,ST,2005,-0.541059792041779
CC.EST,ST,2004,-0.463267117738724
CC.EST,ST,2003,-0.109425097703934
CC.EST,ST,2002,0.237328082323074
CC.EST,ST,2001,None
CC.EST,ST,2000,0.346064269542694
CC.EST,ST,1999,None
CC.EST,ST,1998,0.40150597691536
CC.EST,ST,1997,None
CC.EST,ST,1996,0.401667177677155
CC.EST,ST,1995,None
CC.EST,SZ,2019,-0.328445315361023
CC.EST,SZ,2018,-0.231745570898056
CC.EST,SZ,2017,-0.0731135830283165
CC.EST,SZ,2016,-0.232138395309448
CC.EST,SZ,2015,-0.2156742811203
CC.EST,SZ,2014,-0.256666481494904
CC.EST,SZ,2013,-0.22833925485611
CC.EST,SZ,2012,-0.224429905414581
CC.EST,SZ,2011,-0.184126675128937
CC.EST,SZ,2010,-0.0418579690158367
CC.EST,SZ,2009,-0.0111769214272499
CC.EST,SZ,2008,0.0363581813871861
CC.EST,SZ,2007,-0.0452501475811005
CC.EST,SZ,2006,-0.044868890196085
CC.EST,SZ,2005,-0.275532275438309
CC.EST,SZ,2004,-0.24253037571907
CC.EST,SZ,2003,-0.0731398612260818
CC.EST,SZ,2002,-0.0601399280130863
CC.EST,SZ,2001,None
CC.EST,SZ,2000,-0.045107789337635
CC.EST,SZ,1999,None
CC.EST,SZ,1998,0.0545237809419632
CC.EST,SZ,1997,None
CC.EST,SZ,1996,0.0373140871524811
CC.EST,SZ,1995,None
CC.EST,SY,2019,-1.70775437355042
CC.EST,SY,2018,-1.64808285236359
CC.EST,SY,2017,-1.58310747146606
CC.EST,SY,2016,-1.59281694889069
CC.EST,SY,2015,-1.56881427764893
CC.EST,SY,2014,-1.56001710891724
CC.EST,SY,2013,-1.26526856422424
CC.EST,SY,2012,-1.21936678886414
CC.EST,SY,2011,-1.10073792934418
CC.EST,SY,2010,-1.10248649120331
CC.EST,SY,2009,-1.05090487003326
CC.EST,SY,2008,-1.07074987888336
CC.EST,SY,2007,-1.00992751121521
CC.EST,SY,2006,-0.949827790260315
CC.EST,SY,2005,-0.852751672267914
CC.EST,SY,2004,-0.829437732696533
CC.EST,SY,2003,-0.801886260509491
CC.EST,SY,2002,-0.39979687333107
CC.EST,SY,2001,None
CC.EST,SY,2000,-1.00953269004822
CC.EST,SY,1999,None
CC.EST,SY,1998,-0.914689540863037
CC.EST,SY,1997,None
CC.EST,SY,1996,-0.881176233291626
CC.EST,SY,1995,None
CC.EST,TD,2019,-1.41705894470215
CC.EST,TD,2018,-1.4041200876236
CC.EST,TD,2017,-1.45800268650055
CC.EST,TD,2016,-1.51160538196564
CC.EST,TD,2015,-1.38144493103027
CC.EST,TD,2014,-1.32900524139404
CC.EST,TD,2013,-1.37010824680328
CC.EST,TD,2012,-1.3309965133667
CC.EST,TD,2011,-1.35516083240509
CC.EST,TD,2010,-1.39423859119415
CC.EST,TD,2009,-1.41218447685242
CC.EST,TD,2008,-1.53418946266174
CC.EST,TD,2007,-1.38899254798889
CC.EST,TD,2006,-1.36100935935974
CC.EST,TD,2005,-1.53199303150177
CC.EST,TD,2004,-1.44834578037262
CC.EST,TD,2003,-1.46501386165619
CC.EST,TD,2002,-1.2703058719635
CC.EST,TD,2001,None
CC.EST,TD,2000,-1.3250138759613
CC.EST,TD,1999,None
CC.EST,TD,1998,-1.33660876750946
CC.EST,TD,1997,None
CC.EST,TD,1996,-1.38042390346527
CC.EST,TD,1995,None
CC.EST,TG,2019,-0.747289180755615
CC.EST,TG,2018,-0.749031722545624
CC.EST,TG,2017,-0.73602831363678
CC.EST,TG,2016,-0.707865595817566
CC.EST,TG,2015,-0.755234062671661
CC.EST,TG,2014,-0.899913251399994
CC.EST,TG,2013,-1.03469169139862
CC.EST,TG,2012,-1.00771832466125
CC.EST,TG,2011,-1.026531457901
CC.EST,TG,2010,-0.96742308139801
CC.EST,TG,2009,-1.03230965137482
CC.EST,TG,2008,-0.975757539272308
CC.EST,TG,2007,-0.99727338552475
CC.EST,TG,2006,-1.04960680007935
CC.EST,TG,2005,-0.873771250247955
CC.EST,TG,2004,-0.943994402885437
CC.EST,TG,2003,-0.902238726615906
CC.EST,TG,2002,-0.758069574832916
CC.EST,TG,2001,None
CC.EST,TG,2000,-0.75189882516861
CC.EST,TG,1999,None
CC.EST,TG,1998,-0.831447601318359
CC.EST,TG,1997,None
CC.EST,TG,1996,-0.84262079000473
CC.EST,TG,1995,None
CC.EST,TJ,2019,-1.34555351734161
CC.EST,TJ,2018,-1.42829370498657
CC.EST,TJ,2017,-1.3479905128479
CC.EST,TJ,2016,-1.16322553157806
CC.EST,TJ,2015,-1.14801597595215
CC.EST,TJ,2014,-1.1320503950119
CC.EST,TJ,2013,-1.28733086585999
CC.EST,TJ,2012,-1.28034162521362
CC.EST,TJ,2011,-1.23177170753479
CC.EST,TJ,2010,-1.297203540802
CC.EST,TJ,2009,-1.22176921367645
CC.EST,TJ,2008,-1.18693053722382
CC.EST,TJ,2007,-1.04096925258636
CC.EST,TJ,2006,-1.04283225536346
CC.EST,TJ,2005,-1.17604744434357
CC.EST,TJ,2004,-1.31920981407166
CC.EST,TJ,2003,-1.14774608612061
CC.EST,TJ,2002,-1.1749712228775
CC.EST,TJ,2001,None
CC.EST,TJ,2000,-1.2658679485321
CC.EST,TJ,1999,None
CC.EST,TJ,1998,-1.25236058235168
CC.EST,TJ,1997,None
CC.EST,TJ,1996,-1.27303266525269
CC.EST,TJ,1995,None
CC.EST,TL,2019,-0.400570154190063
CC.EST,TL,2018,-0.505638003349304
CC.EST,TL,2017,-0.566189467906952
CC.EST,TL,2016,-0.537286937236786
CC.EST,TL,2015,-0.546577632427216
CC.EST,TL,2014,-0.529522895812988
CC.EST,TL,2013,-0.693943500518799
CC.EST,TL,2012,-0.743892967700958
CC.EST,TL,2011,-0.824016511440277
CC.EST,TL,2010,-0.754676282405853
CC.EST,TL,2009,-0.803566515445709
CC.EST,TL,2008,-0.65031909942627
CC.EST,TL,2007,-0.648965775966644
CC.EST,TL,2006,-0.598673343658447
CC.EST,TL,2005,-0.569692432880402
CC.EST,TL,2004,-0.335041284561157
CC.EST,TL,2003,-0.249594807624817
CC.EST,TL,2002,-0.222040235996246
CC.EST,TL,2001,None
CC.EST,TL,2000,None
CC.EST,TL,1999,None
CC.EST,TL,1998,None
CC.EST,TL,1997,None
CC.EST,TL,1996,None
CC.EST,TL,1995,None
CC.EST,TN,2019,-0.140877202153206
CC.EST,TN,2018,-0.113984152674675
CC.EST,TN,2017,-0.159313708543777
CC.EST,TN,2016,-0.162973880767822
CC.EST,TN,2015,-0.0769509747624397
CC.EST,TN,2014,-0.0187257844954729
CC.EST,TN,2013,-0.0413553081452847
CC.EST,TN,2012,-0.0336579568684101
CC.EST,TN,2011,-0.0224449206143618
CC.EST,TN,2010,-0.118834763765335
CC.EST,TN,2009,-0.0791570097208023
CC.EST,TN,2008,-0.165581718087196
CC.EST,TN,2007,-0.109465233981609
CC.EST,TN,2006,-0.0125321475788951
CC.EST,TN,2005,-0.0780683010816574
CC.EST,TN,2004,0.0678435117006302
CC.EST,TN,2003,0.123504690825939
CC.EST,TN,2002,0.283649951219559
CC.EST,TN,2001,None
CC.EST,TN,2000,-0.394928753376007
CC.EST,TN,1999,None
CC.EST,TN,1998,-0.433107793331146
CC.EST,TN,1997,None
CC.EST,TN,1996,-0.533678114414215
CC.EST,TN,1995,None
CC.EST,TZ,2019,-0.423007667064667
CC.EST,TZ,2018,-0.47571074962616
CC.EST,TZ,2017,-0.487049072980881
CC.EST,TZ,2016,-0.531090378761292
CC.EST,TZ,2015,-0.709463357925415
CC.EST,TZ,2014,-0.761074304580688
CC.EST,TZ,2013,-0.780951321125031
CC.EST,TZ,2012,-0.764619529247284
CC.EST,TZ,2011,-0.603359639644623
CC.EST,TZ,2010,-0.542279362678528
CC.EST,TZ,2009,-0.447849065065384
CC.EST,TZ,2008,-0.416348159313202
CC.EST,TZ,2007,-0.335751265287399
CC.EST,TZ,2006,-0.228577166795731
CC.EST,TZ,2005,-0.607605695724487
CC.EST,TZ,2004,-0.565569579601288
CC.EST,TZ,2003,-0.734542429447174
CC.EST,TZ,2002,-0.840931594371796
CC.EST,TZ,2001,None
CC.EST,TZ,2000,-0.810984015464783
CC.EST,TZ,1999,None
CC.EST,TZ,1998,-0.803637623786926
CC.EST,TZ,1997,None
CC.EST,TZ,1996,-0.702762424945831
CC.EST,TZ,1995,None
CC.EST,UG,2019,-1.17657923698425
CC.EST,UG,2018,-1.05088365077972
CC.EST,UG,2017,-1.06967091560364
CC.EST,UG,2016,-1.08622479438782
CC.EST,UG,2015,-1.08107650279999
CC.EST,UG,2014,-1.09737718105316
CC.EST,UG,2013,-1.05594646930695
CC.EST,UG,2012,-1.00157511234283
CC.EST,UG,2011,-0.936401605606079
CC.EST,UG,2010,-0.923493564128876
CC.EST,UG,2009,-0.909787476062775
CC.EST,UG,2008,-0.840163767337799
CC.EST,UG,2007,-0.825754582881927
CC.EST,UG,2006,-0.787619292736053
CC.EST,UG,2005,-0.833648562431335
CC.EST,UG,2004,-0.811878681182861
CC.EST,UG,2003,-0.948509097099304
CC.EST,UG,2002,-1.02573943138123
CC.EST,UG,2001,None
CC.EST,UG,2000,-1.02819049358368
CC.EST,UG,1999,None
CC.EST,UG,1998,-0.989971041679382
CC.EST,UG,1997,None
CC.EST,UG,1996,-0.723757088184357
CC.EST,UG,1995,None
CC.EST,UZ,2019,-1.04689145088196
CC.EST,UZ,2018,-1.08239960670471
CC.EST,UZ,2017,-1.18751633167267
CC.EST,UZ,2016,-1.19976401329041
CC.EST,UZ,2015,-1.28529608249664
CC.EST,UZ,2014,-1.1944442987442
CC.EST,UZ,2013,-1.2730427980423
CC.EST,UZ,2012,-1.31068003177643
CC.EST,UZ,2011,-1.38756489753723
CC.EST,UZ,2010,-1.30798542499542
CC.EST,UZ,2009,-1.27607345581055
CC.EST,UZ,2008,-1.06285727024078
CC.EST,UZ,2007,-1.03378558158875
CC.EST,UZ,2006,-1.01633596420288
CC.EST,UZ,2005,-1.22963762283325
CC.EST,UZ,2004,-1.06881201267242
CC.EST,UZ,2003,-0.91487193107605
CC.EST,UZ,2002,-0.96473890542984
CC.EST,UZ,2001,None
CC.EST,UZ,2000,-1.08041477203369
CC.EST,UZ,1999,None
CC.EST,UZ,1998,-1.13465404510498
CC.EST,UZ,1997,None
CC.EST,UZ,1996,-1.1288206577301
CC.EST,UZ,1995,None
CC.EST,VN,2019,-0.545818030834198
CC.EST,VN,2018,-0.511549293994904
CC.EST,VN,2017,-0.628040134906769
CC.EST,VN,2016,-0.489483952522278
CC.EST,VN,2015,-0.457813322544098
CC.EST,VN,2014,-0.438092947006226
CC.EST,VN,2013,-0.482674777507782
CC.EST,VN,2012,-0.532105982303619
CC.EST,VN,2011,-0.614729940891266
CC.EST,VN,2010,-0.622543275356293
CC.EST,VN,2009,-0.545064032077789
CC.EST,VN,2008,-0.711532890796661
CC.EST,VN,2007,-0.630165636539459
CC.EST,VN,2006,-0.747617363929749
CC.EST,VN,2005,-0.7295823097229
CC.EST,VN,2004,-0.756660282611847
CC.EST,VN,2003,-0.49087256193161
CC.EST,VN,2002,-0.560990810394287
CC.EST,VN,2001,None
CC.EST,VN,2000,-0.584863126277924
CC.EST,VN,1999,None
CC.EST,VN,1998,-0.491153985261917
CC.EST,VN,1997,None
CC.EST,VN,1996,-0.489798933267593
CC.EST,VN,1995,None
CC.EST,VU,2019,-0.284158378839493
CC.EST,VU,2018,-0.184301629662514
CC.EST,VU,2017,0.0038483995012939
CC.EST,VU,2016,-0.0870688557624817
CC.EST,VU,2015,-0.122392892837524
CC.EST,VU,2014,0.476412117481232
CC.EST,VU,2013,0.292244523763657
CC.EST,VU,2012,0.344245105981827
CC.EST,VU,2011,0.308373779058456
CC.EST,VU,2010,0.300518751144409
CC.EST,VU,2009,0.338911116123199
CC.EST,VU,2008,0.357458859682083
CC.EST,VU,2007,0.273236155509949
CC.EST,VU,2006,0.1922507584095
CC.EST,VU,2005,0.294559240341187
CC.EST,VU,2004,-0.138781785964966
CC.EST,VU,2003,0.2629454433918
CC.EST,VU,2002,0.2301404774189
CC.EST,VU,2001,None
CC.EST,VU,2000,0.227800235152245
CC.EST,VU,1999,None
CC.EST,VU,1998,0.238909855484962
CC.EST,VU,1997,None
CC.EST,VU,1996,0.216309443116188
CC.EST,VU,1995,None
CC.EST,WS,2019,0.648035407066345
CC.EST,WS,2018,0.647211670875549
CC.EST,WS,2017,0.663341760635376
CC.EST,WS,2016,0.300257742404938
CC.EST,WS,2015,0.298591166734695
CC.EST,WS,2014,0.358953505754471
CC.EST,WS,2013,0.180733934044838
CC.EST,WS,2012,0.141266375780106
CC.EST,WS,2011,0.129435449838638
CC.EST,WS,2010,0.169478163123131
CC.EST,WS,2009,0.153789654374123
CC.EST,WS,2008,0.259912490844727
CC.EST,WS,2007,0.30298313498497
CC.EST,WS,2006,0.30415141582489
CC.EST,WS,2005,0.218686625361443
CC.EST,WS,2004,-0.238485977053642
CC.EST,WS,2003,-0.103218950331211
CC.EST,WS,2002,-0.0708565190434456
CC.EST,WS,2001,None
CC.EST,WS,2000,-0.042195025831461
CC.EST,WS,1999,None
CC.EST,WS,1998,-0.0194181017577648
CC.EST,WS,1997,None
CC.EST,WS,1996,-0.0265951305627823
CC.EST,WS,1995,None
CC.EST,YE,2019,-1.71263325214386
CC.EST,YE,2018,-1.65836584568024
CC.EST,YE,2017,-1.6177521944046
CC.EST,YE,2016,-1.695552110672
CC.EST,YE,2015,-1.50808072090149
CC.EST,YE,2014,-1.56529819965363
CC.EST,YE,2013,-1.25617694854736
CC.EST,YE,2012,-1.25874841213226
CC.EST,YE,2011,-1.2419102191925
CC.EST,YE,2010,-1.19163048267365
CC.EST,YE,2009,-1.0754017829895
CC.EST,YE,2008,-0.797573387622833
CC.EST,YE,2007,-0.793472647666931
CC.EST,YE,2006,-0.789497017860413
CC.EST,YE,2005,-0.896564424037933
CC.EST,YE,2004,-1.08990585803986
CC.EST,YE,2003,-1.00305140018463
CC.EST,YE,2002,-0.971152007579803
CC.EST,YE,2001,None
CC.EST,YE,2000,-0.971831321716309
CC.EST,YE,1999,None
CC.EST,YE,1998,-0.998174607753754
CC.EST,YE,1997,None
CC.EST,YE,1996,-0.743732213973999
CC.EST,YE,1995,None
CC.EST,ZM,2019,-0.673917531967163
CC.EST,ZM,2018,-0.678601682186127
CC.EST,ZM,2017,-0.567720949649811
CC.EST,ZM,2016,-0.426889508962631
CC.EST,ZM,2015,-0.368301272392273
CC.EST,ZM,2014,-0.347682625055313
CC.EST,ZM,2013,-0.31554251909256
CC.EST,ZM,2012,-0.291441261768341
CC.EST,ZM,2011,-0.410753279924393
CC.EST,ZM,2010,-0.518319189548492
CC.EST,ZM,2009,-0.46949765086174
CC.EST,ZM,2008,-0.389601320028305
CC.EST,ZM,2007,-0.398109436035156
CC.EST,ZM,2006,-0.551735699176788
CC.EST,ZM,2005,-0.59244042634964
CC.EST,ZM,2004,-0.604488134384155
CC.EST,ZM,2003,-0.641858518123627
CC.EST,ZM,2002,-0.758519172668457
CC.EST,ZM,2001,None
CC.EST,ZM,2000,-0.818260669708252
CC.EST,ZM,1999,None
CC.EST,ZM,1998,-0.853155672550201
CC.EST,ZM,1997,None
CC.EST,ZM,1996,-0.840640664100647
CC.EST,ZM,1995,None
