NY.GDP.MKTP.CD,AF,2023,None
NY.GDP.MKTP.CD,AF,2022,14502158192.0904
NY.GDP.MKTP.CD,AF,2021,14266499429.8746
NY.GDP.MKTP.CD,AF,2020,19955929052.1496
NY.GDP.MKTP.CD,AF,2019,18799444490.1128
NY.GDP.MKTP.CD,AF,2018,18053222687.4126
NY.GDP.MKTP.CD,AF,2017,18753456497.8159
NY.GDP.MKTP.CD,AF,2016,18116572395.0772
NY.GDP.MKTP.CD,AF,2015,19134221644.7325
NY.GDP.MKTP.CD,AF,2014,20497128555.6972
NY.GDP.MKTP.CD,AF,2013,20146416757.5987
NY.GDP.MKTP.CD,AF,2012,19907329777.5872
NY.GDP.MKTP.CD,AF,2011,17805098206.3141
NY.GDP.MKTP.CD,AF,2010,15856668555.8336
NY.GDP.MKTP.CD,AF,2009,12416152732.0567
NY.GDP.MKTP.CD,AF,2008,10109297047.5432
NY.GDP.MKTP.CD,AF,2007,9747886187.39393
NY.GDP.MKTP.CD,AF,2006,6971758282.29351
NY.GDP.MKTP.CD,AF,2005,6203256538.70967
NY.GDP.MKTP.CD,AF,2004,5224896718.67782
NY.GDP.MKTP.CD,AF,2003,4520946818.54581
NY.GDP.MKTP.CD,AF,2002,3825701438.99963
NY.GDP.MKTP.CD,AF,2001,2813571753.87253
NY.GDP.MKTP.CD,AF,2000,3521418059.92345
NY.GDP.MKTP.CD,AF,1999,None
NY.GDP.MKTP.CD,AF,1998,None
NY.GDP.MKTP.CD,AF,1997,None
NY.GDP.MKTP.CD,AF,1996,None
NY.GDP.MKTP.CD,AF,1995,None
NY.GDP.MKTP.CD,AO,2023,84722957642.3757
NY.GDP.MKTP.CD,AO,2022,104399746853.401
NY.GDP.MKTP.CD,AO,2021,66505129987.7235
NY.GDP.MKTP.CD,AO,2020,48501561203.5686
NY.GDP.MKTP.CD,AO,2019,70897962732.0277
NY.GDP.MKTP.CD,AO,2018,79450688259.3664
NY.GDP.MKTP.CD,AO,2017,73690154990.7312
NY.GDP.MKTP.CD,AO,2016,52761617225.9253
NY.GDP.MKTP.CD,AO,2015,90496420506.5957
NY.GDP.MKTP.CD,AO,2014,135966802586.713
NY.GDP.MKTP.CD,AO,2013,132339109040.232
NY.GDP.MKTP.CD,AO,2012,128052915766.343
NY.GDP.MKTP.CD,AO,2011,111789747670.59
NY.GDP.MKTP.CD,AO,2010,83799474069.7315
NY.GDP.MKTP.CD,AO,2009,70307196181.6539
NY.GDP.MKTP.CD,AO,2008,88538665084.8634
NY.GDP.MKTP.CD,AO,2007,65266415494.2584
NY.GDP.MKTP.CD,AO,2006,52381025141.4268
NY.GDP.MKTP.CD,AO,2005,36970900883.8109
NY.GDP.MKTP.CD,AO,2004,23552057679.4994
NY.GDP.MKTP.CD,AO,2003,17812704586.4397
NY.GDP.MKTP.CD,AO,2002,15285592370.374
NY.GDP.MKTP.CD,AO,2001,8936079117.73136
NY.GDP.MKTP.CD,AO,2000,9129594970.15301
NY.GDP.MKTP.CD,AO,1999,6152923310.44546
NY.GDP.MKTP.CD,AO,1998,6506387246.89039
NY.GDP.MKTP.CD,AO,1997,7675423799.36293
NY.GDP.MKTP.CD,AO,1996,6535458385.48185
NY.GDP.MKTP.CD,AO,1995,5538657322.02139
NY.GDP.MKTP.CD,BI,2023,2642161668.92754
NY.GDP.MKTP.CD,BI,2022,3338722827.65691
NY.GDP.MKTP.CD,BI,2021,2775798697.46022
NY.GDP.MKTP.CD,BI,2020,2649680261.44299
NY.GDP.MKTP.CD,BI,2019,2576518879.82353
NY.GDP.MKTP.CD,BI,2018,2667182199.51333
NY.GDP.MKTP.CD,BI,2017,2723586962.84034
NY.GDP.MKTP.CD,BI,2016,2644487776.50077
NY.GDP.MKTP.CD,BI,2015,3104003546.26497
NY.GDP.MKTP.CD,BI,2014,2705783329.80483
NY.GDP.MKTP.CD,BI,2013,2451606632.29246
NY.GDP.MKTP.CD,BI,2012,2333341334.45753
NY.GDP.MKTP.CD,BI,2011,2235820809.32006
NY.GDP.MKTP.CD,BI,2010,2032135192.01248
NY.GDP.MKTP.CD,BI,2009,1781455139.85931
NY.GDP.MKTP.CD,BI,2008,1611835857.04588
NY.GDP.MKTP.CD,BI,2007,1356199387.42308
NY.GDP.MKTP.CD,BI,2006,1273375078.44844
NY.GDP.MKTP.CD,BI,2005,1117113079.73645
NY.GDP.MKTP.CD,BI,2004,915257323.3961
NY.GDP.MKTP.CD,BI,2003,784654423.620476
NY.GDP.MKTP.CD,BI,2002,825394519.423728
NY.GDP.MKTP.CD,BI,2001,876794723.068586
NY.GDP.MKTP.CD,BI,2000,870486065.883137
NY.GDP.MKTP.CD,BI,1999,808077223.365746
NY.GDP.MKTP.CD,BI,1998,893770740.207416
NY.GDP.MKTP.CD,BI,1997,972896267.915425
NY.GDP.MKTP.CD,BI,1996,869033856.317093
NY.GDP.MKTP.CD,BI,1995,1000428393.88528
NY.GDP.MKTP.CD,BJ,2023,19673284686.0023
NY.GDP.MKTP.CD,BJ,2022,17425418044.2906
NY.GDP.MKTP.CD,BJ,2021,17687623530.3355
NY.GDP.MKTP.CD,BJ,2020,15686741883.934
NY.GDP.MKTP.CD,BJ,2019,14390708751.025
NY.GDP.MKTP.CD,BJ,2018,14262408089.9261
NY.GDP.MKTP.CD,BJ,2017,12701655836.9467
NY.GDP.MKTP.CD,BJ,2016,11821065853.3838
NY.GDP.MKTP.CD,BJ,2015,11388160996.7738
NY.GDP.MKTP.CD,BJ,2014,13284527846.9081
NY.GDP.MKTP.CD,BJ,2013,12517845123.9315
NY.GDP.MKTP.CD,BJ,2012,11141358115.8991
NY.GDP.MKTP.CD,BJ,2011,10693321363.6574
NY.GDP.MKTP.CD,BJ,2010,9535345015.78355
NY.GDP.MKTP.CD,BJ,2009,9738626517.00319
NY.GDP.MKTP.CD,BJ,2008,9787734526.23965
NY.GDP.MKTP.CD,BJ,2007,8169048382.83875
NY.GDP.MKTP.CD,BJ,2006,7034111314.88812
NY.GDP.MKTP.CD,BJ,2005,6567654954.38903
NY.GDP.MKTP.CD,BJ,2004,6190270380.49856
NY.GDP.MKTP.CD,BJ,2003,5349258094.48239
NY.GDP.MKTP.CD,BJ,2002,4194342686.2178
NY.GDP.MKTP.CD,BJ,2001,3666222635.13875
NY.GDP.MKTP.CD,BJ,2000,3519991440.47913
NY.GDP.MKTP.CD,BJ,1999,3677393998.74486
NY.GDP.MKTP.CD,BJ,1998,2455092686.34712
NY.GDP.MKTP.CD,BJ,1997,2268301646.46707
NY.GDP.MKTP.CD,BJ,1996,2361116449.39308
NY.GDP.MKTP.CD,BJ,1995,2169627137.9207
NY.GDP.MKTP.CD,BF,2023,20324617838.9676
NY.GDP.MKTP.CD,BF,2022,18820219331.2261
NY.GDP.MKTP.CD,BF,2021,19643166853.6641
NY.GDP.MKTP.CD,BF,2020,17725010530.7894
NY.GDP.MKTP.CD,BF,2019,16032813501.6639
NY.GDP.MKTP.CD,BF,2018,15890066221.2882
NY.GDP.MKTP.CD,BF,2017,14106955615.3442
NY.GDP.MKTP.CD,BF,2016,12833363045.3367
NY.GDP.MKTP.CD,BF,2015,11832159315.6298
NY.GDP.MKTP.CD,BF,2014,13943016076.7436
NY.GDP.MKTP.CD,BF,2013,13444300485.8412
NY.GDP.MKTP.CD,BF,2012,12561015156.5683
NY.GDP.MKTP.CD,BF,2011,12080295977.5632
NY.GDP.MKTP.CD,BF,2010,10109619740.6994
NY.GDP.MKTP.CD,BF,2009,9450696873.34326
NY.GDP.MKTP.CD,BF,2008,9451435490.11467
NY.GDP.MKTP.CD,BF,2007,7625722836.76847
NY.GDP.MKTP.CD,BF,2006,6547419820.38113
NY.GDP.MKTP.CD,BF,2005,6146353173.34929
NY.GDP.MKTP.CD,BF,2004,5451688537.60959
NY.GDP.MKTP.CD,BF,2003,4740768142.67494
NY.GDP.MKTP.CD,BF,2002,3622350062.96053
NY.GDP.MKTP.CD,BF,2001,3190371080.94768
NY.GDP.MKTP.CD,BF,2000,2968370087.59759
NY.GDP.MKTP.CD,BF,1999,3389566712.66037
NY.GDP.MKTP.CD,BF,1998,2804902367.14687
NY.GDP.MKTP.CD,BF,1997,2447669101.95178
NY.GDP.MKTP.CD,BF,1996,2586550595.41013
NY.GDP.MKTP.CD,BF,1995,2379517975.28056
NY.GDP.MKTP.CD,BD,2023,437415331040.994
NY.GDP.MKTP.CD,BD,2022,460131688909.301
NY.GDP.MKTP.CD,BD,2021,416271647002.435
NY.GDP.MKTP.CD,BD,2020,373979442653.343
NY.GDP.MKTP.CD,BD,2019,351231655150.827
NY.GDP.MKTP.CD,BD,2018,321362751137.574
NY.GDP.MKTP.CD,BD,2017,293732447017.328
NY.GDP.MKTP.CD,BD,2016,265224514652.992
NY.GDP.MKTP.CD,BD,2015,195146607942.291
NY.GDP.MKTP.CD,BD,2014,172886611131.255
NY.GDP.MKTP.CD,BD,2013,149998957327.029
NY.GDP.MKTP.CD,BD,2012,133310747047.528
NY.GDP.MKTP.CD,BD,2011,128607482927.468
NY.GDP.MKTP.CD,BD,2010,115275540861.36
NY.GDP.MKTP.CD,BD,2009,102475158462.511
NY.GDP.MKTP.CD,BD,2008,91636997445.2424
NY.GDP.MKTP.CD,BD,2007,79611644984.3557
NY.GDP.MKTP.CD,BD,2006,71795735672.0149
NY.GDP.MKTP.CD,BD,2005,69476001429.8626
NY.GDP.MKTP.CD,BD,2004,65108544250.0425
NY.GDP.MKTP.CD,BD,2003,60158929188.2556
NY.GDP.MKTP.CD,BD,2002,54724081490.5102
NY.GDP.MKTP.CD,BD,2001,53991289844.3291
NY.GDP.MKTP.CD,BD,2000,53369787318.6245
NY.GDP.MKTP.CD,BD,1999,51270569883.5275
NY.GDP.MKTP.CD,BD,1998,49984559471.3656
NY.GDP.MKTP.CD,BD,1997,48244309133.4895
NY.GDP.MKTP.CD,BD,1996,46438484107.5795
NY.GDP.MKTP.CD,BD,1995,37939748768.6567
NY.GDP.MKTP.CD,BO,2023,45849832906.4139
NY.GDP.MKTP.CD,BO,2022,44008282879.8842
NY.GDP.MKTP.CD,BO,2021,40406111693.1983
NY.GDP.MKTP.CD,BO,2020,36629843806.0781
NY.GDP.MKTP.CD,BO,2019,40895322850.9407
NY.GDP.MKTP.CD,BO,2018,40287647930.5355
NY.GDP.MKTP.CD,BO,2017,37508642170.767
NY.GDP.MKTP.CD,BO,2016,33941126193.9219
NY.GDP.MKTP.CD,BO,2015,33000198248.9146
NY.GDP.MKTP.CD,BO,2014,32996188017.3661
NY.GDP.MKTP.CD,BO,2013,30659338885.6729
NY.GDP.MKTP.CD,BO,2012,27084497481.9103
NY.GDP.MKTP.CD,BO,2011,23963164696.592
NY.GDP.MKTP.CD,BO,2010,19649723722.1034
NY.GDP.MKTP.CD,BO,2009,17339992193.7322
NY.GDP.MKTP.CD,BO,2008,16674276285.8956
NY.GDP.MKTP.CD,BO,2007,13120108008.3477
NY.GDP.MKTP.CD,BO,2006,11451844902.2214
NY.GDP.MKTP.CD,BO,2005,9549122905.32852
NY.GDP.MKTP.CD,BO,2004,8773451751.5121
NY.GDP.MKTP.CD,BO,2003,8082399639.54305
NY.GDP.MKTP.CD,BO,2002,7905485146.44351
NY.GDP.MKTP.CD,BO,2001,8141516928.39489
NY.GDP.MKTP.CD,BO,2000,8397855484.76908
NY.GDP.MKTP.CD,BO,1999,8285064434.56826
NY.GDP.MKTP.CD,BO,1998,8497494652.12546
NY.GDP.MKTP.CD,BO,1997,7925736821.45034
NY.GDP.MKTP.CD,BO,1996,7396949126.35685
NY.GDP.MKTP.CD,BO,1995,6715161732.22658
NY.GDP.MKTP.CD,BT,2023,None
NY.GDP.MKTP.CD,BT,2022,2898227713.22315
NY.GDP.MKTP.CD,BT,2021,2768802803.18141
NY.GDP.MKTP.CD,BT,2020,2457604042.40959
NY.GDP.MKTP.CD,BT,2019,2735683408.57651
NY.GDP.MKTP.CD,BT,2018,2583335723.32125
NY.GDP.MKTP.CD,BT,2017,2591358115.15844
NY.GDP.MKTP.CD,BT,2016,2322730512.46893
NY.GDP.MKTP.CD,BT,2015,2154921010.65558
NY.GDP.MKTP.CD,BT,2014,2057330872.73151
NY.GDP.MKTP.CD,BT,2013,1913162477.22079
NY.GDP.MKTP.CD,BT,2012,1939730676.17479
NY.GDP.MKTP.CD,BT,2011,1938441288.7919
NY.GDP.MKTP.CD,BT,2010,1673464261.27982
NY.GDP.MKTP.CD,BT,2009,1331343797.77308
NY.GDP.MKTP.CD,BT,2008,1317517834.59916
NY.GDP.MKTP.CD,BT,2007,1255767964.00491
NY.GDP.MKTP.CD,BT,2006,942879878.538879
NY.GDP.MKTP.CD,BT,2005,860391000.221655
NY.GDP.MKTP.CD,BT,2004,735348490.428435
NY.GDP.MKTP.CD,BT,2003,651935430.314445
NY.GDP.MKTP.CD,BT,2002,559345263.708309
NY.GDP.MKTP.CD,BT,2001,496110225.710307
NY.GDP.MKTP.CD,BT,2000,460733418.399276
NY.GDP.MKTP.CD,BT,1999,399311199.50776
NY.GDP.MKTP.CD,BT,1998,363458380.903342
NY.GDP.MKTP.CD,BT,1997,352229076.707627
NY.GDP.MKTP.CD,BT,1996,303408345.620078
NY.GDP.MKTP.CD,BT,1995,290490983.815778
NY.GDP.MKTP.CD,CF,2023,2555492085.24831
NY.GDP.MKTP.CD,CF,2022,2382618615.01694
NY.GDP.MKTP.CD,CF,2021,2516498412.46384
NY.GDP.MKTP.CD,CF,2020,2326720900.38047
NY.GDP.MKTP.CD,CF,2019,2221301351.43918
NY.GDP.MKTP.CD,CF,2018,2220979146.11241
NY.GDP.MKTP.CD,CF,2017,2072349972.6818
NY.GDP.MKTP.CD,CF,2016,1825018144.65595
NY.GDP.MKTP.CD,CF,2015,1695825714.19282
NY.GDP.MKTP.CD,CF,2014,1894813389.40325
NY.GDP.MKTP.CD,CF,2013,1691544110.18543
NY.GDP.MKTP.CD,CF,2012,2510126512.22831
NY.GDP.MKTP.CD,CF,2011,2437982705.12093
NY.GDP.MKTP.CD,CF,2010,2142591540.40068
NY.GDP.MKTP.CD,CF,2009,2067381665.25454
NY.GDP.MKTP.CD,CF,2008,1993407888.49838
NY.GDP.MKTP.CD,CF,2007,1699811294.94935
NY.GDP.MKTP.CD,CF,2006,1461859762.33459
NY.GDP.MKTP.CD,CF,2005,1337894378.73743
NY.GDP.MKTP.CD,CF,2004,1272360517.32373
NY.GDP.MKTP.CD,CF,2003,1142315522.53864
NY.GDP.MKTP.CD,CF,2002,996068144.884889
NY.GDP.MKTP.CD,CF,2001,932648604.751954
NY.GDP.MKTP.CD,CF,2000,916777282.691659
NY.GDP.MKTP.CD,CF,1999,999477510.686632
NY.GDP.MKTP.CD,CF,1998,967338389.650578
NY.GDP.MKTP.CD,CF,1997,937741513.015352
NY.GDP.MKTP.CD,CF,1996,1007791127.09913
NY.GDP.MKTP.CD,CF,1995,1115389673.69197
NY.GDP.MKTP.CD,CI,2023,78788828906.8634
NY.GDP.MKTP.CD,CI,2022,70173140101.4315
NY.GDP.MKTP.CD,CI,2021,72794636653.7793
NY.GDP.MKTP.CD,CI,2020,63027852805.4204
NY.GDP.MKTP.CD,CI,2019,60382894697.3557
NY.GDP.MKTP.CD,CI,2018,58522477786.6889
NY.GDP.MKTP.CD,CI,2017,52512343996.69
NY.GDP.MKTP.CD,CI,2016,48407761036.8238
NY.GDP.MKTP.CD,CI,2015,45815005169.2651
NY.GDP.MKTP.CD,CI,2014,48843005613.7091
NY.GDP.MKTP.CD,CI,2013,42760235484.6093
NY.GDP.MKTP.CD,CI,2012,36302302877.2977
NY.GDP.MKTP.CD,CI,2011,36693710801.3976
NY.GDP.MKTP.CD,CI,2010,34936307980.063
NY.GDP.MKTP.CD,CI,2009,33886813250.2036
NY.GDP.MKTP.CD,CI,2008,34078240293.2559
NY.GDP.MKTP.CD,CI,2007,28760090953.3081
NY.GDP.MKTP.CD,CI,2006,25281413263.3712
NY.GDP.MKTP.CD,CI,2005,24036918703.1747
NY.GDP.MKTP.CD,CI,2004,23510575681.3686
NY.GDP.MKTP.CD,CI,2003,21251754340.4305
NY.GDP.MKTP.CD,CI,2002,18054383320.8474
NY.GDP.MKTP.CD,CI,2001,16810537043.8407
NY.GDP.MKTP.CD,CI,2000,16577533891.8785
NY.GDP.MKTP.CD,CI,1999,18870992455.568
NY.GDP.MKTP.CD,CI,1998,19619654755.679
NY.GDP.MKTP.CD,CI,1997,18047558037.7036
NY.GDP.MKTP.CD,CI,1996,18071152830.6101
NY.GDP.MKTP.CD,CI,1995,11000146266.5135
NY.GDP.MKTP.CD,CM,2023,47945510090.0529
NY.GDP.MKTP.CD,CM,2022,43644068310.851
NY.GDP.MKTP.CD,CM,2021,44993521774.066
NY.GDP.MKTP.CD,CM,2020,40773241177.0505
NY.GDP.MKTP.CD,CM,2019,39667757527.6578
NY.GDP.MKTP.CD,CM,2018,39955552189.795
NY.GDP.MKTP.CD,CM,2017,36098547058.7851
NY.GDP.MKTP.CD,CM,2016,33814337040.7817
NY.GDP.MKTP.CD,CM,2015,32210233021.4049
NY.GDP.MKTP.CD,CM,2014,36386544715.2702
NY.GDP.MKTP.CD,CM,2013,33728621190.4164
NY.GDP.MKTP.CD,CM,2012,30155062302.4497
NY.GDP.MKTP.CD,CM,2011,30630910513.4884
NY.GDP.MKTP.CD,CM,2010,27507501808.6377
NY.GDP.MKTP.CD,CM,2009,27932970296.8516
NY.GDP.MKTP.CD,CM,2008,27715142006.0181
NY.GDP.MKTP.CD,CM,2007,23928250409.2212
NY.GDP.MKTP.CD,CM,2006,20910512979.1277
NY.GDP.MKTP.CD,CM,2005,19509852219.8997
NY.GDP.MKTP.CD,CM,2004,18826214125.2317
NY.GDP.MKTP.CD,CM,2003,15970315030.2397
NY.GDP.MKTP.CD,CM,2002,12417251341.6028
NY.GDP.MKTP.CD,CM,2001,10953485345.222
NY.GDP.MKTP.CD,CM,2000,10566579294.5159
NY.GDP.MKTP.CD,CM,1999,11565826458.8938
NY.GDP.MKTP.CD,CM,1998,11298144990.4104
NY.GDP.MKTP.CD,CM,1997,10789458432.6416
NY.GDP.MKTP.CD,CM,1996,11093538846.4483
NY.GDP.MKTP.CD,CM,1995,10864772470.9043
NY.GDP.MKTP.CD,CD,2023,66383287002.9969
NY.GDP.MKTP.CD,CD,2022,65801547619.5974
NY.GDP.MKTP.CD,CD,2021,55328482783.5393
NY.GDP.MKTP.CD,CD,2020,48716961860.1325
NY.GDP.MKTP.CD,CD,2019,51775829877.2088
NY.GDP.MKTP.CD,CD,2018,47568210009.8172
NY.GDP.MKTP.CD,CD,2017,38019264794.8263
NY.GDP.MKTP.CD,CD,2016,37134801555.3322
NY.GDP.MKTP.CD,CD,2015,37917706497.1793
NY.GDP.MKTP.CD,CD,2014,35909040925.9375
NY.GDP.MKTP.CD,CD,2013,32679745048.4427
NY.GDP.MKTP.CD,CD,2012,29306235285.2597
NY.GDP.MKTP.CD,CD,2011,25839749199.3671
NY.GDP.MKTP.CD,CD,2010,21565721044.8462
NY.GDP.MKTP.CD,CD,2009,18648372553.0921
NY.GDP.MKTP.CD,CD,2008,19788515590.1284
NY.GDP.MKTP.CD,CD,2007,16737071816.38
NY.GDP.MKTP.CD,CD,2006,14451901696.3878
NY.GDP.MKTP.CD,CD,2005,11964484465.9388
NY.GDP.MKTP.CD,CD,2004,10297483481.223
NY.GDP.MKTP.CD,CD,2003,8937567059.87754
NY.GDP.MKTP.CD,CD,2002,8728038525.14034
NY.GDP.MKTP.CD,CD,2001,7438189100.33333
NY.GDP.MKTP.CD,CD,2000,19088046305.7971
NY.GDP.MKTP.CD,CD,1999,4711259427.27273
NY.GDP.MKTP.CD,CD,1998,6217805820.77104
NY.GDP.MKTP.CD,CD,1997,6090838693.27145
NY.GDP.MKTP.CD,CD,1996,5771456952.1908
NY.GDP.MKTP.CD,CD,1995,5643416613.28208
NY.GDP.MKTP.CD,CG,2023,15321055818.3263
NY.GDP.MKTP.CD,CG,2022,15817030156.9459
NY.GDP.MKTP.CD,CG,2021,14825690210.0308
NY.GDP.MKTP.CD,CG,2020,11468688140.7225
NY.GDP.MKTP.CD,CG,2019,13976637328.8474
NY.GDP.MKTP.CD,CG,2018,14773900277.9221
NY.GDP.MKTP.CD,CG,2017,11834473047.7636
NY.GDP.MKTP.CD,CG,2016,10931328149.6857
NY.GDP.MKTP.CD,CG,2015,12434793867.7228
NY.GDP.MKTP.CD,CG,2014,17919321082.5539
NY.GDP.MKTP.CD,CG,2013,17958720699.0868
NY.GDP.MKTP.CD,CG,2012,17692911296.3044
NY.GDP.MKTP.CD,CG,2011,15655383576.6515
NY.GDP.MKTP.CD,CG,2010,13148396211.5955
NY.GDP.MKTP.CD,CG,2009,9723299915.25312
NY.GDP.MKTP.CD,CG,2008,11649857673.4436
NY.GDP.MKTP.CD,CG,2007,8782703436.70188
NY.GDP.MKTP.CD,CG,2006,8072305029.06514
NY.GDP.MKTP.CD,CG,2005,6650001680.48544
NY.GDP.MKTP.CD,CG,2004,4656974940.12721
NY.GDP.MKTP.CD,CG,2003,3503723087.74483
NY.GDP.MKTP.CD,CG,2002,3034250923.97726
NY.GDP.MKTP.CD,CG,2001,2796704604.03812
NY.GDP.MKTP.CD,CG,2000,3227927697.57921
NY.GDP.MKTP.CD,CG,1999,2354772960.28296
NY.GDP.MKTP.CD,CG,1998,1949481379.21951
NY.GDP.MKTP.CD,CG,1997,2322719102.6909
NY.GDP.MKTP.CD,CG,1996,2540697539.05773
NY.GDP.MKTP.CD,CG,1995,2116003867.75536
NY.GDP.MKTP.CD,KM,2023,1352380972.15662
NY.GDP.MKTP.CD,KM,2022,1242519407.77603
NY.GDP.MKTP.CD,KM,2021,1296089479.91978
NY.GDP.MKTP.CD,KM,2020,1225039196.61091
NY.GDP.MKTP.CD,KM,2019,1195019531.9011
NY.GDP.MKTP.CD,KM,2018,1188797449.38584
NY.GDP.MKTP.CD,KM,2017,1077439756.59451
NY.GDP.MKTP.CD,KM,2016,1012835493.19325
NY.GDP.MKTP.CD,KM,2015,966029600.862227
NY.GDP.MKTP.CD,KM,2014,1149587661.00693
NY.GDP.MKTP.CD,KM,2013,1116224106.83728
NY.GDP.MKTP.CD,KM,2012,1015843490.82374
NY.GDP.MKTP.CD,KM,2011,1023086273.53336
NY.GDP.MKTP.CD,KM,2010,907978730.887844
NY.GDP.MKTP.CD,KM,2009,905341172.70583
NY.GDP.MKTP.CD,KM,2008,915659107.965823
NY.GDP.MKTP.CD,KM,2007,795673152.867077
NY.GDP.MKTP.CD,KM,2006,698431793.872776
NY.GDP.MKTP.CD,KM,2005,653845169.168576
NY.GDP.MKTP.CD,KM,2004,633706110.795614
NY.GDP.MKTP.CD,KM,2003,546885222.713065
NY.GDP.MKTP.CD,KM,2002,425964681.044378
NY.GDP.MKTP.CD,KM,2001,378512024.077556
NY.GDP.MKTP.CD,KM,2000,351136579.648632
NY.GDP.MKTP.CD,KM,1999,382454989.945311
NY.GDP.MKTP.CD,KM,1998,370106745.930146
NY.GDP.MKTP.CD,KM,1997,364445600.525492
NY.GDP.MKTP.CD,KM,1996,396053805.891754
NY.GDP.MKTP.CD,KM,1995,398461797.009413
NY.GDP.MKTP.CD,CV,2023,2587252076.3056
NY.GDP.MKTP.CD,CV,2022,2303738020.15148
NY.GDP.MKTP.CD,CV,2021,2051842609.64558
NY.GDP.MKTP.CD,CV,2020,1821565613.68613
NY.GDP.MKTP.CD,CV,2019,2252177124.32402
NY.GDP.MKTP.CD,CV,2018,2205099506.99994
NY.GDP.MKTP.CD,CV,2017,1996741539.95088
NY.GDP.MKTP.CD,CV,2016,1849789985.99572
NY.GDP.MKTP.CD,CV,2015,1749857620.35329
NY.GDP.MKTP.CD,CV,2014,2041930125.42979
NY.GDP.MKTP.CD,CV,2013,2028910915.16446
NY.GDP.MKTP.CD,CV,2012,1913081210.41411
NY.GDP.MKTP.CD,CV,2011,2046817987.20109
NY.GDP.MKTP.CD,CV,2010,1824751467.92957
NY.GDP.MKTP.CD,CV,2009,1852334575.17521
NY.GDP.MKTP.CD,CV,2008,1959620648.31578
NY.GDP.MKTP.CD,CV,2007,1649621738.63689
NY.GDP.MKTP.CD,CV,2006,1107571457.90614
NY.GDP.MKTP.CD,CV,2005,972241676.907662
NY.GDP.MKTP.CD,CV,2004,924940011.836897
NY.GDP.MKTP.CD,CV,2003,813260468.873834
NY.GDP.MKTP.CD,CV,2002,620507387.466174
NY.GDP.MKTP.CD,CV,2001,563090490.377368
NY.GDP.MKTP.CD,CV,2000,539227277.626411
NY.GDP.MKTP.CD,CV,1999,592416703.058878
NY.GDP.MKTP.CD,CV,1998,521910560.524868
NY.GDP.MKTP.CD,CV,1997,490608657.924976
NY.GDP.MKTP.CD,CV,1996,501979269.843942
NY.GDP.MKTP.CD,CV,1995,487148993.533109
NY.GDP.MKTP.CD,DJ,2023,4098530513.55777
NY.GDP.MKTP.CD,DJ,2022,3674298479.07676
NY.GDP.MKTP.CD,DJ,2021,3385825228.86997
NY.GDP.MKTP.CD,DJ,2020,3185150981.03207
NY.GDP.MKTP.CD,DJ,2019,3088853638.56832
NY.GDP.MKTP.CD,DJ,2018,2913466732.12507
NY.GDP.MKTP.CD,DJ,2017,2762581334.22612
NY.GDP.MKTP.CD,DJ,2016,2604955228.70117
NY.GDP.MKTP.CD,DJ,2015,2424391785.43897
NY.GDP.MKTP.CD,DJ,2014,2214679081.25658
NY.GDP.MKTP.CD,DJ,2013,2042817162.85639
NY.GDP.MKTP.CD,DJ,2012,1353632941.5207
NY.GDP.MKTP.CD,DJ,2011,1239144501.77525
NY.GDP.MKTP.CD,DJ,2010,1128611700.3618
NY.GDP.MKTP.CD,DJ,2009,1049110684.72493
NY.GDP.MKTP.CD,DJ,2008,999105339.267729
NY.GDP.MKTP.CD,DJ,2007,847918929.107984
NY.GDP.MKTP.CD,DJ,2006,768873684.032838
NY.GDP.MKTP.CD,DJ,2005,708633194.726566
NY.GDP.MKTP.CD,DJ,2004,666072101.777505
NY.GDP.MKTP.CD,DJ,2003,622044665.515049
NY.GDP.MKTP.CD,DJ,2002,591122039.601398
NY.GDP.MKTP.CD,DJ,2001,572417440.820162
NY.GDP.MKTP.CD,DJ,2000,551230861.856505
NY.GDP.MKTP.CD,DJ,1999,536080148.097299
NY.GDP.MKTP.CD,DJ,1998,514267869.300758
NY.GDP.MKTP.CD,DJ,1997,502675542.001227
NY.GDP.MKTP.CD,DJ,1996,494004647.73437
NY.GDP.MKTP.CD,DJ,1995,497723960.589913
NY.GDP.MKTP.CD,EG,2023,395926075163.006
NY.GDP.MKTP.CD,EG,2022,476747720364.742
NY.GDP.MKTP.CD,EG,2021,424671765455.704
NY.GDP.MKTP.CD,EG,2020,383817841547.099
NY.GDP.MKTP.CD,EG,2019,318678815489.749
NY.GDP.MKTP.CD,EG,2018,262588632526.73
NY.GDP.MKTP.CD,EG,2017,248362771739.13
NY.GDP.MKTP.CD,EG,2016,332441717791.411
NY.GDP.MKTP.CD,EG,2015,329366576819.407
NY.GDP.MKTP.CD,EG,2014,305595408895.265
NY.GDP.MKTP.CD,EG,2013,288434108527.132
NY.GDP.MKTP.CD,EG,2012,279116666666.667
NY.GDP.MKTP.CD,EG,2011,235989672977.625
NY.GDP.MKTP.CD,EG,2010,218983666061.706
NY.GDP.MKTP.CD,EG,2009,189147005444.646
NY.GDP.MKTP.CD,EG,2008,162818181818.182
NY.GDP.MKTP.CD,EG,2007,130437828371.278
NY.GDP.MKTP.CD,EG,2006,107426086956.522
NY.GDP.MKTP.CD,EG,2005,89600665557.4043
NY.GDP.MKTP.CD,EG,2004,78782467532.4675
NY.GDP.MKTP.CD,EG,2003,80288461538.4615
NY.GDP.MKTP.CD,EG,2002,85146067415.7303
NY.GDP.MKTP.CD,EG,2001,96684636118.5984
NY.GDP.MKTP.CD,EG,2000,99838543960.0763
NY.GDP.MKTP.CD,EG,1999,90710704806.8416
NY.GDP.MKTP.CD,EG,1998,84828807556.0803
NY.GDP.MKTP.CD,EG,1997,78436578171.0914
NY.GDP.MKTP.CD,EG,1996,67629716981.1321
NY.GDP.MKTP.CD,EG,1995,60159245060.4541
NY.GDP.MKTP.CD,ER,2023,None
NY.GDP.MKTP.CD,ER,2022,None
NY.GDP.MKTP.CD,ER,2021,None
NY.GDP.MKTP.CD,ER,2020,None
NY.GDP.MKTP.CD,ER,2019,None
NY.GDP.MKTP.CD,ER,2018,None
NY.GDP.MKTP.CD,ER,2017,None
NY.GDP.MKTP.CD,ER,2016,None
NY.GDP.MKTP.CD,ER,2015,None
NY.GDP.MKTP.CD,ER,2014,None
NY.GDP.MKTP.CD,ER,2013,None
NY.GDP.MKTP.CD,ER,2012,None
NY.GDP.MKTP.CD,ER,2011,2065001626.01626
NY.GDP.MKTP.CD,ER,2010,1589515447.15447
NY.GDP.MKTP.CD,ER,2009,1856695551.21951
NY.GDP.MKTP.CD,ER,2008,1380188800
NY.GDP.MKTP.CD,ER,2007,1317974491.05691
NY.GDP.MKTP.CD,ER,2006,1211161879.6748
NY.GDP.MKTP.CD,ER,2005,1098424685.66169
NY.GDP.MKTP.CD,ER,2004,1109054005.43971
NY.GDP.MKTP.CD,ER,2003,870248267.550163
NY.GDP.MKTP.CD,ER,2002,729321680.154324
NY.GDP.MKTP.CD,ER,2001,752371688.743186
NY.GDP.MKTP.CD,ER,2000,706370815.584416
NY.GDP.MKTP.CD,ER,1999,688918537.115555
NY.GDP.MKTP.CD,ER,1998,745523116.900052
NY.GDP.MKTP.CD,ER,1997,686490090.140141
NY.GDP.MKTP.CD,ER,1996,693535954.190067
NY.GDP.MKTP.CD,ER,1995,578015625
NY.GDP.MKTP.CD,ET,2023,163697927593.982
NY.GDP.MKTP.CD,ET,2022,126772703047.701
NY.GDP.MKTP.CD,ET,2021,111261882958.426
NY.GDP.MKTP.CD,ET,2020,107657734392.446
NY.GDP.MKTP.CD,ET,2019,95912607722.3032
NY.GDP.MKTP.CD,ET,2018,84269196625.8784
NY.GDP.MKTP.CD,ET,2017,81770886825.6048
NY.GDP.MKTP.CD,ET,2016,74296745207.8721
NY.GDP.MKTP.CD,ET,2015,64589328550.5953
NY.GDP.MKTP.CD,ET,2014,55612228233.5179
NY.GDP.MKTP.CD,ET,2013,47648276605.0123
NY.GDP.MKTP.CD,ET,2012,43310721414.0829
NY.GDP.MKTP.CD,ET,2011,31952763089.33
NY.GDP.MKTP.CD,ET,2010,29933790334.3418
NY.GDP.MKTP.CD,ET,2009,32437389116.038
NY.GDP.MKTP.CD,ET,2008,27066912635.2228
NY.GDP.MKTP.CD,ET,2007,19707616772.7996
NY.GDP.MKTP.CD,ET,2006,15280861834.6024
NY.GDP.MKTP.CD,ET,2005,12401139453.9738
NY.GDP.MKTP.CD,ET,2004,10131187261.4421
NY.GDP.MKTP.CD,ET,2003,8623691300.04079
NY.GDP.MKTP.CD,ET,2002,7850809498.16803
NY.GDP.MKTP.CD,ET,2001,8231326016.47494
NY.GDP.MKTP.CD,ET,2000,8242349617.8638
NY.GDP.MKTP.CD,ET,1999,7892973531.80045
NY.GDP.MKTP.CD,ET,1998,8013274131.69715
NY.GDP.MKTP.CD,ET,1997,8803539988.33248
NY.GDP.MKTP.CD,ET,1996,8761215548.48614
NY.GDP.MKTP.CD,ET,1995,7855205206.93405
NY.GDP.MKTP.CD,FM,2023,460000000
NY.GDP.MKTP.CD,FM,2022,430000000
NY.GDP.MKTP.CD,FM,2021,390000000
NY.GDP.MKTP.CD,FM,2020,372000000
NY.GDP.MKTP.CD,FM,2019,394000000
NY.GDP.MKTP.CD,FM,2018,392000000
NY.GDP.MKTP.CD,FM,2017,359000000
NY.GDP.MKTP.CD,FM,2016,325000000
NY.GDP.MKTP.CD,FM,2015,316489900
NY.GDP.MKTP.CD,FM,2014,319271200
NY.GDP.MKTP.CD,FM,2013,317214400
NY.GDP.MKTP.CD,FM,2012,327248700
NY.GDP.MKTP.CD,FM,2011,311301600
NY.GDP.MKTP.CD,FM,2010,296944100
NY.GDP.MKTP.CD,FM,2009,280284600
NY.GDP.MKTP.CD,FM,2008,263145100
NY.GDP.MKTP.CD,FM,2007,256787200
NY.GDP.MKTP.CD,FM,2006,253541900
NY.GDP.MKTP.CD,FM,2005,250281900
NY.GDP.MKTP.CD,FM,2004,240236000
NY.GDP.MKTP.CD,FM,2003,245432900
NY.GDP.MKTP.CD,FM,2002,242517200
NY.GDP.MKTP.CD,FM,2001,240970900
NY.GDP.MKTP.CD,FM,2000,233271800
NY.GDP.MKTP.CD,FM,1999,220140500
NY.GDP.MKTP.CD,FM,1998,218873100
NY.GDP.MKTP.CD,FM,1997,206626300
NY.GDP.MKTP.CD,FM,1996,218534700
NY.GDP.MKTP.CD,FM,1995,221575300
NY.GDP.MKTP.CD,GH,2023,76370394412.4163
NY.GDP.MKTP.CD,GH,2022,74263364041.8742
NY.GDP.MKTP.CD,GH,2021,79524421861.2743
NY.GDP.MKTP.CD,GH,2020,70043095503.6675
NY.GDP.MKTP.CD,GH,2019,68337969247.7067
NY.GDP.MKTP.CD,GH,2018,67298914624.3723
NY.GDP.MKTP.CD,GH,2017,60405924078.7278
NY.GDP.MKTP.CD,GH,2016,56164929304.8754
NY.GDP.MKTP.CD,GH,2015,49406010054.2663
NY.GDP.MKTP.CD,GH,2014,54783319817.3705
NY.GDP.MKTP.CD,GH,2013,62824629066.0408
NY.GDP.MKTP.CD,GH,2012,41271701060.954
NY.GDP.MKTP.CD,GH,2011,39336668080.559
NY.GDP.MKTP.CD,GH,2010,32197655566.5347
NY.GDP.MKTP.CD,GH,2009,26048720005.5233
NY.GDP.MKTP.CD,GH,2008,28679383241.0729
NY.GDP.MKTP.CD,GH,2007,24827339138.4906
NY.GDP.MKTP.CD,GH,2006,20885037596.6963
NY.GDP.MKTP.CD,GH,2005,10744568381.4456
NY.GDP.MKTP.CD,GH,2004,8881417906.71432
NY.GDP.MKTP.CD,GH,2003,7632723555.66221
NY.GDP.MKTP.CD,GH,2002,6166197847.85031
NY.GDP.MKTP.CD,GH,2001,5314872854.4405
NY.GDP.MKTP.CD,GH,2000,4982850662.20851
NY.GDP.MKTP.CD,GH,1999,7718109982.26093
NY.GDP.MKTP.CD,GH,1998,7482069162.42008
NY.GDP.MKTP.CD,GH,1997,6891443192.24985
NY.GDP.MKTP.CD,GH,1996,6932991739.37767
NY.GDP.MKTP.CD,GH,1995,6464382807.67884
NY.GDP.MKTP.CD,GN,2023,23612295818.0961
NY.GDP.MKTP.CD,GN,2022,20999229260.4995
NY.GDP.MKTP.CD,GN,2021,16091817842.1318
NY.GDP.MKTP.CD,GN,2020,14177835841.3923
NY.GDP.MKTP.CD,GN,2019,13442861496.4128
NY.GDP.MKTP.CD,GN,2018,11857030367.2441
NY.GDP.MKTP.CD,GN,2017,10324668271.1032
NY.GDP.MKTP.CD,GN,2016,8595955600.36601
NY.GDP.MKTP.CD,GN,2015,8794202394.29076
NY.GDP.MKTP.CD,GN,2014,8778473643.31852
NY.GDP.MKTP.CD,GN,2013,8376613880.84932
NY.GDP.MKTP.CD,GN,2012,7638045226.04416
NY.GDP.MKTP.CD,GN,2011,6785137215.55736
NY.GDP.MKTP.CD,GN,2010,6853467832.49407
NY.GDP.MKTP.CD,GN,2009,6716904516.97953
NY.GDP.MKTP.CD,GN,2008,6964179187.85579
NY.GDP.MKTP.CD,GN,2007,6281917649.94033
NY.GDP.MKTP.CD,GN,2006,4220019242.72882
NY.GDP.MKTP.CD,GN,2005,4282468636.90501
NY.GDP.MKTP.CD,GN,2004,5300767960.51572
NY.GDP.MKTP.CD,GN,2003,5025167975.26363
NY.GDP.MKTP.CD,GN,2002,4301608752.51396
NY.GDP.MKTP.CD,GN,2001,4125527603.22908
NY.GDP.MKTP.CD,GN,2000,4367458866.71537
NY.GDP.MKTP.CD,GN,1999,5046806782.54761
NY.GDP.MKTP.CD,GN,1998,5232118046.3713
NY.GDP.MKTP.CD,GN,1997,5516916163.0949
NY.GDP.MKTP.CD,GN,1996,5641243099.76661
NY.GDP.MKTP.CD,GN,1995,5385704166.43341
NY.GDP.MKTP.CD,GM,2023,2339904156.79214
NY.GDP.MKTP.CD,GM,2022,2175099789.97829
NY.GDP.MKTP.CD,GM,2021,2014158842.65394
NY.GDP.MKTP.CD,GM,2020,1812170891.19069
NY.GDP.MKTP.CD,GM,2019,1813609692.49994
NY.GDP.MKTP.CD,GM,2018,1670671327.81651
NY.GDP.MKTP.CD,GM,2017,1504909462.69521
NY.GDP.MKTP.CD,GM,2016,1484578885.97132
NY.GDP.MKTP.CD,GM,2015,1378176608.93204
NY.GDP.MKTP.CD,GM,2014,1229461721.40861
NY.GDP.MKTP.CD,GM,2013,1375609453.43746
NY.GDP.MKTP.CD,GM,2012,1415004738.26621
NY.GDP.MKTP.CD,GM,2011,1409693596.93594
NY.GDP.MKTP.CD,GM,2010,1543294926.87301
NY.GDP.MKTP.CD,GM,2009,1450142508.57808
NY.GDP.MKTP.CD,GM,2008,1561766955.73024
NY.GDP.MKTP.CD,GM,2007,1279703047.0221
NY.GDP.MKTP.CD,GM,2006,1054112487.74083
NY.GDP.MKTP.CD,GM,2005,1027701067.55688
NY.GDP.MKTP.CD,GM,2004,961900651.423441
NY.GDP.MKTP.CD,GM,2003,487038685.045496
NY.GDP.MKTP.CD,GM,2002,578235309.327198
NY.GDP.MKTP.CD,GM,2001,687410645.063943
NY.GDP.MKTP.CD,GM,2000,782913871.80966
NY.GDP.MKTP.CD,GM,1999,814724032.065735
NY.GDP.MKTP.CD,GM,1998,840285264.631545
NY.GDP.MKTP.CD,GM,1997,803633342.473706
NY.GDP.MKTP.CD,GM,1996,848239446.21576
NY.GDP.MKTP.CD,GM,1995,785999864.840299
NY.GDP.MKTP.CD,GW,2023,1966461400.35833
NY.GDP.MKTP.CD,GW,2022,1714166526.44573
NY.GDP.MKTP.CD,GW,2021,1724555634.36594
NY.GDP.MKTP.CD,GW,2020,1520479984.56808
NY.GDP.MKTP.CD,GW,2019,1486476582.06759
NY.GDP.MKTP.CD,GW,2018,1554133593.91699
NY.GDP.MKTP.CD,GW,2017,1469978606.12143
NY.GDP.MKTP.CD,GW,2016,1245074264.10396
NY.GDP.MKTP.CD,GW,2015,1152384166.79638
NY.GDP.MKTP.CD,GW,2014,1135250721.02484
NY.GDP.MKTP.CD,GW,2013,1109682824.13676
NY.GDP.MKTP.CD,GW,2012,1049412177.07573
NY.GDP.MKTP.CD,GW,2011,1157074319.11175
NY.GDP.MKTP.CD,GW,2010,940112538.964179
NY.GDP.MKTP.CD,GW,2009,890167833.365875
NY.GDP.MKTP.CD,GW,2008,952667543.964674
NY.GDP.MKTP.CD,GW,2007,753162998.060137
NY.GDP.MKTP.CD,GW,2006,634781901.283407
NY.GDP.MKTP.CD,GW,2005,639776040.624112
NY.GDP.MKTP.CD,GW,2004,582169841.275298
NY.GDP.MKTP.CD,GW,2003,553614800.137137
NY.GDP.MKTP.CD,GW,2002,466773711.234075
NY.GDP.MKTP.CD,GW,2001,412610871.491565
NY.GDP.MKTP.CD,GW,2000,391345597.467891
NY.GDP.MKTP.CD,GW,1999,579365780.157765
NY.GDP.MKTP.CD,GW,1998,591034143.344266
NY.GDP.MKTP.CD,GW,1997,698107222.497006
NY.GDP.MKTP.CD,GW,1996,702965147.451887
NY.GDP.MKTP.CD,GW,1995,660195401.946403
NY.GDP.MKTP.CD,HN,2023,34400509852.0436
NY.GDP.MKTP.CD,HN,2022,31426041806.7985
NY.GDP.MKTP.CD,HN,2021,28144331506.6149
NY.GDP.MKTP.CD,HN,2020,23352232483.755
NY.GDP.MKTP.CD,HN,2019,24882225741.8119
NY.GDP.MKTP.CD,HN,2018,24067750760.499
NY.GDP.MKTP.CD,HN,2017,23136247990.5977
NY.GDP.MKTP.CD,HN,2016,21717604952.1835
NY.GDP.MKTP.CD,HN,2015,20979791685.416
NY.GDP.MKTP.CD,HN,2014,19756533971.8698
NY.GDP.MKTP.CD,HN,2013,18499729214.904
NY.GDP.MKTP.CD,HN,2012,18528554397.5695
NY.GDP.MKTP.CD,HN,2011,17710275685.4074
NY.GDP.MKTP.CD,HN,2010,15839344591.9842
NY.GDP.MKTP.CD,HN,2009,14587496229.1811
NY.GDP.MKTP.CD,HN,2008,13881731875.7466
NY.GDP.MKTP.CD,HN,2007,12361257680.5627
NY.GDP.MKTP.CD,HN,2006,10917477066.1429
NY.GDP.MKTP.CD,HN,2005,9757012696.56212
NY.GDP.MKTP.CD,HN,2004,8869299234.3377
NY.GDP.MKTP.CD,HN,2003,8230391346.67228
NY.GDP.MKTP.CD,HN,2002,7858255412.86038
NY.GDP.MKTP.CD,HN,2001,7651162302.3456
NY.GDP.MKTP.CD,HN,2000,7186638029.05875
NY.GDP.MKTP.CD,HN,1999,6414520529.61672
NY.GDP.MKTP.CD,HN,1998,6366340265.87888
NY.GDP.MKTP.CD,HN,1997,5737099650.19011
NY.GDP.MKTP.CD,HN,1996,5215028986.48649
NY.GDP.MKTP.CD,HN,1995,5347445005.21376
NY.GDP.MKTP.CD,HT,2023,19850829757.7471
NY.GDP.MKTP.CD,HT,2022,20253551920.5516
NY.GDP.MKTP.CD,HT,2021,20877414952.6375
NY.GDP.MKTP.CD,HT,2020,14508222518.3018
NY.GDP.MKTP.CD,HT,2019,15016090929.5125
NY.GDP.MKTP.CD,HT,2018,16403864617.8458
NY.GDP.MKTP.CD,HT,2017,15093357161.1498
NY.GDP.MKTP.CD,HT,2016,14069277526.2278
NY.GDP.MKTP.CD,HT,2015,14849629308.6025
NY.GDP.MKTP.CD,HT,2014,15146883497.6331
NY.GDP.MKTP.CD,HT,2013,14902488604.2421
NY.GDP.MKTP.CD,HT,2012,13708925477.1304
NY.GDP.MKTP.CD,HT,2011,13008746038.8867
NY.GDP.MKTP.CD,HT,2010,11859312725.1448
NY.GDP.MKTP.CD,HT,2009,11597002834.7786
NY.GDP.MKTP.CD,HT,2008,10432962634.8748
NY.GDP.MKTP.CD,HT,2007,9228637767.69009
NY.GDP.MKTP.CD,HT,2006,7638739122.67242
NY.GDP.MKTP.CD,HT,2005,7030149730.33692
NY.GDP.MKTP.CD,HT,2004,6087360684.2969
NY.GDP.MKTP.CD,HT,2003,5071947798.27263
NY.GDP.MKTP.CD,HT,2002,6205847213.6351
NY.GDP.MKTP.CD,HT,2001,6331970324.31022
NY.GDP.MKTP.CD,HT,2000,6813566098.8675
NY.GDP.MKTP.CD,HT,1999,4153725883.84082
NY.GDP.MKTP.CD,HT,1998,3723903723.63772
NY.GDP.MKTP.CD,HT,1997,3338949151.59927
NY.GDP.MKTP.CD,HT,1996,2907517603.76719
NY.GDP.MKTP.CD,HT,1995,2813313278.81082
NY.GDP.MKTP.CD,IN,2023,3549918918777.53
NY.GDP.MKTP.CD,IN,2022,3353470496885.95
NY.GDP.MKTP.CD,IN,2021,3167270623260.52
NY.GDP.MKTP.CD,IN,2020,2674851578586.86
NY.GDP.MKTP.CD,IN,2019,2835606256558.84
NY.GDP.MKTP.CD,IN,2018,2702929641648.14
NY.GDP.MKTP.CD,IN,2017,2651474262755.59
NY.GDP.MKTP.CD,IN,2016,2294796885663.67
NY.GDP.MKTP.CD,IN,2015,2103588360044.39
NY.GDP.MKTP.CD,IN,2014,2039126479155.27
NY.GDP.MKTP.CD,IN,2013,1856721507621.46
NY.GDP.MKTP.CD,IN,2012,1827637590410.95
NY.GDP.MKTP.CD,IN,2011,1823051829895.13
NY.GDP.MKTP.CD,IN,2010,1675615519484.96
NY.GDP.MKTP.CD,IN,2009,1341888016994.9
NY.GDP.MKTP.CD,IN,2008,1198895139005.92
NY.GDP.MKTP.CD,IN,2007,1216736438834.96
NY.GDP.MKTP.CD,IN,2006,940259888787.721
NY.GDP.MKTP.CD,IN,2005,820383763511.445
NY.GDP.MKTP.CD,IN,2004,709152728830.775
NY.GDP.MKTP.CD,IN,2003,607700687237.318
NY.GDP.MKTP.CD,IN,2002,514939140318.756
NY.GDP.MKTP.CD,IN,2001,485440139204.171
NY.GDP.MKTP.CD,IN,2000,468395521654.458
NY.GDP.MKTP.CD,IN,1999,458821052615.79
NY.GDP.MKTP.CD,IN,1998,421351317224.941
NY.GDP.MKTP.CD,IN,1997,415867563592.829
NY.GDP.MKTP.CD,IN,1996,392896866204.516
NY.GDP.MKTP.CD,IN,1995,360281909643.489
NY.GDP.MKTP.CD,JO,2023,50813642348.6746
NY.GDP.MKTP.CD,JO,2022,48653381830.9859
NY.GDP.MKTP.CD,JO,2021,46296100140.8451
NY.GDP.MKTP.CD,JO,2020,43700383098.5916
NY.GDP.MKTP.CD,JO,2019,44502816901.4085
NY.GDP.MKTP.CD,JO,2018,43370860704.2254
NY.GDP.MKTP.CD,JO,2017,41608435915.493
NY.GDP.MKTP.CD,JO,2016,39892551126.7606
NY.GDP.MKTP.CD,JO,2015,38587017887.3239
NY.GDP.MKTP.CD,JO,2014,36847643521.1268
NY.GDP.MKTP.CD,JO,2013,34454440140.8451
NY.GDP.MKTP.CD,JO,2012,31634561690.1408
NY.GDP.MKTP.CD,JO,2011,29524149154.9296
NY.GDP.MKTP.CD,JO,2010,27133804225.3521
NY.GDP.MKTP.CD,JO,2009,24537876056.338
NY.GDP.MKTP.CD,JO,2008,22658715989.3302
NY.GDP.MKTP.CD,JO,2007,17110437235.543
NY.GDP.MKTP.CD,JO,2006,15056981664.3159
NY.GDP.MKTP.CD,JO,2005,12588998589.5628
NY.GDP.MKTP.CD,JO,2004,11411706629.055
NY.GDP.MKTP.CD,JO,2003,10195627644.5698
NY.GDP.MKTP.CD,JO,2002,9582510578.27927
NY.GDP.MKTP.CD,JO,2001,8975814652.8196
NY.GDP.MKTP.CD,JO,2000,8460789844.8519
NY.GDP.MKTP.CD,JO,1999,8149929478.13822
NY.GDP.MKTP.CD,JO,1998,7912270803.94922
NY.GDP.MKTP.CD,JO,1997,7245839210.15515
NY.GDP.MKTP.CD,JO,1996,6927503526.09309
NY.GDP.MKTP.CD,JO,1995,6727597031.96347
NY.GDP.MKTP.CD,KE,2023,107440575838.048
NY.GDP.MKTP.CD,KE,2022,113419826113.903
NY.GDP.MKTP.CD,KE,2021,109703658904.994
NY.GDP.MKTP.CD,KE,2020,100657505750.545
NY.GDP.MKTP.CD,KE,2019,100378436207.371
NY.GDP.MKTP.CD,KE,2018,92202979985.2863
NY.GDP.MKTP.CD,KE,2017,82036510877.2599
NY.GDP.MKTP.CD,KE,2016,74815144163.8931
NY.GDP.MKTP.CD,KE,2015,70120446896.8359
NY.GDP.MKTP.CD,KE,2014,68285796514.2896
NY.GDP.MKTP.CD,KE,2013,61671440407.8387
NY.GDP.MKTP.CD,KE,2012,56396704671.5777
NY.GDP.MKTP.CD,KE,2011,46869473150.61
NY.GDP.MKTP.CD,KE,2010,45405615063.7551
NY.GDP.MKTP.CD,KE,2009,42347217912.9176
NY.GDP.MKTP.CD,KE,2008,35895153327.8497
NY.GDP.MKTP.CD,KE,2007,31958195182.2406
NY.GDP.MKTP.CD,KE,2006,25825512284.2891
NY.GDP.MKTP.CD,KE,2005,18737895512.7378
NY.GDP.MKTP.CD,KE,2004,16095337093.8366
NY.GDP.MKTP.CD,KE,2003,14904517649.8476
NY.GDP.MKTP.CD,KE,2002,13147736898.5176
NY.GDP.MKTP.CD,KE,2001,12986007425.8781
NY.GDP.MKTP.CD,KE,2000,12705350097.8044
NY.GDP.MKTP.CD,KE,1999,12896010459.3711
NY.GDP.MKTP.CD,KE,1998,14093998843.7334
NY.GDP.MKTP.CD,KE,1997,13115764358.2846
NY.GDP.MKTP.CD,KE,1996,12045865396.1323
NY.GDP.MKTP.CD,KE,1995,9046320255.40507
NY.GDP.MKTP.CD,KG,2023,13987627908.8381
NY.GDP.MKTP.CD,KG,2022,12134931017.9465
NY.GDP.MKTP.CD,KG,2021,9249133946.26531
NY.GDP.MKTP.CD,KG,2020,8270468614.24051
NY.GDP.MKTP.CD,KG,2019,9371275264.36735
NY.GDP.MKTP.CD,KG,2018,8271106235.41552
NY.GDP.MKTP.CD,KG,2017,7702938379.42036
NY.GDP.MKTP.CD,KG,2016,6813095379.1187
NY.GDP.MKTP.CD,KG,2015,6678177511.66313
NY.GDP.MKTP.CD,KG,2014,7468102412.68237
NY.GDP.MKTP.CD,KG,2013,7335033800.59056
NY.GDP.MKTP.CD,KG,2012,6605142884.36215
NY.GDP.MKTP.CD,KG,2011,6197765984.28468
NY.GDP.MKTP.CD,KG,2010,4794361863.01353
NY.GDP.MKTP.CD,KG,2009,4690061380.60253
NY.GDP.MKTP.CD,KG,2008,5139958909.17936
NY.GDP.MKTP.CD,KG,2007,3802570552.56105
NY.GDP.MKTP.CD,KG,2006,2834168889.42019
NY.GDP.MKTP.CD,KG,2005,2460246766.41401
NY.GDP.MKTP.CD,KG,2004,2211534585.0034
NY.GDP.MKTP.CD,KG,2003,1919008090.49641
NY.GDP.MKTP.CD,KG,2002,1605643104.73021
NY.GDP.MKTP.CD,KG,2001,1525116370.27939
NY.GDP.MKTP.CD,KG,2000,1369688498.06778
NY.GDP.MKTP.CD,KG,1999,1249061487.01457
NY.GDP.MKTP.CD,KG,1998,1645963749.83146
NY.GDP.MKTP.CD,KG,1997,1767864035.71943
NY.GDP.MKTP.CD,KG,1996,1827570586.16784
NY.GDP.MKTP.CD,KG,1995,1661018518.51852
NY.GDP.MKTP.CD,KH,2023,31772759998.8571
NY.GDP.MKTP.CD,KH,2022,29504829319.3169
NY.GDP.MKTP.CD,KH,2021,26961061151.7337
NY.GDP.MKTP.CD,KH,2020,25872797891.7664
NY.GDP.MKTP.CD,KH,2019,27089390032.798
NY.GDP.MKTP.CD,KH,2018,24571753583.3935
NY.GDP.MKTP.CD,KH,2017,22177200588.1826
NY.GDP.MKTP.CD,KH,2016,20016747857.6367
NY.GDP.MKTP.CD,KH,2015,18049954289.4721
NY.GDP.MKTP.CD,KH,2014,16702610842.3529
NY.GDP.MKTP.CD,KH,2013,15227991395.1207
NY.GDP.MKTP.CD,KH,2012,14054443213.4887
NY.GDP.MKTP.CD,KH,2011,12829541141.062
NY.GDP.MKTP.CD,KH,2010,11242275287.581
NY.GDP.MKTP.CD,KH,2009,10401851767.7083
NY.GDP.MKTP.CD,KH,2008,10351914177.4839
NY.GDP.MKTP.CD,KH,2007,8639235912.59077
NY.GDP.MKTP.CD,KH,2006,7274595706.57406
NY.GDP.MKTP.CD,KH,2005,6293046161.75932
NY.GDP.MKTP.CD,KH,2004,5337833248.01434
NY.GDP.MKTP.CD,KH,2003,4658246918.32119
NY.GDP.MKTP.CD,KH,2002,4284028482.51213
NY.GDP.MKTP.CD,KH,2001,3984000517.07441
NY.GDP.MKTP.CD,KH,2000,3654031716.39855
NY.GDP.MKTP.CD,KH,1999,3517242477.2548
NY.GDP.MKTP.CD,KH,1998,3120425502.66241
NY.GDP.MKTP.CD,KH,1997,3443413388.65696
NY.GDP.MKTP.CD,KH,1996,3506695719.57259
NY.GDP.MKTP.CD,KH,1995,3441205692.9166
NY.GDP.MKTP.CD,KI,2023,279034355.108421
NY.GDP.MKTP.CD,KI,2022,270520731.599041
NY.GDP.MKTP.CD,KI,2021,289207526.306617
NY.GDP.MKTP.CD,KI,2020,222973879.711097
NY.GDP.MKTP.CD,KI,2019,216891541.021351
NY.GDP.MKTP.CD,KI,2018,233859230.192198
NY.GDP.MKTP.CD,KI,2017,223029864.54193
NY.GDP.MKTP.CD,KI,2016,206658568.822507
NY.GDP.MKTP.CD,KI,2015,191572320.429122
NY.GDP.MKTP.CD,KI,2014,200114840.67884
NY.GDP.MKTP.CD,KI,2013,201768028.55259
NY.GDP.MKTP.CD,KI,2012,207081997.22303
NY.GDP.MKTP.CD,KI,2011,195984787.454498
NY.GDP.MKTP.CD,KI,2010,165113529.310862
NY.GDP.MKTP.CD,KI,2009,140384919.85191
NY.GDP.MKTP.CD,KI,2008,146790160.52972
NY.GDP.MKTP.CD,KI,2007,138066995.126653
NY.GDP.MKTP.CD,KI,2006,112201076.377306
NY.GDP.MKTP.CD,KI,2005,113786233.087662
NY.GDP.MKTP.CD,KI,2004,104430807.970865
NY.GDP.MKTP.CD,KI,2003,95984600.9569924
NY.GDP.MKTP.CD,KI,2002,74977058.6499892
NY.GDP.MKTP.CD,KI,2001,65168750.8598655
NY.GDP.MKTP.CD,KI,2000,74790109.3848832
NY.GDP.MKTP.CD,KI,1999,77421852.3178167
NY.GDP.MKTP.CD,KI,1998,74756820.460502
NY.GDP.MKTP.CD,KI,1997,80155561.1631463
NY.GDP.MKTP.CD,KI,1996,81385876.2637309
NY.GDP.MKTP.CD,KI,1995,68938269.1157296
NY.GDP.MKTP.CD,LA,2023,15843155731.2552
NY.GDP.MKTP.CD,LA,2022,15468785203.7532
NY.GDP.MKTP.CD,LA,2021,18827148530.9347
NY.GDP.MKTP.CD,LA,2020,18981805250.2424
NY.GDP.MKTP.CD,LA,2019,18740561512.5555
NY.GDP.MKTP.CD,LA,2018,18141641089.7963
NY.GDP.MKTP.CD,LA,2017,17071155481.4994
NY.GDP.MKTP.CD,LA,2016,15912501722.6143
NY.GDP.MKTP.CD,LA,2015,14426380125.6488
NY.GDP.MKTP.CD,LA,2014,13279245886.3854
NY.GDP.MKTP.CD,LA,2013,11983252626.5452
NY.GDP.MKTP.CD,LA,2012,10192846339.4029
NY.GDP.MKTP.CD,LA,2011,8750104617.17303
NY.GDP.MKTP.CD,LA,2010,7131771014.70456
NY.GDP.MKTP.CD,LA,2009,5836137329.63305
NY.GDP.MKTP.CD,LA,2008,5446433157.40114
NY.GDP.MKTP.CD,LA,2007,4223152739.04052
NY.GDP.MKTP.CD,LA,2006,3455030060.9785
NY.GDP.MKTP.CD,LA,2005,2735558734.7379
NY.GDP.MKTP.CD,LA,2004,2366398119.86321
NY.GDP.MKTP.CD,LA,2003,2023324407.28414
NY.GDP.MKTP.CD,LA,2002,1758176653.07746
NY.GDP.MKTP.CD,LA,2001,1768619058.34647
NY.GDP.MKTP.CD,LA,2000,1731198022.46763
NY.GDP.MKTP.CD,LA,1999,1454430642.44959
NY.GDP.MKTP.CD,LA,1998,1280177838.71905
NY.GDP.MKTP.CD,LA,1997,1747011857.33107
NY.GDP.MKTP.CD,LA,1996,1873671550.34636
NY.GDP.MKTP.CD,LA,1995,1763536304.53964
NY.GDP.MKTP.CD,LB,2023,17937256175.141
NY.GDP.MKTP.CD,LB,2022,20992421948.8081
NY.GDP.MKTP.CD,LB,2021,23131941556.7843
NY.GDP.MKTP.CD,LB,2020,31712128253.7961
NY.GDP.MKTP.CD,LB,2019,51605959131.2741
NY.GDP.MKTP.CD,LB,2018,54901519155.5556
NY.GDP.MKTP.CD,LB,2017,53027680685.9038
NY.GDP.MKTP.CD,LB,2016,51147308774.1294
NY.GDP.MKTP.CD,LB,2015,49929337836.8159
NY.GDP.MKTP.CD,LB,2014,48095213746.6003
NY.GDP.MKTP.CD,LB,2013,46880103080.597
NY.GDP.MKTP.CD,LB,2012,44016799515.7546
NY.GDP.MKTP.CD,LB,2011,39927125961.5257
NY.GDP.MKTP.CD,LB,2010,38443907042.1227
NY.GDP.MKTP.CD,LB,2009,35399582928.6899
NY.GDP.MKTP.CD,LB,2008,29118916105.4726
NY.GDP.MKTP.CD,LB,2007,24827355014.9254
NY.GDP.MKTP.CD,LB,2006,22022709851.4096
NY.GDP.MKTP.CD,LB,2005,21497336498.8391
NY.GDP.MKTP.CD,LB,2004,21159827992.0398
NY.GDP.MKTP.CD,LB,2003,20082918739.6352
NY.GDP.MKTP.CD,LB,2002,19152238805.9701
NY.GDP.MKTP.CD,LB,2001,17649751243.7811
NY.GDP.MKTP.CD,LB,2000,17260364842.4544
NY.GDP.MKTP.CD,LB,1999,17391056369.2265
NY.GDP.MKTP.CD,LB,1998,17247179005.5219
NY.GDP.MKTP.CD,LB,1997,15751867489.4446
NY.GDP.MKTP.CD,LB,1996,13690217333.5879
NY.GDP.MKTP.CD,LB,1995,11718795528.5556
NY.GDP.MKTP.CD,LR,2023,4332000000
NY.GDP.MKTP.CD,LR,2022,4001047000
NY.GDP.MKTP.CD,LR,2021,3513049520
NY.GDP.MKTP.CD,LR,2020,3176126340
NY.GDP.MKTP.CD,LR,2019,3319596500
NY.GDP.MKTP.CD,LR,2018,3422754800
NY.GDP.MKTP.CD,LR,2017,3390703400
NY.GDP.MKTP.CD,LR,2016,3398419600
NY.GDP.MKTP.CD,LR,2015,3227075700
NY.GDP.MKTP.CD,LR,2014,3225652000
NY.GDP.MKTP.CD,LR,2013,3177198100
NY.GDP.MKTP.CD,LR,2012,2791614000
NY.GDP.MKTP.CD,LR,2011,2398000000
NY.GDP.MKTP.CD,LR,2010,1998000000
NY.GDP.MKTP.CD,LR,2009,1768000000
NY.GDP.MKTP.CD,LR,2008,1726000000
NY.GDP.MKTP.CD,LR,2007,1373000000
NY.GDP.MKTP.CD,LR,2006,1119000000
NY.GDP.MKTP.CD,LR,2005,949000000
NY.GDP.MKTP.CD,LR,2004,897000000
NY.GDP.MKTP.CD,LR,2003,748000000
NY.GDP.MKTP.CD,LR,2002,927000000
NY.GDP.MKTP.CD,LR,2001,906000000
NY.GDP.MKTP.CD,LR,2000,874000000
NY.GDP.MKTP.CD,LR,1999,441800000
NY.GDP.MKTP.CD,LR,1998,359600000
NY.GDP.MKTP.CD,LR,1997,295900000
NY.GDP.MKTP.CD,LR,1996,159400000
NY.GDP.MKTP.CD,LR,1995,134800000
NY.GDP.MKTP.CD,LK,2023,84356860421.13
NY.GDP.MKTP.CD,LK,2022,74144875098.0587
NY.GDP.MKTP.CD,LK,2021,88609332762.4729
NY.GDP.MKTP.CD,LK,2020,84304298770.5329
NY.GDP.MKTP.CD,LK,2019,89014978344.1404
NY.GDP.MKTP.CD,LK,2018,94493871200.7869
NY.GDP.MKTP.CD,LK,2017,94376237797.2367
NY.GDP.MKTP.CD,LK,2016,88012282205.8357
NY.GDP.MKTP.CD,LK,2015,85140955388.8509
NY.GDP.MKTP.CD,LK,2014,82528535713.926
NY.GDP.MKTP.CD,LK,2013,77000578167.353
NY.GDP.MKTP.CD,LK,2012,70447216891.3366
NY.GDP.MKTP.CD,LK,2011,67753284043.9282
NY.GDP.MKTP.CD,LK,2010,58636161081.712
NY.GDP.MKTP.CD,LK,2009,42066224093.0065
NY.GDP.MKTP.CD,LK,2008,40713826215.0093
NY.GDP.MKTP.CD,LK,2007,32350238760.4239
NY.GDP.MKTP.CD,LK,2006,28279802405.9138
NY.GDP.MKTP.CD,LK,2005,24405791044.7761
NY.GDP.MKTP.CD,LK,2004,20662525941.2985
NY.GDP.MKTP.CD,LK,2003,18881765437.2151
NY.GDP.MKTP.CD,LK,2002,16536535647.0834
NY.GDP.MKTP.CD,LK,2001,15749753804.8344
NY.GDP.MKTP.CD,LK,2000,16330814179.9766
NY.GDP.MKTP.CD,LK,1999,15656327859.5696
NY.GDP.MKTP.CD,LK,1998,15794972847.1683
NY.GDP.MKTP.CD,LK,1997,15091913883.7091
NY.GDP.MKTP.CD,LK,1996,13897738375.2488
NY.GDP.MKTP.CD,LK,1995,13029697560.9756
NY.GDP.MKTP.CD,LS,2023,2046039024.45854
NY.GDP.MKTP.CD,LS,2022,2289355249.40148
NY.GDP.MKTP.CD,LS,2021,2406780518.52811
NY.GDP.MKTP.CD,LS,2020,2053338465.24462
NY.GDP.MKTP.CD,LS,2019,2390702295.82777
NY.GDP.MKTP.CD,LS,2018,2556247291.99785
NY.GDP.MKTP.CD,LS,2017,2306741674.055
NY.GDP.MKTP.CD,LS,2016,2114426453.70697
NY.GDP.MKTP.CD,LS,2015,2359686724.53829
NY.GDP.MKTP.CD,LS,2014,2441063054.05792
NY.GDP.MKTP.CD,LS,2013,2367112931.642
NY.GDP.MKTP.CD,LS,2012,2477702216.26888
NY.GDP.MKTP.CD,LS,2011,2579409619.96722
NY.GDP.MKTP.CD,LS,2010,2234754241.91918
NY.GDP.MKTP.CD,LS,2009,1740894964.80511
NY.GDP.MKTP.CD,LS,2008,1766902709.19935
NY.GDP.MKTP.CD,LS,2007,1682131784.51365
NY.GDP.MKTP.CD,LS,2006,1800092563.75462
NY.GDP.MKTP.CD,LS,2005,1682343527.49221
NY.GDP.MKTP.CD,LS,2004,1511236655.52047
NY.GDP.MKTP.CD,LS,2003,1157825434.78971
NY.GDP.MKTP.CD,LS,2002,775777238.55814
NY.GDP.MKTP.CD,LS,2001,825706961.238689
NY.GDP.MKTP.CD,LS,2000,887291687.920796
NY.GDP.MKTP.CD,LS,1999,912773681.050642
NY.GDP.MKTP.CD,LS,1998,928460893.108965
NY.GDP.MKTP.CD,LS,1997,998004258.715675
NY.GDP.MKTP.CD,LS,1996,946112492.844847
NY.GDP.MKTP.CD,LS,1995,1001894000.27846
NY.GDP.MKTP.CD,MA,2023,141109373209.414
NY.GDP.MKTP.CD,MA,2022,130912558829.84
NY.GDP.MKTP.CD,MA,2021,141817797083.468
NY.GDP.MKTP.CD,MA,2020,121353645057.144
NY.GDP.MKTP.CD,MA,2019,128920266409.458
NY.GDP.MKTP.CD,MA,2018,127341147581.818
NY.GDP.MKTP.CD,MA,2017,118540573367.844
NY.GDP.MKTP.CD,MA,2016,111572947004.917
NY.GDP.MKTP.CD,MA,2015,110413823841.592
NY.GDP.MKTP.CD,MA,2014,119130841411.664
NY.GDP.MKTP.CD,MA,2013,115739287305.08
NY.GDP.MKTP.CD,MA,2012,106937392311.129
NY.GDP.MKTP.CD,MA,2011,110080631332.375
NY.GDP.MKTP.CD,MA,2010,100865329473.44
NY.GDP.MKTP.CD,MA,2009,101154952240.881
NY.GDP.MKTP.CD,MA,2008,101822906949.063
NY.GDP.MKTP.CD,MA,2007,86947913286.728
NY.GDP.MKTP.CD,MA,2006,75883823300.8545
NY.GDP.MKTP.CD,MA,2005,68852658068.6673
NY.GDP.MKTP.CD,MA,2004,66114145451.0067
NY.GDP.MKTP.CD,MA,2003,58029363354.2757
NY.GDP.MKTP.CD,MA,2002,47077192187.6418
NY.GDP.MKTP.CD,MA,2001,43831480207.6444
NY.GDP.MKTP.CD,MA,2000,43017455401.8445
NY.GDP.MKTP.CD,MA,1999,46266428648.1433
NY.GDP.MKTP.CD,MA,1998,46497608724.9865
NY.GDP.MKTP.CD,MA,1997,39147844526.0838
NY.GDP.MKTP.CD,MA,1996,43161571527.6353
NY.GDP.MKTP.CD,MA,1995,39030285468.3841
NY.GDP.MKTP.CD,MG,2023,16031702914.9195
NY.GDP.MKTP.CD,MG,2022,15302510500.0528
NY.GDP.MKTP.CD,MG,2021,14554754116.5427
NY.GDP.MKTP.CD,MG,2020,13051441203.9474
NY.GDP.MKTP.CD,MG,2019,14104664678.5063
NY.GDP.MKTP.CD,MG,2018,13760033282.2925
NY.GDP.MKTP.CD,MG,2017,13176313593.5509
NY.GDP.MKTP.CD,MG,2016,11848613858.442
NY.GDP.MKTP.CD,MG,2015,11323020701.3017
NY.GDP.MKTP.CD,MG,2014,12522957399.2281
NY.GDP.MKTP.CD,MG,2013,12423555455.3853
NY.GDP.MKTP.CD,MG,2012,11578975061.9479
NY.GDP.MKTP.CD,MG,2011,11551819617.874
NY.GDP.MKTP.CD,MG,2010,9982711338.07029
NY.GDP.MKTP.CD,MG,2009,9616879409.43789
NY.GDP.MKTP.CD,MG,2008,10725137723.6549
NY.GDP.MKTP.CD,MG,2007,8524620889.57747
NY.GDP.MKTP.CD,MG,2006,6395712490.94304
NY.GDP.MKTP.CD,MG,2005,5859269752.61332
NY.GDP.MKTP.CD,MG,2004,5064732626.29389
NY.GDP.MKTP.CD,MG,2003,6372498889.66585
NY.GDP.MKTP.CD,MG,2002,5351701663.40807
NY.GDP.MKTP.CD,MG,2001,5438332601.90798
NY.GDP.MKTP.CD,MG,2000,4629247203.84524
NY.GDP.MKTP.CD,MG,1999,4277903780.29131
NY.GDP.MKTP.CD,MG,1998,4401967632.73718
NY.GDP.MKTP.CD,MG,1997,4262965419.74998
NY.GDP.MKTP.CD,MG,1996,4931861038.70763
NY.GDP.MKTP.CD,MG,1995,3838100903.74974
NY.GDP.MKTP.CD,ML,2023,20904898296.2501
NY.GDP.MKTP.CD,ML,2022,18780322203.7584
NY.GDP.MKTP.CD,ML,2021,19309463508.0377
NY.GDP.MKTP.CD,ML,2020,17465392764.3706
NY.GDP.MKTP.CD,ML,2019,17280250810.0321
NY.GDP.MKTP.CD,ML,2018,17070867589.9055
NY.GDP.MKTP.CD,ML,2017,15365713048.1993
NY.GDP.MKTP.CD,ML,2016,14026048335.7047
NY.GDP.MKTP.CD,ML,2015,13104764378.326
NY.GDP.MKTP.CD,ML,2014,14364937124.0727
NY.GDP.MKTP.CD,ML,2013,13242690786.0938
NY.GDP.MKTP.CD,ML,2012,12442035339.1049
NY.GDP.MKTP.CD,ML,2011,12995112690.2596
NY.GDP.MKTP.CD,ML,2010,10689168016.2613
NY.GDP.MKTP.CD,ML,2009,10231962390.2119
NY.GDP.MKTP.CD,ML,2008,9838403100.50554
NY.GDP.MKTP.CD,ML,2007,8156468826.12645
NY.GDP.MKTP.CD,ML,2006,6905934217.90901
NY.GDP.MKTP.CD,ML,2005,6247515888.14533
NY.GDP.MKTP.CD,ML,2004,5454249125.72966
NY.GDP.MKTP.CD,ML,2003,4714071979.68835
NY.GDP.MKTP.CD,ML,2002,3908121307.01957
NY.GDP.MKTP.CD,ML,2001,3468337942.32063
NY.GDP.MKTP.CD,ML,2000,2961484953.86444
NY.GDP.MKTP.CD,ML,1999,3440724709.59258
NY.GDP.MKTP.CD,ML,1998,2920358710.50646
NY.GDP.MKTP.CD,ML,1997,2697105823.4661
NY.GDP.MKTP.CD,ML,1996,2780422049.21204
NY.GDP.MKTP.CD,ML,1995,2706425157.39397
NY.GDP.MKTP.CD,MM,2023,64815031669.0952
NY.GDP.MKTP.CD,MM,2022,62253049891.6449
NY.GDP.MKTP.CD,MM,2021,66345291160.1683
NY.GDP.MKTP.CD,MM,2020,79006113643.1906
NY.GDP.MKTP.CD,MM,2019,75065106227.6892
NY.GDP.MKTP.CD,MM,2018,67860515989.517
NY.GDP.MKTP.CD,MM,2017,66053040483.0016
NY.GDP.MKTP.CD,MM,2016,63298361996.2153
NY.GDP.MKTP.CD,MM,2015,59607290407.6191
NY.GDP.MKTP.CD,MM,2014,65531374199.6663
NY.GDP.MKTP.CD,MM,2013,60269732854.827
NY.GDP.MKTP.CD,MM,2012,59937796648.2158
NY.GDP.MKTP.CD,MM,2011,59977326085.9908
NY.GDP.MKTP.CD,MM,2010,49540813342.4834
NY.GDP.MKTP.CD,MM,2009,36906181380.8127
NY.GDP.MKTP.CD,MM,2008,31862554101.9378
NY.GDP.MKTP.CD,MM,2007,20182477480.5512
NY.GDP.MKTP.CD,MM,2006,14502553709.8303
NY.GDP.MKTP.CD,MM,2005,11986972418.5103
NY.GDP.MKTP.CD,MM,2004,10567354056.4049
NY.GDP.MKTP.CD,MM,2003,10467109977.6717
NY.GDP.MKTP.CD,MM,2002,6777632512.0781
NY.GDP.MKTP.CD,MM,2001,6477790688.22844
NY.GDP.MKTP.CD,MM,2000,8905066163.58643
NY.GDP.MKTP.CD,MM,1999,8486832800.88498
NY.GDP.MKTP.CD,MM,1998,6459461639.30243
NY.GDP.MKTP.CD,MM,1997,4722288495.66085
NY.GDP.MKTP.CD,MM,1996,6123556716.81329
NY.GDP.MKTP.CD,MM,1995,5289174942.53404
NY.GDP.MKTP.CD,MZ,2023,20624597846.5495
NY.GDP.MKTP.CD,MZ,2022,18406835494.9468
NY.GDP.MKTP.CD,MZ,2021,16168055475.085
NY.GDP.MKTP.CD,MZ,2020,14235420174.1813
NY.GDP.MKTP.CD,MZ,2019,15512758964.5779
NY.GDP.MKTP.CD,MZ,2018,15017359042.4464
NY.GDP.MKTP.CD,MZ,2017,13264640645.7768
NY.GDP.MKTP.CD,MZ,2016,12069051237.1711
NY.GDP.MKTP.CD,MZ,2015,16208985769.615
NY.GDP.MKTP.CD,MZ,2014,17978246586.0662
NY.GDP.MKTP.CD,MZ,2013,17198073057.1981
NY.GDP.MKTP.CD,MZ,2012,16688114144.0745
NY.GDP.MKTP.CD,MZ,2011,14619279988.716
NY.GDP.MKTP.CD,MZ,2010,11411894723.864
NY.GDP.MKTP.CD,MZ,2009,12263894790.0125
NY.GDP.MKTP.CD,MZ,2008,12920340964.6544
NY.GDP.MKTP.CD,MZ,2007,10811456005.9405
NY.GDP.MKTP.CD,MZ,2006,9509835536.93373
NY.GDP.MKTP.CD,MZ,2005,8868504899.94673
NY.GDP.MKTP.CD,MZ,2004,7937255565.35765
NY.GDP.MKTP.CD,MZ,2003,6583526860.58062
NY.GDP.MKTP.CD,MZ,2002,5950769426.60213
NY.GDP.MKTP.CD,MZ,2001,5650154067.10346
NY.GDP.MKTP.CD,MZ,2000,5930685214.61595
NY.GDP.MKTP.CD,MZ,1999,6285219691.22462
NY.GDP.MKTP.CD,MZ,1998,5551118148.73836
NY.GDP.MKTP.CD,MZ,1997,4873663774.93019
NY.GDP.MKTP.CD,MZ,1996,4030146134.5706
NY.GDP.MKTP.CD,MZ,1995,3061646173.73938
NY.GDP.MKTP.CD,MR,2023,10452577062.7581
NY.GDP.MKTP.CD,MR,2022,9744039514.55646
NY.GDP.MKTP.CD,MR,2021,9222536364.01272
NY.GDP.MKTP.CD,MR,2020,8260752385.23089
NY.GDP.MKTP.CD,MR,2019,7894764885.82312
NY.GDP.MKTP.CD,MR,2018,7473550557.07378
NY.GDP.MKTP.CD,MR,2017,6800135898.28827
NY.GDP.MKTP.CD,MR,2016,6398747592.13185
NY.GDP.MKTP.CD,MR,2015,6166863896.68677
NY.GDP.MKTP.CD,MR,2014,6592537781.81518
NY.GDP.MKTP.CD,MR,2013,7223071096.85652
NY.GDP.MKTP.CD,MR,2012,6728208836.22143
NY.GDP.MKTP.CD,MR,2011,6764627745.9033
NY.GDP.MKTP.CD,MR,2010,5628878797.98257
NY.GDP.MKTP.CD,MR,2009,4714595547.75102
NY.GDP.MKTP.CD,MR,2008,5206437193.80413
NY.GDP.MKTP.CD,MR,2007,4346212355.02975
NY.GDP.MKTP.CD,MR,2006,3919577285.92703
NY.GDP.MKTP.CD,MR,2005,2936019525.60241
NY.GDP.MKTP.CD,MR,2004,2362501023.24249
NY.GDP.MKTP.CD,MR,2003,2051147606.73687
NY.GDP.MKTP.CD,MR,2002,1777057481.26043
NY.GDP.MKTP.CD,MR,2001,1746063557.61355
NY.GDP.MKTP.CD,MR,2000,1779520886.47015
NY.GDP.MKTP.CD,MR,1999,1985922775.53351
NY.GDP.MKTP.CD,MR,1998,2032347664.94993
NY.GDP.MKTP.CD,MR,1997,2071996564.05296
NY.GDP.MKTP.CD,MR,1996,2132087009.28942
NY.GDP.MKTP.CD,MR,1995,2091726101.43014
NY.GDP.MKTP.CD,MW,2023,14084341062.3675
NY.GDP.MKTP.CD,MW,2022,13129458325.7379
NY.GDP.MKTP.CD,MW,2021,12580922008.2096
NY.GDP.MKTP.CD,MW,2020,12041250083.8828
NY.GDP.MKTP.CD,MW,2019,11077305329.6417
NY.GDP.MKTP.CD,MW,2018,9880675785.93057
NY.GDP.MKTP.CD,MW,2017,8943543677.18899
NY.GDP.MKTP.CD,MW,2016,7909868618.46366
NY.GDP.MKTP.CD,MW,2015,9219474379.31534
NY.GDP.MKTP.CD,MW,2014,8801326169.14547
NY.GDP.MKTP.CD,MW,2013,8031571927.62055
NY.GDP.MKTP.CD,MW,2012,8773203178.16512
NY.GDP.MKTP.CD,MW,2011,11648142958.3651
NY.GDP.MKTP.CD,MW,2010,10128323010.6049
NY.GDP.MKTP.CD,MW,2009,9009887946.82039
NY.GDP.MKTP.CD,MW,2008,7743617352.21427
NY.GDP.MKTP.CD,MW,2007,6451210219.11683
NY.GDP.MKTP.CD,MW,2006,5818279739.14354
NY.GDP.MKTP.CD,MW,2005,5320409651.47544
NY.GDP.MKTP.CD,MW,2004,5058726350.48896
NY.GDP.MKTP.CD,MW,2003,4669789300.35662
NY.GDP.MKTP.CD,MW,2002,5087328437.8737
NY.GDP.MKTP.CD,MW,2001,2498008664.6691
NY.GDP.MKTP.CD,MW,2000,2537307580.32808
NY.GDP.MKTP.CD,MW,1999,2584478924.06081
NY.GDP.MKTP.CD,MW,1998,2547609590.06984
NY.GDP.MKTP.CD,MW,1997,3875785863.38323
NY.GDP.MKTP.CD,MW,1996,3319573749.6119
NY.GDP.MKTP.CD,MW,1995,2033701497.97085
NY.GDP.MKTP.CD,NE,2023,16819170420.5653
NY.GDP.MKTP.CD,NE,2022,15433852712.2963
NY.GDP.MKTP.CD,NE,2021,14915002436.069
NY.GDP.MKTP.CD,NE,2020,13744653103.058
NY.GDP.MKTP.CD,NE,2019,12889555561.2299
NY.GDP.MKTP.CD,NE,2018,12837307496.8821
NY.GDP.MKTP.CD,NE,2017,11185104251.6943
NY.GDP.MKTP.CD,NE,2016,10398861981.7583
NY.GDP.MKTP.CD,NE,2015,9683867926.44282
NY.GDP.MKTP.CD,NE,2014,10862943543.5419
NY.GDP.MKTP.CD,NE,2013,10224897437.8648
NY.GDP.MKTP.CD,NE,2012,9426912647.59111
NY.GDP.MKTP.CD,NE,2011,8772950777.79176
NY.GDP.MKTP.CD,NE,2010,7851192502.30917
NY.GDP.MKTP.CD,NE,2009,7352131309.73341
NY.GDP.MKTP.CD,NE,2008,7297600226.00536
NY.GDP.MKTP.CD,NE,2007,5731485051.79069
NY.GDP.MKTP.CD,NE,2006,4756361252.37923
NY.GDP.MKTP.CD,NE,2005,4383315964.58718
NY.GDP.MKTP.CD,NE,2004,3760443737.53797
NY.GDP.MKTP.CD,NE,2003,3394084732.49543
NY.GDP.MKTP.CD,NE,2002,2782192878.67204
NY.GDP.MKTP.CD,NE,2001,2448714703.96617
NY.GDP.MKTP.CD,NE,2000,2241753192.81158
NY.GDP.MKTP.CD,NE,1999,2537789820.69295
NY.GDP.MKTP.CD,NE,1998,2643363518.99272
NY.GDP.MKTP.CD,NE,1997,2290318910.20658
NY.GDP.MKTP.CD,NE,1996,2405686940.0464
NY.GDP.MKTP.CD,NE,1995,2302537562.24406
NY.GDP.MKTP.CD,NG,2023,362814951696.073
NY.GDP.MKTP.CD,NG,2022,472624596925.938
NY.GDP.MKTP.CD,NG,2021,440838992188.478
NY.GDP.MKTP.CD,NG,2020,432198898467.795
NY.GDP.MKTP.CD,NG,2019,474517490844.461
NY.GDP.MKTP.CD,NG,2018,421739251509.08
NY.GDP.MKTP.CD,NG,2017,375745731053.427
NY.GDP.MKTP.CD,NG,2016,404649125252.16
NY.GDP.MKTP.CD,NG,2015,493026682800.63
NY.GDP.MKTP.CD,NG,2014,574183763411.508
NY.GDP.MKTP.CD,NG,2013,520117180313.906
NY.GDP.MKTP.CD,NG,2012,463971018239.281
NY.GDP.MKTP.CD,NG,2011,414466676831.16
NY.GDP.MKTP.CD,NG,2010,366990417129.04
NY.GDP.MKTP.CD,NG,2009,295008835380.997
NY.GDP.MKTP.CD,NG,2008,339476276257.793
NY.GDP.MKTP.CD,NG,2007,278260846800.103
NY.GDP.MKTP.CD,NG,2006,238454997161.48
NY.GDP.MKTP.CD,NG,2005,175670569969.346
NY.GDP.MKTP.CD,NG,2004,135764731645.611
NY.GDP.MKTP.CD,NG,2003,104738954264.226
NY.GDP.MKTP.CD,NG,2002,95054059302.6995
NY.GDP.MKTP.CD,NG,2001,73557840064.489
NY.GDP.MKTP.CD,NG,2000,69171451627.2465
NY.GDP.MKTP.CD,NG,1999,59145077039.1437
NY.GDP.MKTP.CD,NG,1998,218416200672.727
NY.GDP.MKTP.CD,NG,1997,200850397618.182
NY.GDP.MKTP.CD,NG,1996,185730236700
NY.GDP.MKTP.CD,NG,1995,140919776986.364
NY.GDP.MKTP.CD,NI,2023,17829215283.7997
NY.GDP.MKTP.CD,NI,2022,15649934214.9276
NY.GDP.MKTP.CD,NI,2021,14144067555.6566
NY.GDP.MKTP.CD,NI,2020,12681548303.6856
NY.GDP.MKTP.CD,NI,2019,12699046244.607
NY.GDP.MKTP.CD,NI,2018,13025239912.2751
NY.GDP.MKTP.CD,NI,2017,13785943183.0661
NY.GDP.MKTP.CD,NI,2016,13286118584.2563
NY.GDP.MKTP.CD,NI,2015,12756706583.3113
NY.GDP.MKTP.CD,NI,2014,11880434070.7811
NY.GDP.MKTP.CD,NI,2013,10982938825.6994
NY.GDP.MKTP.CD,NI,2012,10531964139.3486
NY.GDP.MKTP.CD,NI,2011,9774307336.23792
NY.GDP.MKTP.CD,NI,2010,8758592272.10579
NY.GDP.MKTP.CD,NI,2009,8298679908.55232
NY.GDP.MKTP.CD,NI,2008,8496946608.23151
NY.GDP.MKTP.CD,NI,2007,7423421958.4248
NY.GDP.MKTP.CD,NI,2006,6763688104.72396
NY.GDP.MKTP.CD,NI,2005,6321335612.22233
NY.GDP.MKTP.CD,NI,2004,5792949922.19461
NY.GDP.MKTP.CD,NI,2003,5322243501.97953
NY.GDP.MKTP.CD,NI,2002,5223736466.14695
NY.GDP.MKTP.CD,NI,2001,5351768843.61983
NY.GDP.MKTP.CD,NI,2000,5109583827.37851
NY.GDP.MKTP.CD,NI,1999,4856005698.89833
NY.GDP.MKTP.CD,NI,1998,4635354832.308
NY.GDP.MKTP.CD,NI,1997,4389965590.96538
NY.GDP.MKTP.CD,NI,1996,4308096532.51141
NY.GDP.MKTP.CD,NI,1995,4131909868.00254
NY.GDP.MKTP.CD,NP,2023,40908073366.8455
NY.GDP.MKTP.CD,NP,2022,41182939600.67
NY.GDP.MKTP.CD,NP,2021,36924841394.2605
NY.GDP.MKTP.CD,NP,2020,33433659301.2466
NY.GDP.MKTP.CD,NP,2019,34186180699.0255
NY.GDP.MKTP.CD,NP,2018,33111525237.149
NY.GDP.MKTP.CD,NP,2017,28971588940.364
NY.GDP.MKTP.CD,NP,2016,24524109483.5293
NY.GDP.MKTP.CD,NP,2015,24360801286.7638
NY.GDP.MKTP.CD,NP,2014,22731612922.1906
NY.GDP.MKTP.CD,NP,2013,22162204924.5726
NY.GDP.MKTP.CD,NP,2012,21703100877.1309
NY.GDP.MKTP.CD,NP,2011,21573872420.7008
NY.GDP.MKTP.CD,NP,2010,16002656434.4746
NY.GDP.MKTP.CD,NP,2009,12854985464.0764
NY.GDP.MKTP.CD,NP,2008,12545438605.3959
NY.GDP.MKTP.CD,NP,2007,10325618017.379
NY.GDP.MKTP.CD,NP,2006,9043715355.8881
NY.GDP.MKTP.CD,NP,2005,8130258377.90964
NY.GDP.MKTP.CD,NP,2004,7273938314.71988
NY.GDP.MKTP.CD,NP,2003,6330473096.54071
NY.GDP.MKTP.CD,NP,2002,6050875806.66403
NY.GDP.MKTP.CD,NP,2001,6007055042.17687
NY.GDP.MKTP.CD,NP,2000,5494252207.90502
NY.GDP.MKTP.CD,NP,1999,5033642384.10596
NY.GDP.MKTP.CD,NP,1998,4856255044.39064
NY.GDP.MKTP.CD,NP,1997,4918691916.53516
NY.GDP.MKTP.CD,NP,1996,4521580381.47139
NY.GDP.MKTP.CD,NP,1995,4401104417.67068
NY.GDP.MKTP.CD,PK,2023,338368455317.876
NY.GDP.MKTP.CD,PK,2022,374787958882.308
NY.GDP.MKTP.CD,PK,2021,348516647445.148
NY.GDP.MKTP.CD,PK,2020,300425609817.981
NY.GDP.MKTP.CD,PK,2019,320909472770.669
NY.GDP.MKTP.CD,PK,2018,356128166704.921
NY.GDP.MKTP.CD,PK,2017,339205534861.1
NY.GDP.MKTP.CD,PK,2016,313630000130.435
NY.GDP.MKTP.CD,PK,2015,299963590534.773
NY.GDP.MKTP.CD,PK,2014,271390474857.632
NY.GDP.MKTP.CD,PK,2013,258657231672.412
NY.GDP.MKTP.CD,PK,2012,250106966104.704
NY.GDP.MKTP.CD,PK,2011,230586581059.665
NY.GDP.MKTP.CD,PK,2010,196709621849.586
NY.GDP.MKTP.CD,PK,2009,187337783856.466
NY.GDP.MKTP.CD,PK,2008,202203748583.854
NY.GDP.MKTP.CD,PK,2007,184140869997.46
NY.GDP.MKTP.CD,PK,2006,161871385506.36
NY.GDP.MKTP.CD,PK,2005,145208562960.767
NY.GDP.MKTP.CD,PK,2004,132216048339.413
NY.GDP.MKTP.CD,PK,2003,112371913740.823
NY.GDP.MKTP.CD,PK,2002,97923302809.3537
NY.GDP.MKTP.CD,PK,2001,97145618479.9038
NY.GDP.MKTP.CD,PK,2000,99484802344.5277
NY.GDP.MKTP.CD,PK,1999,62973857068.5113
NY.GDP.MKTP.CD,PK,1998,62191955814.3478
NY.GDP.MKTP.CD,PK,1997,62433340468.0228
NY.GDP.MKTP.CD,PK,1996,63320170084.4076
NY.GDP.MKTP.CD,PK,1995,60636071684.1918
NY.GDP.MKTP.CD,PH,2023,437146372729.942
NY.GDP.MKTP.CD,PH,2022,404353369604.631
NY.GDP.MKTP.CD,PH,2021,394087359848.11
NY.GDP.MKTP.CD,PH,2020,361751145451.597
NY.GDP.MKTP.CD,PH,2019,376823402244.928
NY.GDP.MKTP.CD,PH,2018,346841896583.515
NY.GDP.MKTP.CD,PH,2017,328480736798.792
NY.GDP.MKTP.CD,PH,2016,318627003012.52
NY.GDP.MKTP.CD,PH,2015,306445871246.718
NY.GDP.MKTP.CD,PH,2014,297483555344.802
NY.GDP.MKTP.CD,PH,2013,283902828581.65
NY.GDP.MKTP.CD,PH,2012,261920540972.102
NY.GDP.MKTP.CD,PH,2011,234216730295.938
NY.GDP.MKTP.CD,PH,2010,208368893151.144
NY.GDP.MKTP.CD,PH,2009,175974755881.372
NY.GDP.MKTP.CD,PH,2008,181624626327.361
NY.GDP.MKTP.CD,PH,2007,155980408673.403
NY.GDP.MKTP.CD,PH,2006,127652926368.069
NY.GDP.MKTP.CD,PH,2005,107419977318.166
NY.GDP.MKTP.CD,PH,2004,95001999685.3314
NY.GDP.MKTP.CD,PH,2003,87039092974.2272
NY.GDP.MKTP.CD,PH,2002,84307345887.543
NY.GDP.MKTP.CD,PH,2001,78921234457.5487
NY.GDP.MKTP.CD,PH,2000,83669788254.7279
NY.GDP.MKTP.CD,PH,1999,85640171045.1254
NY.GDP.MKTP.CD,PH,1998,74492416329.9142
NY.GDP.MKTP.CD,PH,1997,94106317565.0846
NY.GDP.MKTP.CD,PH,1996,94648084429.0341
NY.GDP.MKTP.CD,PH,1995,84644328727.4825
NY.GDP.MKTP.CD,PG,2023,30932496249.7917
NY.GDP.MKTP.CD,PG,2022,31603619036.6338
NY.GDP.MKTP.CD,PG,2021,26113333240.2333
NY.GDP.MKTP.CD,PG,2020,23848445103.9227
NY.GDP.MKTP.CD,PG,2019,24751066910.5409
NY.GDP.MKTP.CD,PG,2018,24109780708.0268
NY.GDP.MKTP.CD,PG,2017,22742699138.356
NY.GDP.MKTP.CD,PG,2016,20758876952.6232
NY.GDP.MKTP.CD,PG,2015,21723437010.0982
NY.GDP.MKTP.CD,PG,2014,23210823987.308
NY.GDP.MKTP.CD,PG,2013,21261338064.8783
NY.GDP.MKTP.CD,PG,2012,21295168665.7247
NY.GDP.MKTP.CD,PG,2011,17985138065.8549
NY.GDP.MKTP.CD,PG,2010,14250786674.7766
NY.GDP.MKTP.CD,PG,2009,11619456449.266
NY.GDP.MKTP.CD,PG,2008,11670892800.5309
NY.GDP.MKTP.CD,PG,2007,9545028944.34579
NY.GDP.MKTP.CD,PG,2006,8354911040.70193
NY.GDP.MKTP.CD,PG,2005,4865892972.27595
NY.GDP.MKTP.CD,PG,2004,3927157866.96465
NY.GDP.MKTP.CD,PG,2003,3536411824.2958
NY.GDP.MKTP.CD,PG,2002,2999511040.19764
NY.GDP.MKTP.CD,PG,2001,3081024212.42924
NY.GDP.MKTP.CD,PG,2000,3521339699.07407
NY.GDP.MKTP.CD,PG,1999,3477038204.01733
NY.GDP.MKTP.CD,PG,1998,3789443014.61662
NY.GDP.MKTP.CD,PG,1997,4936615298.79367
NY.GDP.MKTP.CD,PG,1996,5155311077.38998
NY.GDP.MKTP.CD,PG,1995,4636057476.42568
NY.GDP.MKTP.CD,KP,2023,None
NY.GDP.MKTP.CD,KP,2022,None
NY.GDP.MKTP.CD,KP,2021,None
NY.GDP.MKTP.CD,KP,2020,None
NY.GDP.MKTP.CD,KP,2019,None
NY.GDP.MKTP.CD,KP,2018,None
NY.GDP.MKTP.CD,KP,2017,None
NY.GDP.MKTP.CD,KP,2016,None
NY.GDP.MKTP.CD,KP,2015,None
NY.GDP.MKTP.CD,KP,2014,None
NY.GDP.MKTP.CD,KP,2013,None
NY.GDP.MKTP.CD,KP,2012,None
NY.GDP.MKTP.CD,KP,2011,None
NY.GDP.MKTP.CD,KP,2010,None
NY.GDP.MKTP.CD,KP,2009,None
NY.GDP.MKTP.CD,KP,2008,None
NY.GDP.MKTP.CD,KP,2007,None
NY.GDP.MKTP.CD,KP,2006,None
NY.GDP.MKTP.CD,KP,2005,None
NY.GDP.MKTP.CD,KP,2004,None
NY.GDP.MKTP.CD,KP,2003,None
NY.GDP.MKTP.CD,KP,2002,None
NY.GDP.MKTP.CD,KP,2001,None
NY.GDP.MKTP.CD,KP,2000,None
NY.GDP.MKTP.CD,KP,1999,None
NY.GDP.MKTP.CD,KP,1998,None
NY.GDP.MKTP.CD,KP,1997,None
NY.GDP.MKTP.CD,KP,1996,None
NY.GDP.MKTP.CD,KP,1995,None
NY.GDP.MKTP.CD,PS,2023,17396300000
NY.GDP.MKTP.CD,PS,2022,19165500000
NY.GDP.MKTP.CD,PS,2021,18109000000
NY.GDP.MKTP.CD,PS,2020,15531700000
NY.GDP.MKTP.CD,PS,2019,17133500000
NY.GDP.MKTP.CD,PS,2018,16276600000
NY.GDP.MKTP.CD,PS,2017,16128000000
NY.GDP.MKTP.CD,PS,2016,15405400000
NY.GDP.MKTP.CD,PS,2015,13972400000
NY.GDP.MKTP.CD,PS,2014,13989700000
NY.GDP.MKTP.CD,PS,2013,13515500000
NY.GDP.MKTP.CD,PS,2012,12208400000
NY.GDP.MKTP.CD,PS,2011,11186100000
NY.GDP.MKTP.CD,PS,2010,9681500000
NY.GDP.MKTP.CD,PS,2009,8085700000
NY.GDP.MKTP.CD,PS,2008,7310400000
NY.GDP.MKTP.CD,PS,2007,5815700000
NY.GDP.MKTP.CD,PS,2006,5348300000
NY.GDP.MKTP.CD,PS,2005,5125700000
NY.GDP.MKTP.CD,PS,2004,4603100000
NY.GDP.MKTP.CD,PS,2003,3968000000
NY.GDP.MKTP.CD,PS,2002,3555800000
NY.GDP.MKTP.CD,PS,2001,4003700000
NY.GDP.MKTP.CD,PS,2000,4313600000
NY.GDP.MKTP.CD,PS,1999,4271200000
NY.GDP.MKTP.CD,PS,1998,4067800000
NY.GDP.MKTP.CD,PS,1997,3759800000
NY.GDP.MKTP.CD,PS,1996,3409600000
NY.GDP.MKTP.CD,PS,1995,3282800000
NY.GDP.MKTP.CD,RW,2023,14097768647.6695
NY.GDP.MKTP.CD,RW,2022,13316160803.5187
NY.GDP.MKTP.CD,RW,2021,11069280277.007
NY.GDP.MKTP.CD,RW,2020,10174387614.2558
NY.GDP.MKTP.CD,RW,2019,10349299855.8404
NY.GDP.MKTP.CD,RW,2018,9637904552.51428
NY.GDP.MKTP.CD,RW,2017,9252834120.39358
NY.GDP.MKTP.CD,RW,2016,8695272095.38502
NY.GDP.MKTP.CD,RW,2015,8543759088.57783
NY.GDP.MKTP.CD,RW,2014,8238966247.18033
NY.GDP.MKTP.CD,RW,2013,7819963627.14108
NY.GDP.MKTP.CD,RW,2012,7654762344.67766
NY.GDP.MKTP.CD,RW,2011,6884912956.96448
NY.GDP.MKTP.CD,RW,2010,6124756894.20677
NY.GDP.MKTP.CD,RW,2009,5674476707.22229
NY.GDP.MKTP.CD,RW,2008,5179853220.82689
NY.GDP.MKTP.CD,RW,2007,4070508542.75032
NY.GDP.MKTP.CD,RW,2006,3319783951.83124
NY.GDP.MKTP.CD,RW,2005,2933819820.13637
NY.GDP.MKTP.CD,RW,2004,2376495586.62323
NY.GDP.MKTP.CD,RW,2003,2138237345.50967
NY.GDP.MKTP.CD,RW,2002,1966004242.63282
NY.GDP.MKTP.CD,RW,2001,1966600292.24011
NY.GDP.MKTP.CD,RW,2000,2068837212.16681
NY.GDP.MKTP.CD,RW,1999,2157108766.52496
NY.GDP.MKTP.CD,RW,1998,1989343546.17594
NY.GDP.MKTP.CD,RW,1997,1851558197.31088
NY.GDP.MKTP.CD,RW,1996,1382334879.40812
NY.GDP.MKTP.CD,RW,1995,1293535193.49248
NY.GDP.MKTP.CD,SD,2023,109327023588.732
NY.GDP.MKTP.CD,SD,2022,51666875363.0963
NY.GDP.MKTP.CD,SD,2021,34229513774.9936
NY.GDP.MKTP.CD,SD,2020,27034593750
NY.GDP.MKTP.CD,SD,2019,32338079165.2893
NY.GDP.MKTP.CD,SD,2018,32333780383.2924
NY.GDP.MKTP.CD,SD,2017,41283617976.1905
NY.GDP.MKTP.CD,SD,2016,42630376000
NY.GDP.MKTP.CD,SD,2015,51726758676.7677
NY.GDP.MKTP.CD,SD,2014,49516748617.9775
NY.GDP.MKTP.CD,SD,2013,43024018082.1918
NY.GDP.MKTP.CD,SD,2012,37632919966.6667
NY.GDP.MKTP.CD,SD,2011,55018567210.5263
NY.GDP.MKTP.CD,SD,2010,58962978034.4828
NY.GDP.MKTP.CD,SD,2009,51621044076.9231
NY.GDP.MKTP.CD,SD,2008,64833083257.1431
NY.GDP.MKTP.CD,SD,2007,59440139774.8128
NY.GDP.MKTP.CD,SD,2006,45263831634.1497
NY.GDP.MKTP.CD,SD,2005,35182711987.974
NY.GDP.MKTP.CD,SD,2004,26646007250.7319
NY.GDP.MKTP.CD,SD,2003,21355298459.5955
NY.GDP.MKTP.CD,SD,2002,18137128388.3606
NY.GDP.MKTP.CD,SD,2001,15716361792.1926
NY.GDP.MKTP.CD,SD,2000,12257299147.2936
NY.GDP.MKTP.CD,SD,1999,10682028339.6898
NY.GDP.MKTP.CD,SD,1998,11250221536.7484
NY.GDP.MKTP.CD,SD,1997,11681175864.3383
NY.GDP.MKTP.CD,SD,1996,9018300724.66086
NY.GDP.MKTP.CD,SD,1995,13830363899.9163
NY.GDP.MKTP.CD,SN,2023,31013986429.1861
NY.GDP.MKTP.CD,SN,2022,27619479059.6131
NY.GDP.MKTP.CD,SN,2021,27520784129.7508
NY.GDP.MKTP.CD,SN,2020,24530513037.7518
NY.GDP.MKTP.CD,SN,2019,23403995992.1354
NY.GDP.MKTP.CD,SN,2018,23116701556.1381
NY.GDP.MKTP.CD,SN,2017,20996562943.5979
NY.GDP.MKTP.CD,SN,2016,19040312333.1864
NY.GDP.MKTP.CD,SN,2015,17774766696.1759
NY.GDP.MKTP.CD,SN,2014,19797253440.2679
NY.GDP.MKTP.CD,SN,2013,18918667724.8817
NY.GDP.MKTP.CD,SN,2012,17660870411.5235
NY.GDP.MKTP.CD,SN,2011,17814283639.3119
NY.GDP.MKTP.CD,SN,2010,16121315909.0758
NY.GDP.MKTP.CD,SN,2009,16145867494.9405
NY.GDP.MKTP.CD,SN,2008,16853989627.548
NY.GDP.MKTP.CD,SN,2007,13994218412.9619
NY.GDP.MKTP.CD,SN,2006,11697918243.0035
NY.GDP.MKTP.CD,SN,2005,11009033437.939
NY.GDP.MKTP.CD,SN,2004,10076816666.6196
NY.GDP.MKTP.CD,SN,2003,8768721563.18211
NY.GDP.MKTP.CD,SN,2002,7006402319.75856
NY.GDP.MKTP.CD,SN,2001,6507824829.26254
NY.GDP.MKTP.CD,SN,2000,6013185003.97525
NY.GDP.MKTP.CD,SN,1999,6592834932.80876
NY.GDP.MKTP.CD,SN,1998,6505607909.05324
NY.GDP.MKTP.CD,SN,1997,6041478725.90443
NY.GDP.MKTP.CD,SN,1996,6559712165.96508
NY.GDP.MKTP.CD,SN,1995,6326342633.4034
NY.GDP.MKTP.CD,SB,2023,1631286701.11516
NY.GDP.MKTP.CD,SB,2022,1566360686.10632
NY.GDP.MKTP.CD,SB,2021,1522794913.0914
NY.GDP.MKTP.CD,SB,2020,1536145814.17007
NY.GDP.MKTP.CD,SB,2019,1619155017.3924
NY.GDP.MKTP.CD,SB,2018,1615478393.28614
NY.GDP.MKTP.CD,SB,2017,1469789119.08756
NY.GDP.MKTP.CD,SB,2016,1379490304.2254
NY.GDP.MKTP.CD,SB,2015,1307909887.55212
NY.GDP.MKTP.CD,SB,2014,1335571420.72676
NY.GDP.MKTP.CD,SB,2013,1285911586.132
NY.GDP.MKTP.CD,SB,2012,1185215418.25562
NY.GDP.MKTP.CD,SB,2011,1063895360.69907
NY.GDP.MKTP.CD,SB,2010,898133684.898793
NY.GDP.MKTP.CD,SB,2009,805557562.580059
NY.GDP.MKTP.CD,SB,2008,776337691.795098
NY.GDP.MKTP.CD,SB,2007,695295347.621537
NY.GDP.MKTP.CD,SB,2006,617258154.260133
NY.GDP.MKTP.CD,SB,2005,552864570.225819
NY.GDP.MKTP.CD,SB,2004,468005318.551977
NY.GDP.MKTP.CD,SB,2003,417668983.408349
NY.GDP.MKTP.CD,SB,2002,346406738.885237
NY.GDP.MKTP.CD,SB,2001,409508552.979972
NY.GDP.MKTP.CD,SB,2000,419842674.227652
NY.GDP.MKTP.CD,SB,1999,488024514.369359
NY.GDP.MKTP.CD,SB,1998,457579840.225066
NY.GDP.MKTP.CD,SB,1997,526554005.954357
NY.GDP.MKTP.CD,SB,1996,510586430.190127
NY.GDP.MKTP.CD,SB,1995,469443201.503274
NY.GDP.MKTP.CD,SL,2023,3809832236.95959
NY.GDP.MKTP.CD,SL,2022,4094563859.43556
NY.GDP.MKTP.CD,SL,2021,4249234704.01866
NY.GDP.MKTP.CD,SL,2020,4062906265.7332
NY.GDP.MKTP.CD,SL,2019,4076578698.79107
NY.GDP.MKTP.CD,SL,2018,4085114387.55605
NY.GDP.MKTP.CD,SL,2017,3719443418.26155
NY.GDP.MKTP.CD,SL,2016,3862721266.02162
NY.GDP.MKTP.CD,SL,2015,4252029353.82191
NY.GDP.MKTP.CD,SL,2014,5015180725.3416
NY.GDP.MKTP.CD,SL,2013,4920343316.87093
NY.GDP.MKTP.CD,SL,2012,3789251613.36066
NY.GDP.MKTP.CD,SL,2011,2932274309.3957
NY.GDP.MKTP.CD,SL,2010,2578159803.94597
NY.GDP.MKTP.CD,SL,2009,2419014960.19967
NY.GDP.MKTP.CD,SL,2008,2451896435.20157
NY.GDP.MKTP.CD,SL,2007,2126679543.58623
NY.GDP.MKTP.CD,SL,2006,1862116290.541
NY.GDP.MKTP.CD,SL,2005,1627058424.93809
NY.GDP.MKTP.CD,SL,2004,1430217080.66487
NY.GDP.MKTP.CD,SL,2003,1369685676.56203
NY.GDP.MKTP.CD,SL,2002,1236235826.58409
NY.GDP.MKTP.CD,SL,2001,1074851475.17873
NY.GDP.MKTP.CD,SL,2000,635874002.198748
NY.GDP.MKTP.CD,SL,1999,669384768.87263
NY.GDP.MKTP.CD,SL,1998,672375927.347148
NY.GDP.MKTP.CD,SL,1997,850218033.622007
NY.GDP.MKTP.CD,SL,1996,941742152.709895
NY.GDP.MKTP.CD,SL,1995,870758739.40678
NY.GDP.MKTP.CD,SO,2023,11679800110.1523
NY.GDP.MKTP.CD,SO,2022,10419541202.0391
NY.GDP.MKTP.CD,SO,2021,9838711529.45848
NY.GDP.MKTP.CD,SO,2020,9204140383.17612
NY.GDP.MKTP.CD,SO,2019,9420431258.24747
NY.GDP.MKTP.CD,SO,2018,8278212314.40466
NY.GDP.MKTP.CD,SO,2017,8252394373.29698
NY.GDP.MKTP.CD,SO,2016,7390796616.52817
NY.GDP.MKTP.CD,SO,2015,6984947145.09508
NY.GDP.MKTP.CD,SO,2014,6537360532.64359
NY.GDP.MKTP.CD,SO,2013,5836021227.47597
NY.GDP.MKTP.CD,SO,2012,4041702388.86633
NY.GDP.MKTP.CD,SO,2011,2906000096.93249
NY.GDP.MKTP.CD,SO,2010,2687807003.73935
NY.GDP.MKTP.CD,SO,2009,2948594552.44952
NY.GDP.MKTP.CD,SO,2008,5913620292.90573
NY.GDP.MKTP.CD,SO,2007,5430713728.89074
NY.GDP.MKTP.CD,SO,2006,5026743282.04251
NY.GDP.MKTP.CD,SO,2005,4683246454.10048
NY.GDP.MKTP.CD,SO,2004,3859592813.10255
NY.GDP.MKTP.CD,SO,2003,2836724351.5616
NY.GDP.MKTP.CD,SO,2002,2192684134.59273
NY.GDP.MKTP.CD,SO,2001,2252847464.68608
NY.GDP.MKTP.CD,SO,2000,3412797450.20112
NY.GDP.MKTP.CD,SO,1999,3045751527.66005
NY.GDP.MKTP.CD,SO,1998,2962047564.41651
NY.GDP.MKTP.CD,SO,1997,2191749013.58124
NY.GDP.MKTP.CD,SO,1996,1792234297.39194
NY.GDP.MKTP.CD,SO,1995,1534756134.55022
NY.GDP.MKTP.CD,SS,2023,None
NY.GDP.MKTP.CD,SS,2022,None
NY.GDP.MKTP.CD,SS,2021,None
NY.GDP.MKTP.CD,SS,2020,None
NY.GDP.MKTP.CD,SS,2019,None
NY.GDP.MKTP.CD,SS,2018,None
NY.GDP.MKTP.CD,SS,2017,None
NY.GDP.MKTP.CD,SS,2016,None
NY.GDP.MKTP.CD,SS,2015,11997800760.2242
NY.GDP.MKTP.CD,SS,2014,13962212847.4576
NY.GDP.MKTP.CD,SS,2013,18426469016.9492
NY.GDP.MKTP.CD,SS,2012,11931472169.4915
NY.GDP.MKTP.CD,SS,2011,14907308932.7534
NY.GDP.MKTP.CD,SS,2010,14602072410.9506
NY.GDP.MKTP.CD,SS,2009,12231264525.0671
NY.GDP.MKTP.CD,SS,2008,14586253383.0632
NY.GDP.MKTP.CD,SS,2007,None
NY.GDP.MKTP.CD,SS,2006,None
NY.GDP.MKTP.CD,SS,2005,None
NY.GDP.MKTP.CD,SS,2004,None
NY.GDP.MKTP.CD,SS,2003,None
NY.GDP.MKTP.CD,SS,2002,None
NY.GDP.MKTP.CD,SS,2001,None
NY.GDP.MKTP.CD,SS,2000,None
NY.GDP.MKTP.CD,SS,1999,None
NY.GDP.MKTP.CD,SS,1998,None
NY.GDP.MKTP.CD,SS,1997,None
NY.GDP.MKTP.CD,SS,1996,None
NY.GDP.MKTP.CD,SS,1995,None
NY.GDP.MKTP.CD,ST,2023,603240748.954207
NY.GDP.MKTP.CD,ST,2022,542686976.457587
NY.GDP.MKTP.CD,ST,2021,524402450.755612
NY.GDP.MKTP.CD,ST,2020,471229484.607144
NY.GDP.MKTP.CD,ST,2019,412976064.479214
NY.GDP.MKTP.CD,ST,2018,383717327.830508
NY.GDP.MKTP.CD,ST,2017,322002845.229335
NY.GDP.MKTP.CD,ST,2016,292267272.196925
NY.GDP.MKTP.CD,ST,2015,259999643.047388
NY.GDP.MKTP.CD,ST,2014,293119143.246825
NY.GDP.MKTP.CD,ST,2013,267041747.584354
NY.GDP.MKTP.CD,ST,2012,229371348.202606
NY.GDP.MKTP.CD,ST,2011,226455001.243083
NY.GDP.MKTP.CD,ST,2010,190021192.489536
NY.GDP.MKTP.CD,ST,2009,200668065.03175
NY.GDP.MKTP.CD,ST,2008,188021165.00338
NY.GDP.MKTP.CD,ST,2007,149146918.888611
NY.GDP.MKTP.CD,ST,2006,142775104.081626
NY.GDP.MKTP.CD,ST,2005,136450662.390592
NY.GDP.MKTP.CD,ST,2004,114582283.916382
NY.GDP.MKTP.CD,ST,2003,102085769.123419
NY.GDP.MKTP.CD,ST,2002,85171073.8777498
NY.GDP.MKTP.CD,ST,2001,75951133.3777948
NY.GDP.MKTP.CD,ST,2000,76198394.8202671
NY.GDP.MKTP.CD,ST,1999,77302211.9248351
NY.GDP.MKTP.CD,ST,1998,72285403.8423458
NY.GDP.MKTP.CD,ST,1997,91920274.2401657
NY.GDP.MKTP.CD,ST,1996,135188165.74708
NY.GDP.MKTP.CD,ST,1995,103695236.781001
NY.GDP.MKTP.CD,SZ,2023,4597855845.04276
NY.GDP.MKTP.CD,SZ,2022,4790922788.70864
NY.GDP.MKTP.CD,SZ,2021,4850842540.99267
NY.GDP.MKTP.CD,SZ,2020,3982236693.8316
NY.GDP.MKTP.CD,SZ,2019,4495267265.76464
NY.GDP.MKTP.CD,SZ,2018,4666598024.18411
NY.GDP.MKTP.CD,SZ,2017,4402969225.92165
NY.GDP.MKTP.CD,SZ,2016,3816019193.16561
NY.GDP.MKTP.CD,SZ,2015,4063245671.29285
NY.GDP.MKTP.CD,SZ,2014,4422986271.74767
NY.GDP.MKTP.CD,SZ,2013,4597552981.56738
NY.GDP.MKTP.CD,SZ,2012,4886551483.93374
NY.GDP.MKTP.CD,SZ,2011,4820478680.18375
NY.GDP.MKTP.CD,SZ,2010,4438765085.93784
NY.GDP.MKTP.CD,SZ,2009,3580428052.81393
NY.GDP.MKTP.CD,SZ,2008,3294084314.15058
NY.GDP.MKTP.CD,SZ,2007,3469381231.49049
NY.GDP.MKTP.CD,SZ,2006,3291330019.17287
NY.GDP.MKTP.CD,SZ,2005,3178112498.67911
NY.GDP.MKTP.CD,SZ,2004,2770082791.50412
NY.GDP.MKTP.CD,SZ,2003,2197598466.25447
NY.GDP.MKTP.CD,SZ,2002,1432221739.12342
NY.GDP.MKTP.CD,SZ,2001,1542477308.89408
NY.GDP.MKTP.CD,SZ,2000,1738093840.36607
NY.GDP.MKTP.CD,SZ,1999,1547888495.98428
NY.GDP.MKTP.CD,SZ,1998,1576908856.34674
NY.GDP.MKTP.CD,SZ,1997,1716714070.12471
NY.GDP.MKTP.CD,SZ,1996,1602741833.70552
NY.GDP.MKTP.CD,SZ,1995,1698989463.99106
NY.GDP.MKTP.CD,SY,2023,None
NY.GDP.MKTP.CD,SY,2022,None
NY.GDP.MKTP.CD,SY,2021,8980060818.72145
NY.GDP.MKTP.CD,SY,2020,11155888304.0023
NY.GDP.MKTP.CD,SY,2019,22583045052.56
NY.GDP.MKTP.CD,SY,2018,21497782880.7488
NY.GDP.MKTP.CD,SY,2017,16369843341.3865
NY.GDP.MKTP.CD,SY,2016,12597854884.462
NY.GDP.MKTP.CD,SY,2015,16466863097.2125
NY.GDP.MKTP.CD,SY,2014,21502061462.2122
NY.GDP.MKTP.CD,SY,2013,21361254647.9904
NY.GDP.MKTP.CD,SY,2012,43190317724.7088
NY.GDP.MKTP.CD,SY,2011,67539427670.9958
NY.GDP.MKTP.CD,SY,2010,61390831317.8635
NY.GDP.MKTP.CD,SY,2009,54111735241.5414
NY.GDP.MKTP.CD,SY,2008,52557913192.8669
NY.GDP.MKTP.CD,SY,2007,40465318382.0585
NY.GDP.MKTP.CD,SY,2006,33751788856.305
NY.GDP.MKTP.CD,SY,2005,28858965517.2414
NY.GDP.MKTP.CD,SY,2004,25086950495.0495
NY.GDP.MKTP.CD,SY,2003,21828144686.0394
NY.GDP.MKTP.CD,SY,2002,20669357462.3831
NY.GDP.MKTP.CD,SY,2001,20237024724.7039
NY.GDP.MKTP.CD,SY,2000,18937052543.4373
NY.GDP.MKTP.CD,SY,1999,15873875968.9922
NY.GDP.MKTP.CD,SY,1998,15200846153.8462
NY.GDP.MKTP.CD,SY,1997,14505233463.035
NY.GDP.MKTP.CD,SY,1996,13789560878.2435
NY.GDP.MKTP.CD,SY,1995,11396706586.8263
NY.GDP.MKTP.CD,TD,2023,13149325358.7383
NY.GDP.MKTP.CD,TD,2022,12396807590.173
NY.GDP.MKTP.CD,TD,2021,11779981332.16
NY.GDP.MKTP.CD,TD,2020,10715396042.3343
NY.GDP.MKTP.CD,TD,2019,11314951091.7283
NY.GDP.MKTP.CD,TD,2018,11239167898.3395
NY.GDP.MKTP.CD,TD,2017,10000394381.0177
NY.GDP.MKTP.CD,TD,2016,10097778098.1707
NY.GDP.MKTP.CD,TD,2015,10950392256.9543
NY.GDP.MKTP.CD,TD,2014,13940767218.5849
NY.GDP.MKTP.CD,TD,2013,12953534866.4286
NY.GDP.MKTP.CD,TD,2012,12367362757.1342
NY.GDP.MKTP.CD,TD,2011,12172308851.0395
NY.GDP.MKTP.CD,TD,2010,10668103554.1192
NY.GDP.MKTP.CD,TD,2009,9290728318.98821
NY.GDP.MKTP.CD,TD,2008,10393833765.3651
NY.GDP.MKTP.CD,TD,2007,8650137743.32547
NY.GDP.MKTP.CD,TD,2006,7428701453.91509
NY.GDP.MKTP.CD,TD,2005,6649307523.64377
NY.GDP.MKTP.CD,TD,2004,4422855660.82592
NY.GDP.MKTP.CD,TD,2003,2742815071.5744
NY.GDP.MKTP.CD,TD,2002,1997005708.81576
NY.GDP.MKTP.CD,TD,2001,1710843377.00119
NY.GDP.MKTP.CD,TD,2000,1388506771.58756
NY.GDP.MKTP.CD,TD,1999,1534673583.2487
NY.GDP.MKTP.CD,TD,1998,1744794531.21401
NY.GDP.MKTP.CD,TD,1997,1544689576.92712
NY.GDP.MKTP.CD,TD,1996,1607345355.78298
NY.GDP.MKTP.CD,TD,1995,1445919894.57661
NY.GDP.MKTP.CD,TG,2023,9171261835.06264
NY.GDP.MKTP.CD,TG,2022,8169476148.95692
NY.GDP.MKTP.CD,TG,2021,8342243645.94438
NY.GDP.MKTP.CD,TG,2020,7400284167.78479
NY.GDP.MKTP.CD,TG,2019,6992700101.37188
NY.GDP.MKTP.CD,TG,2018,7029300383.08031
NY.GDP.MKTP.CD,TG,2017,6387422517.69225
NY.GDP.MKTP.CD,TG,2016,6071170959.12093
NY.GDP.MKTP.CD,TG,2015,5755461035.44333
NY.GDP.MKTP.CD,TG,2014,6393318261.86007
NY.GDP.MKTP.CD,TG,2013,6021732977.26811
NY.GDP.MKTP.CD,TG,2012,5413544658.5045
NY.GDP.MKTP.CD,TG,2011,5422442166.41062
NY.GDP.MKTP.CD,TG,2010,4746389531.71369
NY.GDP.MKTP.CD,TG,2009,4721890900.13889
NY.GDP.MKTP.CD,TG,2008,4578849658.06066
NY.GDP.MKTP.CD,TG,2007,3759964943.40568
NY.GDP.MKTP.CD,TG,2006,3320907721.81095
NY.GDP.MKTP.CD,TG,2005,3221910408.43007
NY.GDP.MKTP.CD,TG,2004,3191561508.73414
NY.GDP.MKTP.CD,TG,2003,2987984050.94186
NY.GDP.MKTP.CD,TG,2002,2410199032.43261
NY.GDP.MKTP.CD,TG,2001,2093498674.44312
NY.GDP.MKTP.CD,TG,2000,2106848752.25468
NY.GDP.MKTP.CD,TG,1999,2226577203.96429
NY.GDP.MKTP.CD,TG,1998,2241650112.2529
NY.GDP.MKTP.CD,TG,1997,2116818622.89851
NY.GDP.MKTP.CD,TG,1996,2069506014.5337
NY.GDP.MKTP.CD,TG,1995,1849110468.20595
NY.GDP.MKTP.CD,TJ,2023,12060602008.8478
NY.GDP.MKTP.CD,TJ,2022,10713525200.3998
NY.GDP.MKTP.CD,TJ,2021,8937805347.13963
NY.GDP.MKTP.CD,TJ,2020,8133963550.65742
NY.GDP.MKTP.CD,TJ,2019,8300813599.3084
NY.GDP.MKTP.CD,TJ,2018,7764999999.45362
NY.GDP.MKTP.CD,TJ,2017,7536402852.85802
NY.GDP.MKTP.CD,TJ,2016,6992416096.89018
NY.GDP.MKTP.CD,TJ,2015,8271431485.07484
NY.GDP.MKTP.CD,TJ,2014,9112605459.32845
NY.GDP.MKTP.CD,TJ,2013,8448411318.25417
NY.GDP.MKTP.CD,TJ,2012,7633036903.07634
NY.GDP.MKTP.CD,TJ,2011,6522756255.012
NY.GDP.MKTP.CD,TJ,2010,5642221099.17704
NY.GDP.MKTP.CD,TJ,2009,4979472364.4534
NY.GDP.MKTP.CD,TJ,2008,5161299725.27673
NY.GDP.MKTP.CD,TJ,2007,3719524540.86193
NY.GDP.MKTP.CD,TJ,2006,2830213848.6203
NY.GDP.MKTP.CD,TJ,2005,2312352020.6689
NY.GDP.MKTP.CD,TJ,2004,2076176869.41089
NY.GDP.MKTP.CD,TJ,2003,1555318261.4172
NY.GDP.MKTP.CD,TJ,2002,1221106220.2868
NY.GDP.MKTP.CD,TJ,2001,1080772551.29433
NY.GDP.MKTP.CD,TJ,2000,860541842.263697
NY.GDP.MKTP.CD,TJ,1999,1086612290.27171
NY.GDP.MKTP.CD,TJ,1998,1320199581.52261
NY.GDP.MKTP.CD,TJ,1997,921518032.909326
NY.GDP.MKTP.CD,TJ,1996,1043654822.33503
NY.GDP.MKTP.CD,TJ,1995,1231561860.39946
NY.GDP.MKTP.CD,TL,2023,2243142908.46161
NY.GDP.MKTP.CD,TL,2022,3204753000
NY.GDP.MKTP.CD,TL,2021,3621958000
NY.GDP.MKTP.CD,TL,2020,2162619200
NY.GDP.MKTP.CD,TL,2019,2027034000
NY.GDP.MKTP.CD,TL,2018,1566157200
NY.GDP.MKTP.CD,TL,2017,1598208400
NY.GDP.MKTP.CD,TL,2016,1652603700
NY.GDP.MKTP.CD,TL,2015,1595205100
NY.GDP.MKTP.CD,TL,2014,1447535200
NY.GDP.MKTP.CD,TL,2013,1395727400
NY.GDP.MKTP.CD,TL,2012,1160555000
NY.GDP.MKTP.CD,TL,2011,1042534600
NY.GDP.MKTP.CD,TL,2010,881909300
NY.GDP.MKTP.CD,TL,2009,726937800
NY.GDP.MKTP.CD,TL,2008,648523600
NY.GDP.MKTP.CD,TL,2007,542795400
NY.GDP.MKTP.CD,TL,2006,453792400
NY.GDP.MKTP.CD,TL,2005,462268000
NY.GDP.MKTP.CD,TL,2004,440772000
NY.GDP.MKTP.CD,TL,2003,490439100
NY.GDP.MKTP.CD,TL,2002,469455500
NY.GDP.MKTP.CD,TL,2001,477443500
NY.GDP.MKTP.CD,TL,2000,366924300
NY.GDP.MKTP.CD,TL,1999,225357600
NY.GDP.MKTP.CD,TL,1998,325729800
NY.GDP.MKTP.CD,TL,1997,319972700
NY.GDP.MKTP.CD,TL,1996,306956900
NY.GDP.MKTP.CD,TL,1995,262819900
NY.GDP.MKTP.CD,TN,2023,48529595416.6533
NY.GDP.MKTP.CD,TN,2022,44579761022.8993
NY.GDP.MKTP.CD,TN,2021,46812290143.344
NY.GDP.MKTP.CD,TN,2020,42491816475.7118
NY.GDP.MKTP.CD,TN,2019,41905540184.424
NY.GDP.MKTP.CD,TN,2018,42686580020.8322
NY.GDP.MKTP.CD,TN,2017,42163530590.9462
NY.GDP.MKTP.CD,TN,2016,44360072680.4476
NY.GDP.MKTP.CD,TN,2015,45779494041.9295
NY.GDP.MKTP.CD,TN,2014,50271812920.612
NY.GDP.MKTP.CD,TN,2013,48685446413.953
NY.GDP.MKTP.CD,TN,2012,47311401812.6733
NY.GDP.MKTP.CD,TN,2011,48123325825.0739
NY.GDP.MKTP.CD,TN,2010,46206091937.9628
NY.GDP.MKTP.CD,TN,2009,43455740497.3061
NY.GDP.MKTP.CD,TN,2008,44859439902.2191
NY.GDP.MKTP.CD,TN,2007,38915353866.757
NY.GDP.MKTP.CD,TN,2006,34376664600.5898
NY.GDP.MKTP.CD,TN,2005,32272186694.8043
NY.GDP.MKTP.CD,TN,2004,31183885241.4396
NY.GDP.MKTP.CD,TN,2003,27453902261.4629
NY.GDP.MKTP.CD,TN,2002,23141616604.5242
NY.GDP.MKTP.CD,TN,2001,22065832448.8623
NY.GDP.MKTP.CD,TN,2000,21473528160.7782
NY.GDP.MKTP.CD,TN,1999,22943202174.9668
NY.GDP.MKTP.CD,TN,1998,21802893587.126
NY.GDP.MKTP.CD,TN,1997,20746210353.845
NY.GDP.MKTP.CD,TN,1996,19587161806.7655
NY.GDP.MKTP.CD,TN,1995,18030876599.3444
NY.GDP.MKTP.CD,TZ,2023,79158286333.524
NY.GDP.MKTP.CD,TZ,2022,75769974505.0106
NY.GDP.MKTP.CD,TZ,2021,70655628147.8986
NY.GDP.MKTP.CD,TZ,2020,66068737786.0639
NY.GDP.MKTP.CD,TZ,2019,61026731925.9213
NY.GDP.MKTP.CD,TZ,2018,57003712892.0858
NY.GDP.MKTP.CD,TZ,2017,53274884532.7886
NY.GDP.MKTP.CD,TZ,2016,49774409374.4538
NY.GDP.MKTP.CD,TZ,2015,47413919817.124
NY.GDP.MKTP.CD,TZ,2014,49986726460.6805
NY.GDP.MKTP.CD,TZ,2013,45648857242.315
NY.GDP.MKTP.CD,TZ,2012,39650394362.9287
NY.GDP.MKTP.CD,TZ,2011,34657140096.4836
NY.GDP.MKTP.CD,TZ,2010,32012892919.37
NY.GDP.MKTP.CD,TZ,2009,29400573553.6075
NY.GDP.MKTP.CD,TZ,2008,27947821397.9272
NY.GDP.MKTP.CD,TZ,2007,21860434823.4808
NY.GDP.MKTP.CD,TZ,2006,18619859795.2852
NY.GDP.MKTP.CD,TZ,2005,18395383647.4975
NY.GDP.MKTP.CD,TZ,2004,16673062473.3981
NY.GDP.MKTP.CD,TZ,2003,15211487708.7684
NY.GDP.MKTP.CD,TZ,2002,14129651895.6911
NY.GDP.MKTP.CD,TZ,2001,13563990022.3641
NY.GDP.MKTP.CD,TZ,2000,13371767081.7428
NY.GDP.MKTP.CD,TZ,1999,12704334195.8151
NY.GDP.MKTP.CD,TZ,1998,12172790056.3733
NY.GDP.MKTP.CD,TZ,1997,11158197941.9152
NY.GDP.MKTP.CD,TZ,1996,9433528150.36609
NY.GDP.MKTP.CD,TZ,1995,7631431840.49992
NY.GDP.MKTP.CD,UG,2023,49272882213.623
NY.GDP.MKTP.CD,UG,2022,45565333216.4142
NY.GDP.MKTP.CD,UG,2021,40529788744.0595
NY.GDP.MKTP.CD,UG,2020,37600368239.8824
NY.GDP.MKTP.CD,UG,2019,35348155095.4215
NY.GDP.MKTP.CD,UG,2018,32927025619.6795
NY.GDP.MKTP.CD,UG,2017,30744473841.424
NY.GDP.MKTP.CD,UG,2016,29203988696.2626
NY.GDP.MKTP.CD,UG,2015,32387183730.1002
NY.GDP.MKTP.CD,UG,2014,32612397257.4458
NY.GDP.MKTP.CD,UG,2013,28915786516.6123
NY.GDP.MKTP.CD,UG,2012,27305915910.7877
NY.GDP.MKTP.CD,UG,2011,27871725241.4723
NY.GDP.MKTP.CD,UG,2010,26673441430.7857
NY.GDP.MKTP.CD,UG,2009,25127805566.6584
NY.GDP.MKTP.CD,UG,2008,14440404132.2047
NY.GDP.MKTP.CD,UG,2007,11902564494.8833
NY.GDP.MKTP.CD,UG,2006,9977647682.96954
NY.GDP.MKTP.CD,UG,2005,9239221763.05793
NY.GDP.MKTP.CD,UG,2004,7939487547.77384
NY.GDP.MKTP.CD,UG,2003,6606884275.23087
NY.GDP.MKTP.CD,UG,2002,6178563591.12051
NY.GDP.MKTP.CD,UG,2001,5840503868.51573
NY.GDP.MKTP.CD,UG,2000,6193246837.09687
NY.GDP.MKTP.CD,UG,1999,5998563257.94659
NY.GDP.MKTP.CD,UG,1998,6584815846.52754
NY.GDP.MKTP.CD,UG,1997,6269333313.17108
NY.GDP.MKTP.CD,UG,1996,6044585326.938
NY.GDP.MKTP.CD,UG,1995,5755818842.49246
NY.GDP.MKTP.CD,UZ,2023,90889149306.7313
NY.GDP.MKTP.CD,UZ,2022,81140823252.4164
NY.GDP.MKTP.CD,UZ,2021,69600614987.3509
NY.GDP.MKTP.CD,UZ,2020,60224701296.7885
NY.GDP.MKTP.CD,UZ,2019,60283503705.3907
NY.GDP.MKTP.CD,UZ,2018,52870108214.6742
NY.GDP.MKTP.CD,UZ,2017,62081322740.0162
NY.GDP.MKTP.CD,UZ,2016,86138288644.171
NY.GDP.MKTP.CD,UZ,2015,86196264755.3105
NY.GDP.MKTP.CD,UZ,2014,80845385809.4529
NY.GDP.MKTP.CD,UZ,2013,73180037914.9104
NY.GDP.MKTP.CD,UZ,2012,67517349212.0609
NY.GDP.MKTP.CD,UZ,2011,60178909297.208
NY.GDP.MKTP.CD,UZ,2010,49765676402.4495
NY.GDP.MKTP.CD,UZ,2009,33689223673.2577
NY.GDP.MKTP.CD,UZ,2008,29549438883.8338
NY.GDP.MKTP.CD,UZ,2007,22311393927.8817
NY.GDP.MKTP.CD,UZ,2006,17330833852.919
NY.GDP.MKTP.CD,UZ,2005,14307509838.8053
NY.GDP.MKTP.CD,UZ,2004,12030023547.8807
NY.GDP.MKTP.CD,UZ,2003,10134453435.4603
NY.GDP.MKTP.CD,UZ,2002,9687788512.80184
NY.GDP.MKTP.CD,UZ,2001,11401421329.1974
NY.GDP.MKTP.CD,UZ,2000,13760513969.314
NY.GDP.MKTP.CD,UZ,1999,17078465982.0282
NY.GDP.MKTP.CD,UZ,1998,14988971210.8383
NY.GDP.MKTP.CD,UZ,1997,14744603773.5849
NY.GDP.MKTP.CD,UZ,1996,13948892215.5689
NY.GDP.MKTP.CD,UZ,1995,13350468917.4115
NY.GDP.MKTP.CD,VN,2023,429716969049.593
NY.GDP.MKTP.CD,VN,2022,410324028883.325
NY.GDP.MKTP.CD,VN,2021,366474752771.009
NY.GDP.MKTP.CD,VN,2020,346615738537.796
NY.GDP.MKTP.CD,VN,2019,334365270496.667
NY.GDP.MKTP.CD,VN,2018,310106478394.659
NY.GDP.MKTP.CD,VN,2017,281353605986.903
NY.GDP.MKTP.CD,VN,2016,257096001177.982
NY.GDP.MKTP.CD,VN,2015,239258328381.741
NY.GDP.MKTP.CD,VN,2014,233451469642.519
NY.GDP.MKTP.CD,VN,2013,213708811665.34
NY.GDP.MKTP.CD,VN,2012,195590661129.249
NY.GDP.MKTP.CD,VN,2011,172595049183.925
NY.GDP.MKTP.CD,VN,2010,147201173196.979
NY.GDP.MKTP.CD,VN,2009,106014659565.214
NY.GDP.MKTP.CD,VN,2008,99130304099.1274
NY.GDP.MKTP.CD,VN,2007,77414425532.2452
NY.GDP.MKTP.CD,VN,2006,66371664817.0436
NY.GDP.MKTP.CD,VN,2005,57633255738.1992
NY.GDP.MKTP.CD,VN,2004,45427854693.2554
NY.GDP.MKTP.CD,VN,2003,39552513231.9169
NY.GDP.MKTP.CD,VN,2002,35064105500.8344
NY.GDP.MKTP.CD,VN,2001,32685198808.5549
NY.GDP.MKTP.CD,VN,2000,31172518403.3162
NY.GDP.MKTP.CD,VN,1999,28683659006.7752
NY.GDP.MKTP.CD,VN,1998,27209602050.0452
NY.GDP.MKTP.CD,VN,1997,26843700441.5482
NY.GDP.MKTP.CD,VN,1996,24657470574.7501
NY.GDP.MKTP.CD,VN,1995,20736164458.9505
NY.GDP.MKTP.CD,VU,2023,1126313359.21923
NY.GDP.MKTP.CD,VU,2022,1022219297.50335
NY.GDP.MKTP.CD,VU,2021,950394006.532514
NY.GDP.MKTP.CD,VU,2020,909421043.508407
NY.GDP.MKTP.CD,VU,2019,936526267.622513
NY.GDP.MKTP.CD,VU,2018,914736985.430944
NY.GDP.MKTP.CD,VU,2017,880061833.690341
NY.GDP.MKTP.CD,VU,2016,780889605.899977
NY.GDP.MKTP.CD,VU,2015,730870802.967051
NY.GDP.MKTP.CD,VU,2014,772315983.81843
NY.GDP.MKTP.CD,VU,2013,758304466.245339
NY.GDP.MKTP.CD,VU,2012,747839697.746593
NY.GDP.MKTP.CD,VU,2011,770153588.218833
NY.GDP.MKTP.CD,VU,2010,670712979.682038
NY.GDP.MKTP.CD,VU,2009,592622319.145664
NY.GDP.MKTP.CD,VU,2008,590748429.401902
NY.GDP.MKTP.CD,VU,2007,516392922.513728
NY.GDP.MKTP.CD,VU,2006,439358586.535588
NY.GDP.MKTP.CD,VU,2005,394962433.029368
NY.GDP.MKTP.CD,VU,2004,364996869.129618
NY.GDP.MKTP.CD,VU,2003,314471413.001776
NY.GDP.MKTP.CD,VU,2002,262596535.549028
NY.GDP.MKTP.CD,VU,2001,257926881.72043
NY.GDP.MKTP.CD,VU,2000,272014627.835262
NY.GDP.MKTP.CD,VU,1999,268006972.690296
NY.GDP.MKTP.CD,VU,1998,262293410.708334
NY.GDP.MKTP.CD,VU,1997,272771209.113662
NY.GDP.MKTP.CD,VU,1996,261370044.486614
NY.GDP.MKTP.CD,VU,1995,249333250.082507
NY.GDP.MKTP.CD,WS,2023,934100336.275654
NY.GDP.MKTP.CD,WS,2022,832945205.637185
NY.GDP.MKTP.CD,WS,2021,843923638.733018
NY.GDP.MKTP.CD,WS,2020,868898358.266437
NY.GDP.MKTP.CD,WS,2019,912950466.064906
NY.GDP.MKTP.CD,WS,2018,878448433.404342
NY.GDP.MKTP.CD,WS,2017,884844384.463214
NY.GDP.MKTP.CD,WS,2016,843924796.697421
NY.GDP.MKTP.CD,WS,2015,824150498.653536
NY.GDP.MKTP.CD,WS,2014,796683519.593842
NY.GDP.MKTP.CD,WS,2013,797736334.281305
NY.GDP.MKTP.CD,WS,2012,773141661.165548
NY.GDP.MKTP.CD,WS,2011,744097050.169115
NY.GDP.MKTP.CD,WS,2010,680260907.153983
NY.GDP.MKTP.CD,WS,2009,628006115.424052
NY.GDP.MKTP.CD,WS,2008,641346191.664776
NY.GDP.MKTP.CD,WS,2007,573548459.833372
NY.GDP.MKTP.CD,WS,2006,499923757.780736
NY.GDP.MKTP.CD,WS,2005,476801793.159429
NY.GDP.MKTP.CD,WS,2004,407747565.096959
NY.GDP.MKTP.CD,WS,2003,333426188.41876
NY.GDP.MKTP.CD,WS,2002,281790134.211972
NY.GDP.MKTP.CD,WS,2001,266299591.479428
NY.GDP.MKTP.CD,WS,2000,258856139.798489
NY.GDP.MKTP.CD,WS,1999,255408060.259486
NY.GDP.MKTP.CD,WS,1998,269485244.15511
NY.GDP.MKTP.CD,WS,1997,285475591.89651
NY.GDP.MKTP.CD,WS,1996,249907868.772424
NY.GDP.MKTP.CD,WS,1995,224865731.381903
NY.GDP.MKTP.CD,YE,2023,None
NY.GDP.MKTP.CD,YE,2022,None
NY.GDP.MKTP.CD,YE,2021,None
NY.GDP.MKTP.CD,YE,2020,None
NY.GDP.MKTP.CD,YE,2019,None
NY.GDP.MKTP.CD,YE,2018,21606160663.0318
NY.GDP.MKTP.CD,YE,2017,26842229044.5848
NY.GDP.MKTP.CD,YE,2016,31317825274.1507
NY.GDP.MKTP.CD,YE,2015,42444490073.8555
NY.GDP.MKTP.CD,YE,2014,43228585321.3272
NY.GDP.MKTP.CD,YE,2013,40415233436.1767
NY.GDP.MKTP.CD,YE,2012,35401331609.5916
NY.GDP.MKTP.CD,YE,2011,32726417878.391
NY.GDP.MKTP.CD,YE,2010,30906749533.221
NY.GDP.MKTP.CD,YE,2009,25130278212.5575
NY.GDP.MKTP.CD,YE,2008,26910855807.288
NY.GDP.MKTP.CD,YE,2007,21650528674.0933
NY.GDP.MKTP.CD,YE,2006,19063143369.858
NY.GDP.MKTP.CD,YE,2005,16731566717.1888
NY.GDP.MKTP.CD,YE,2004,13867634371.4773
NY.GDP.MKTP.CD,YE,2003,11777532662.0499
NY.GDP.MKTP.CD,YE,2002,10693430511.4664
NY.GDP.MKTP.CD,YE,2001,9852990692.98714
NY.GDP.MKTP.CD,YE,2000,9679316770.18633
NY.GDP.MKTP.CD,YE,1999,7639325295.88287
NY.GDP.MKTP.CD,YE,1998,6322175565.94651
NY.GDP.MKTP.CD,YE,1997,6838298530.54911
NY.GDP.MKTP.CD,YE,1996,6496163615.66086
NY.GDP.MKTP.CD,YE,1995,12796345679.0123
NY.GDP.MKTP.CD,ZM,2023,28162630953.9285
NY.GDP.MKTP.CD,ZM,2022,29163782140.4858
NY.GDP.MKTP.CD,ZM,2021,22096416932.0089
NY.GDP.MKTP.CD,ZM,2020,18137764931.2808
NY.GDP.MKTP.CD,ZM,2019,23308667781.2258
NY.GDP.MKTP.CD,ZM,2018,26311507273.6735
NY.GDP.MKTP.CD,ZM,2017,25873601260.8353
NY.GDP.MKTP.CD,ZM,2016,20958412538.3093
NY.GDP.MKTP.CD,ZM,2015,21251216798.7762
NY.GDP.MKTP.CD,ZM,2014,27141023558.0829
NY.GDP.MKTP.CD,ZM,2013,28037239462.7142
NY.GDP.MKTP.CD,ZM,2012,25503060420.026
NY.GDP.MKTP.CD,ZM,2011,23459515275.5776
NY.GDP.MKTP.CD,ZM,2010,20265559483.8548
NY.GDP.MKTP.CD,ZM,2009,15328342303.9575
NY.GDP.MKTP.CD,ZM,2008,17910858637.9048
NY.GDP.MKTP.CD,ZM,2007,14056957976.2648
NY.GDP.MKTP.CD,ZM,2006,12756858899.2812
NY.GDP.MKTP.CD,ZM,2005,8331870169.14977
NY.GDP.MKTP.CD,ZM,2004,6221110219.45542
NY.GDP.MKTP.CD,ZM,2003,4901869764.05957
NY.GDP.MKTP.CD,ZM,2002,4193850445.42632
NY.GDP.MKTP.CD,ZM,2001,4094441301.21423
NY.GDP.MKTP.CD,ZM,2000,3600632111.41414
NY.GDP.MKTP.CD,ZM,1999,3404284890.5306
NY.GDP.MKTP.CD,ZM,1998,3537741941.89367
NY.GDP.MKTP.CD,ZM,1997,4303288479.7086
NY.GDP.MKTP.CD,ZM,1996,3597220962.00017
NY.GDP.MKTP.CD,ZM,1995,3806983413.16416
NY.GDP.MKTP.CD,ZW,2023,26538273498.8461
NY.GDP.MKTP.CD,ZW,2022,27366627153.0954
NY.GDP.MKTP.CD,ZW,2021,28371238665.5116
NY.GDP.MKTP.CD,ZW,2020,21509698406.1116
NY.GDP.MKTP.CD,ZW,2019,21832234925.5021
NY.GDP.MKTP.CD,ZW,2018,34156069918.0609
NY.GDP.MKTP.CD,ZW,2017,17584890936.6523
NY.GDP.MKTP.CD,ZW,2016,20548678100
NY.GDP.MKTP.CD,ZW,2015,19963120600
NY.GDP.MKTP.CD,ZW,2014,19495519600
NY.GDP.MKTP.CD,ZW,2013,19091020000
NY.GDP.MKTP.CD,ZW,2012,17114849900
NY.GDP.MKTP.CD,ZW,2011,14101920300
NY.GDP.MKTP.CD,ZW,2010,12041655200
NY.GDP.MKTP.CD,ZW,2009,9665793300
NY.GDP.MKTP.CD,ZW,2008,4415702800
NY.GDP.MKTP.CD,ZW,2007,5291950100
NY.GDP.MKTP.CD,ZW,2006,5443896500
NY.GDP.MKTP.CD,ZW,2005,5755215200
NY.GDP.MKTP.CD,ZW,2004,5805598400
NY.GDP.MKTP.CD,ZW,2003,5727591800
NY.GDP.MKTP.CD,ZW,2002,6342116400
NY.GDP.MKTP.CD,ZW,2001,6777384700
NY.GDP.MKTP.CD,ZW,2000,6689957600
NY.GDP.MKTP.CD,ZW,1999,6858013100
NY.GDP.MKTP.CD,ZW,1998,6401968200
NY.GDP.MKTP.CD,ZW,1997,8529571600
NY.GDP.MKTP.CD,ZW,1996,8553146600
NY.GDP.MKTP.CD,ZW,1995,7111270700
